<?xml version="1.0" encoding="utf-8"?>
<IPC-2581 xmlns:xsi="http://www.w3.org/2001/XMLSchema-instance" xmlns:xsd="http://www.w3.org/2001/XMLSchema" revision="B" xmlns="http://webstds.ipc.org/2581">
  <Content roleRef="Owner">
    <FunctionMode mode="USERDEF" level="1" />
    <StepRef name="CAL JIG" />
    <LayerRef name="Top Paste" />
    <LayerRef name="Top Overlay" />
    <LayerRef name="Top Solder" />
    <LayerRef name="Top Layer" />
    <LayerRef name="Dielectric 1" />
    <LayerRef name="Bottom Layer" />
    <LayerRef name="Bottom Solder" />
    <LayerRef name="Bottom Overlay" />
    <LayerRef name="Bottom Paste" />
    <LayerRef name="Keep-Out Layer" />
    <LayerRef name="Mechanical 1" />
    <LayerRef name="Mechanical 13" />
    <LayerRef name="Drill Drawing (Top Layer - Bottom Layer)" />
    <LayerRef name="Drill Guide (Top Layer - Bottom Layer)" />
    <BomRef name="BOM" />
    <DictionaryStandard units="MILLIMETER">
      <EntryStandard id="RECTANGLE_230000X180000">
        <RectCenter width="0.5842" height="0.4572" />
      </EntryStandard>
      <EntryStandard id="RECTANGLE_400000X430000">
        <RectCenter width="1.016" height="1.0922" />
      </EntryStandard>
      <EntryStandard id="RECTANGLE_380000X410000">
        <RectCenter width="0.9652" height="1.0414" />
      </EntryStandard>
      <EntryStandard id="RECTANGLE_150000X100000">
        <RectCenter width="0.381" height="0.254" />
      </EntryStandard>
      <EntryStandard id="RECTANGLE_300000X330000">
        <RectCenter width="0.762" height="0.8382" />
      </EntryStandard>
      <EntryStandard id="RECTANGLE_320000X350000">
        <RectCenter width="0.8128" height="0.889" />
      </EntryStandard>
    </DictionaryStandard>
    <DictionaryColor>
      <EntryColor id="LAYER_COLOR_Top Paste">
        <Color r="128" g="128" b="128" />
      </EntryColor>
      <EntryColor id="LAYER_COLOR_Top Overlay">
        <Color r="255" g="255" b="0" />
      </EntryColor>
      <EntryColor id="LAYER_COLOR_Top Solder">
        <Color r="128" g="0" b="128" />
      </EntryColor>
      <EntryColor id="LAYER_COLOR_Top Layer">
        <Color r="255" g="0" b="0" />
      </EntryColor>
      <EntryColor id="LAYER_COLOR_Dielectric 1">
        <Color r="255" g="0" b="0" />
      </EntryColor>
      <EntryColor id="LAYER_COLOR_Bottom Layer">
        <Color r="0" g="0" b="255" />
      </EntryColor>
      <EntryColor id="LAYER_COLOR_Bottom Solder">
        <Color r="255" g="0" b="255" />
      </EntryColor>
      <EntryColor id="LAYER_COLOR_Bottom Overlay">
        <Color r="128" g="128" b="0" />
      </EntryColor>
      <EntryColor id="LAYER_COLOR_Bottom Paste">
        <Color r="128" g="0" b="0" />
      </EntryColor>
      <EntryColor id="LAYER_COLOR_Keep-Out Layer">
        <Color r="255" g="0" b="255" />
      </EntryColor>
      <EntryColor id="LAYER_COLOR_Mechanical 1">
        <Color r="255" g="0" b="255" />
      </EntryColor>
      <EntryColor id="LAYER_COLOR_Mechanical 13">
        <Color r="255" g="0" b="255" />
      </EntryColor>
      <EntryColor id="LAYER_COLOR_Drill Drawing (Top Layer - Bottom Layer)">
        <Color r="255" g="0" b="42" />
      </EntryColor>
      <EntryColor id="LAYER_COLOR_Drill Guide (Top Layer - Bottom Layer)">
        <Color r="128" g="0" b="0" />
      </EntryColor>
    </DictionaryColor>
  </Content>
  <LogisticHeader>
    <Role id="Owner" roleFunction="ENGINEER" />
    <Enterprise id="Enterprise" code="UNKNOWN" />
    <Person name="Unknown" enterpriseRef="Enterprise" roleRef="Owner" />
  </LogisticHeader>
  <Bom name="BOM">
    <BomHeader assembly="Assembly" revision="Revision">
      <StepRef name="CAL JIG" />
    </BomHeader>
    <BomItem OEMDesignNumberRef="Misc.PcbLib:Net Tie" quantity="6" pinCount="2" category="ELECTRICAL" internalPartNumber="Net Tie 10mil" description="Tying two nets / To connect two nets easily">
      <RefDes name="NT5" packageRef="Net Tie 10mil" layerRef="Top Layer" />
      <RefDes name="NT6" packageRef="Net Tie 10mil" layerRef="Top Layer" />
      <RefDes name="NT4" packageRef="Net Tie 10mil" layerRef="Top Layer" />
      <RefDes name="NT3" packageRef="Net Tie 10mil" layerRef="Top Layer" />
      <RefDes name="NT2" packageRef="Net Tie 10mil" layerRef="Top Layer" />
      <RefDes name="NT1" packageRef="Net Tie 10mil" layerRef="Top Layer" />
      <Characteristics category="ELECTRICAL" />
    </BomItem>
    <BomItem OEMDesignNumberRef="Resistors.PcbLib:1K 0603" quantity="3" pinCount="2" category="ELECTRICAL" internalPartNumber="0603-RES" description="RES SMD 1K OHM 1% 1/10W 0603">
      <RefDes name="R3" packageRef="0603-RES" layerRef="Top Layer" />
      <RefDes name="R2" packageRef="0603-RES" layerRef="Top Layer" />
      <RefDes name="R1" packageRef="0603-RES" layerRef="Top Layer" />
      <Characteristics category="ELECTRICAL" />
    </BomItem>
    <BomItem OEMDesignNumberRef="Capacitors.PcbLib:CC0603JRNPO9BN471" quantity="1" pinCount="2" category="ELECTRICAL" internalPartNumber="0603-CAP" description="CAP CER 470PF 50V NPO 0603">
      <RefDes name="C1" packageRef="0603-CAP" layerRef="Top Layer" />
      <Characteristics category="ELECTRICAL" />
    </BomItem>
  </Bom>
  <Ecad name="output PCB cad-data">
    <CadHeader units="MILLIMETER">
      <Spec name="Top Paste">
        <General type="MATERIAL" />
      </Spec>
      <Spec name="Top Overlay">
        <General type="MATERIAL" />
      </Spec>
      <Spec name="Top Solder">
        <General type="MATERIAL">
          <Property text="Solder Resist" />
        </General>
      </Spec>
      <Spec name="Top Layer">
        <General type="MATERIAL">
          <Property text="Copper" />
        </General>
      </Spec>
      <Spec name="Dielectric 1">
        <General type="MATERIAL">
          <Property text="FR-4" />
        </General>
      </Spec>
      <Spec name="Bottom Layer">
        <General type="MATERIAL">
          <Property text="Copper" />
        </General>
      </Spec>
      <Spec name="Bottom Solder">
        <General type="MATERIAL">
          <Property text="Solder Resist" />
        </General>
      </Spec>
      <Spec name="Bottom Overlay">
        <General type="MATERIAL" />
      </Spec>
      <Spec name="Bottom Paste">
        <General type="MATERIAL" />
      </Spec>
      <Spec name="Keep-Out Layer">
        <General type="MATERIAL" />
      </Spec>
      <Spec name="Mechanical 1">
        <General type="MATERIAL" />
      </Spec>
      <Spec name="Mechanical 13">
        <General type="MATERIAL" />
      </Spec>
      <Spec name="Drill Drawing (Top Layer - Bottom Layer)">
        <General type="MATERIAL">
          <Property text="undefined" />
        </General>
      </Spec>
      <Spec name="Drill Guide (Top Layer - Bottom Layer)">
        <General type="MATERIAL">
          <Property text="undefined" />
        </General>
      </Spec>
    </CadHeader>
    <CadData>
      <Layer name="Top Paste" layerFunction="PASTEMASK" side="TOP" polarity="POSITIVE" />
      <Layer name="Top Overlay" layerFunction="LEGEND" side="TOP" polarity="POSITIVE" />
      <Layer name="Top Solder" layerFunction="SOLDERMASK" side="TOP" polarity="POSITIVE" />
      <Layer name="Top Layer" layerFunction="SIGNAL" side="TOP" polarity="POSITIVE" />
      <Layer name="Dielectric 1" layerFunction="DIELCORE" side="NONE" polarity="POSITIVE" />
      <Layer name="Bottom Layer" layerFunction="SIGNAL" side="BOTTOM" polarity="POSITIVE" />
      <Layer name="Bottom Solder" layerFunction="SOLDERMASK" side="BOTTOM" polarity="POSITIVE" />
      <Layer name="Bottom Overlay" layerFunction="LEGEND" side="BOTTOM" polarity="POSITIVE" />
      <Layer name="Bottom Paste" layerFunction="PASTEMASK" side="BOTTOM" polarity="POSITIVE" />
      <Layer name="Keep-Out Layer" layerFunction="DOCUMENT" side="INTERNAL" polarity="POSITIVE" />
      <Layer name="Mechanical 1" layerFunction="DOCUMENT" side="INTERNAL" polarity="POSITIVE" />
      <Layer name="Mechanical 13" layerFunction="DOCUMENT" side="INTERNAL" polarity="POSITIVE" />
      <Layer name="Drill Drawing (Top Layer - Bottom Layer)" layerFunction="DOCUMENT" side="INTERNAL" polarity="POSITIVE" />
      <Layer name="Drill Guide (Top Layer - Bottom Layer)" layerFunction="DRILL" side="INTERNAL" polarity="POSITIVE" />
      <Stackup name="Stackup" overallThickness="0.41148" tolPlus="0" tolMinus="0" whereMeasured="OTHER">
        <StackupGroup name="CAL JIG_AllStackupLayers" thickness="0.41148" tolPlus="0" tolMinus="0">
          <StackupLayer layerOrGroupRef="Top Paste" thickness="0" tolPlus="0" tolMinus="0" sequence="1">
            <SpecRef id="Top Paste" />
          </StackupLayer>
          <StackupLayer layerOrGroupRef="Top Overlay" thickness="0" tolPlus="0" tolMinus="0" sequence="2">
            <SpecRef id="Top Overlay" />
          </StackupLayer>
          <StackupLayer layerOrGroupRef="Top Solder" thickness="0.01016" tolPlus="0" tolMinus="0" sequence="3">
            <SpecRef id="Top Solder" />
          </StackupLayer>
          <StackupLayer layerOrGroupRef="Top Layer" thickness="0.03556" tolPlus="0" tolMinus="0" sequence="4">
            <SpecRef id="Top Layer" />
          </StackupLayer>
          <StackupLayer layerOrGroupRef="Dielectric 1" thickness="0.32004" tolPlus="0" tolMinus="0" sequence="5">
            <SpecRef id="Dielectric 1" />
          </StackupLayer>
          <StackupLayer layerOrGroupRef="Bottom Layer" thickness="0.03556" tolPlus="0" tolMinus="0" sequence="6">
            <SpecRef id="Bottom Layer" />
          </StackupLayer>
          <StackupLayer layerOrGroupRef="Bottom Solder" thickness="0.01016" tolPlus="0" tolMinus="0" sequence="7">
            <SpecRef id="Bottom Solder" />
          </StackupLayer>
          <StackupLayer layerOrGroupRef="Bottom Overlay" thickness="0" tolPlus="0" tolMinus="0" sequence="8">
            <SpecRef id="Bottom Overlay" />
          </StackupLayer>
          <StackupLayer layerOrGroupRef="Bottom Paste" thickness="0" tolPlus="0" tolMinus="0" sequence="9">
            <SpecRef id="Bottom Paste" />
          </StackupLayer>
          <StackupLayer layerOrGroupRef="Keep-Out Layer" thickness="0" tolPlus="0" tolMinus="0" sequence="10">
            <SpecRef id="Keep-Out Layer" />
          </StackupLayer>
          <StackupLayer layerOrGroupRef="Mechanical 1" thickness="0" tolPlus="0" tolMinus="0" sequence="11">
            <SpecRef id="Mechanical 1" />
          </StackupLayer>
          <StackupLayer layerOrGroupRef="Mechanical 13" thickness="0" tolPlus="0" tolMinus="0" sequence="12">
            <SpecRef id="Mechanical 13" />
          </StackupLayer>
          <StackupLayer layerOrGroupRef="Drill Drawing (Top Layer - Bottom Layer)" thickness="0" tolPlus="0" tolMinus="0" sequence="13">
            <SpecRef id="Drill Drawing (Top Layer - Bottom Layer)" />
          </StackupLayer>
          <StackupLayer layerOrGroupRef="Drill Guide (Top Layer - Bottom Layer)" thickness="0" tolPlus="0" tolMinus="0" sequence="14">
            <SpecRef id="Drill Guide (Top Layer - Bottom Layer)" />
          </StackupLayer>
        </StackupGroup>
      </Stackup>
      <Step name="CAL JIG">
        <Datum x="25.3" y="26.8" />
        <Profile>
          <Polygon>
            <PolyBegin x="25.3" y="26.8" />
            <PolyStepSegment x="175.3" y="26.8" />
            <PolyStepSegment x="175.3" y="136.800001" />
            <PolyStepSegment x="25.3" y="136.800001" />
            <PolyStepSegment x="25.3" y="26.8" />
          </Polygon>
        </Profile>
        <PadStack net="EXC_1_NEG">
          <LayerPad layerRef="Top Paste">
            <Xform />
            <Location x="137.9858" y="118.799999" />
            <StandardPrimitiveRef id="RECTANGLE_150000X100000" />
            <PinRef componentRef="NT2" pin="2" />
          </LayerPad>
          <LayerPad layerRef="Top Solder">
            <Xform />
            <Location x="137.9858" y="118.799999" />
            <StandardPrimitiveRef id="RECTANGLE_230000X180000" />
            <PinRef componentRef="NT2" pin="2" />
          </LayerPad>
          <LayerPad layerRef="Top Layer">
            <Xform />
            <Location x="137.9858" y="118.799999" />
            <StandardPrimitiveRef id="RECTANGLE_150000X100000" />
            <PinRef componentRef="NT2" pin="2" />
          </LayerPad>
        </PadStack>
        <PadStack net="SNS_1_NEG">
          <LayerPad layerRef="Top Paste">
            <Xform />
            <Location x="137.3" y="118.799999" />
            <StandardPrimitiveRef id="RECTANGLE_150000X100000" />
            <PinRef componentRef="NT2" pin="1" />
          </LayerPad>
          <LayerPad layerRef="Top Solder">
            <Xform />
            <Location x="137.3" y="118.799999" />
            <StandardPrimitiveRef id="RECTANGLE_230000X180000" />
            <PinRef componentRef="NT2" pin="1" />
          </LayerPad>
          <LayerPad layerRef="Top Layer">
            <Xform />
            <Location x="137.3" y="118.799999" />
            <StandardPrimitiveRef id="RECTANGLE_150000X100000" />
            <PinRef componentRef="NT2" pin="1" />
          </LayerPad>
        </PadStack>
        <PadStack net="SNS_3_NEG">
          <LayerPad layerRef="Top Paste">
            <Xform />
            <Location x="101.224001" y="42.800001" />
            <StandardPrimitiveRef id="RECTANGLE_300000X330000" />
            <PinRef componentRef="C1" pin="2" />
          </LayerPad>
          <LayerPad layerRef="Top Solder">
            <Xform />
            <Location x="101.224001" y="42.800001" />
            <StandardPrimitiveRef id="RECTANGLE_380000X410000" />
            <PinRef componentRef="C1" pin="2" />
          </LayerPad>
          <LayerPad layerRef="Top Layer">
            <Xform />
            <Location x="101.224001" y="42.800001" />
            <StandardPrimitiveRef id="RECTANGLE_300000X330000" />
            <PinRef componentRef="C1" pin="2" />
          </LayerPad>
        </PadStack>
        <PadStack net="SNS_3_POS">
          <LayerPad layerRef="Top Paste">
            <Xform />
            <Location x="99.700001" y="42.800001" />
            <StandardPrimitiveRef id="RECTANGLE_300000X330000" />
            <PinRef componentRef="C1" pin="1" />
          </LayerPad>
          <LayerPad layerRef="Top Solder">
            <Xform />
            <Location x="99.700001" y="42.800001" />
            <StandardPrimitiveRef id="RECTANGLE_380000X410000" />
            <PinRef componentRef="C1" pin="1" />
          </LayerPad>
          <LayerPad layerRef="Top Layer">
            <Xform />
            <Location x="99.700001" y="42.800001" />
            <StandardPrimitiveRef id="RECTANGLE_300000X330000" />
            <PinRef componentRef="C1" pin="1" />
          </LayerPad>
        </PadStack>
        <PadStack net="SNS_3_POS">
          <LayerPad layerRef="Top Paste">
            <Xform />
            <Location x="99.4872" y="50.498403" />
            <StandardPrimitiveRef id="RECTANGLE_320000X350000" />
            <PinRef componentRef="R3" pin="1" />
          </LayerPad>
          <LayerPad layerRef="Top Solder">
            <Xform />
            <Location x="99.4872" y="50.498403" />
            <StandardPrimitiveRef id="RECTANGLE_400000X430000" />
            <PinRef componentRef="R3" pin="1" />
          </LayerPad>
          <LayerPad layerRef="Top Layer">
            <Xform />
            <Location x="99.4872" y="50.498403" />
            <StandardPrimitiveRef id="RECTANGLE_320000X350000" />
            <PinRef componentRef="R3" pin="1" />
          </LayerPad>
        </PadStack>
        <PadStack net="SNS_3_NEG">
          <LayerPad layerRef="Top Paste">
            <Xform />
            <Location x="101.1128" y="50.498403" />
            <StandardPrimitiveRef id="RECTANGLE_320000X350000" />
            <PinRef componentRef="R3" pin="2" />
          </LayerPad>
          <LayerPad layerRef="Top Solder">
            <Xform />
            <Location x="101.1128" y="50.498403" />
            <StandardPrimitiveRef id="RECTANGLE_400000X430000" />
            <PinRef componentRef="R3" pin="2" />
          </LayerPad>
          <LayerPad layerRef="Top Layer">
            <Xform />
            <Location x="101.1128" y="50.498403" />
            <StandardPrimitiveRef id="RECTANGLE_320000X350000" />
            <PinRef componentRef="R3" pin="2" />
          </LayerPad>
        </PadStack>
        <PadStack net="EXC_3_NEG">
          <LayerPad layerRef="Top Paste">
            <Xform />
            <Location x="137.9858" y="46.8" />
            <StandardPrimitiveRef id="RECTANGLE_150000X100000" />
            <PinRef componentRef="NT6" pin="2" />
          </LayerPad>
          <LayerPad layerRef="Top Solder">
            <Xform />
            <Location x="137.9858" y="46.8" />
            <StandardPrimitiveRef id="RECTANGLE_230000X180000" />
            <PinRef componentRef="NT6" pin="2" />
          </LayerPad>
          <LayerPad layerRef="Top Layer">
            <Xform />
            <Location x="137.9858" y="46.8" />
            <StandardPrimitiveRef id="RECTANGLE_150000X100000" />
            <PinRef componentRef="NT6" pin="2" />
          </LayerPad>
        </PadStack>
        <PadStack net="SNS_3_NEG">
          <LayerPad layerRef="Top Paste">
            <Xform />
            <Location x="137.3" y="46.8" />
            <StandardPrimitiveRef id="RECTANGLE_150000X100000" />
            <PinRef componentRef="NT6" pin="1" />
          </LayerPad>
          <LayerPad layerRef="Top Solder">
            <Xform />
            <Location x="137.3" y="46.8" />
            <StandardPrimitiveRef id="RECTANGLE_230000X180000" />
            <PinRef componentRef="NT6" pin="1" />
          </LayerPad>
          <LayerPad layerRef="Top Layer">
            <Xform />
            <Location x="137.3" y="46.8" />
            <StandardPrimitiveRef id="RECTANGLE_150000X100000" />
            <PinRef componentRef="NT6" pin="1" />
          </LayerPad>
        </PadStack>
        <PadStack net="EXC_3_POS">
          <LayerPad layerRef="Top Paste">
            <Xform />
            <Location x="63.3" y="46.8" />
            <StandardPrimitiveRef id="RECTANGLE_150000X100000" />
            <PinRef componentRef="NT5" pin="1" />
          </LayerPad>
          <LayerPad layerRef="Top Solder">
            <Xform />
            <Location x="63.3" y="46.8" />
            <StandardPrimitiveRef id="RECTANGLE_230000X180000" />
            <PinRef componentRef="NT5" pin="1" />
          </LayerPad>
          <LayerPad layerRef="Top Layer">
            <Xform />
            <Location x="63.3" y="46.8" />
            <StandardPrimitiveRef id="RECTANGLE_150000X100000" />
            <PinRef componentRef="NT5" pin="1" />
          </LayerPad>
        </PadStack>
        <PadStack net="SNS_3_POS">
          <LayerPad layerRef="Top Paste">
            <Xform />
            <Location x="63.9858" y="46.8" />
            <StandardPrimitiveRef id="RECTANGLE_150000X100000" />
            <PinRef componentRef="NT5" pin="2" />
          </LayerPad>
          <LayerPad layerRef="Top Solder">
            <Xform />
            <Location x="63.9858" y="46.8" />
            <StandardPrimitiveRef id="RECTANGLE_230000X180000" />
            <PinRef componentRef="NT5" pin="2" />
          </LayerPad>
          <LayerPad layerRef="Top Layer">
            <Xform />
            <Location x="63.9858" y="46.8" />
            <StandardPrimitiveRef id="RECTANGLE_150000X100000" />
            <PinRef componentRef="NT5" pin="2" />
          </LayerPad>
        </PadStack>
        <PadStack net="SNS_1_NEG">
          <LayerPad layerRef="Top Paste">
            <Xform />
            <Location x="101.1128" y="118.799999" />
            <StandardPrimitiveRef id="RECTANGLE_320000X350000" />
            <PinRef componentRef="R1" pin="2" />
          </LayerPad>
          <LayerPad layerRef="Top Solder">
            <Xform />
            <Location x="101.1128" y="118.799999" />
            <StandardPrimitiveRef id="RECTANGLE_400000X430000" />
            <PinRef componentRef="R1" pin="2" />
          </LayerPad>
          <LayerPad layerRef="Top Layer">
            <Xform />
            <Location x="101.1128" y="118.799999" />
            <StandardPrimitiveRef id="RECTANGLE_320000X350000" />
            <PinRef componentRef="R1" pin="2" />
          </LayerPad>
        </PadStack>
        <PadStack net="SNS_1_POS">
          <LayerPad layerRef="Top Paste">
            <Xform />
            <Location x="99.4872" y="118.799999" />
            <StandardPrimitiveRef id="RECTANGLE_320000X350000" />
            <PinRef componentRef="R1" pin="1" />
          </LayerPad>
          <LayerPad layerRef="Top Solder">
            <Xform />
            <Location x="99.4872" y="118.799999" />
            <StandardPrimitiveRef id="RECTANGLE_400000X430000" />
            <PinRef componentRef="R1" pin="1" />
          </LayerPad>
          <LayerPad layerRef="Top Layer">
            <Xform />
            <Location x="99.4872" y="118.799999" />
            <StandardPrimitiveRef id="RECTANGLE_320000X350000" />
            <PinRef componentRef="R1" pin="1" />
          </LayerPad>
        </PadStack>
        <PadStack net="EXC_1_POS">
          <LayerPad layerRef="Top Paste">
            <Xform />
            <Location x="63.3" y="118.799999" />
            <StandardPrimitiveRef id="RECTANGLE_150000X100000" />
            <PinRef componentRef="NT1" pin="1" />
          </LayerPad>
          <LayerPad layerRef="Top Solder">
            <Xform />
            <Location x="63.3" y="118.799999" />
            <StandardPrimitiveRef id="RECTANGLE_230000X180000" />
            <PinRef componentRef="NT1" pin="1" />
          </LayerPad>
          <LayerPad layerRef="Top Layer">
            <Xform />
            <Location x="63.3" y="118.799999" />
            <StandardPrimitiveRef id="RECTANGLE_150000X100000" />
            <PinRef componentRef="NT1" pin="1" />
          </LayerPad>
        </PadStack>
        <PadStack net="SNS_1_POS">
          <LayerPad layerRef="Top Paste">
            <Xform />
            <Location x="63.9858" y="118.799999" />
            <StandardPrimitiveRef id="RECTANGLE_150000X100000" />
            <PinRef componentRef="NT1" pin="2" />
          </LayerPad>
          <LayerPad layerRef="Top Solder">
            <Xform />
            <Location x="63.9858" y="118.799999" />
            <StandardPrimitiveRef id="RECTANGLE_230000X180000" />
            <PinRef componentRef="NT1" pin="2" />
          </LayerPad>
          <LayerPad layerRef="Top Layer">
            <Xform />
            <Location x="63.9858" y="118.799999" />
            <StandardPrimitiveRef id="RECTANGLE_150000X100000" />
            <PinRef componentRef="NT1" pin="2" />
          </LayerPad>
        </PadStack>
        <PadStack net="SNS_2_NEG">
          <LayerPad layerRef="Top Paste">
            <Xform />
            <Location x="101.1128" y="82.8" />
            <StandardPrimitiveRef id="RECTANGLE_320000X350000" />
            <PinRef componentRef="R2" pin="2" />
          </LayerPad>
          <LayerPad layerRef="Top Solder">
            <Xform />
            <Location x="101.1128" y="82.8" />
            <StandardPrimitiveRef id="RECTANGLE_400000X430000" />
            <PinRef componentRef="R2" pin="2" />
          </LayerPad>
          <LayerPad layerRef="Top Layer">
            <Xform />
            <Location x="101.1128" y="82.8" />
            <StandardPrimitiveRef id="RECTANGLE_320000X350000" />
            <PinRef componentRef="R2" pin="2" />
          </LayerPad>
        </PadStack>
        <PadStack net="SNS_2_POS">
          <LayerPad layerRef="Top Paste">
            <Xform />
            <Location x="99.4872" y="82.8" />
            <StandardPrimitiveRef id="RECTANGLE_320000X350000" />
            <PinRef componentRef="R2" pin="1" />
          </LayerPad>
          <LayerPad layerRef="Top Solder">
            <Xform />
            <Location x="99.4872" y="82.8" />
            <StandardPrimitiveRef id="RECTANGLE_400000X430000" />
            <PinRef componentRef="R2" pin="1" />
          </LayerPad>
          <LayerPad layerRef="Top Layer">
            <Xform />
            <Location x="99.4872" y="82.8" />
            <StandardPrimitiveRef id="RECTANGLE_320000X350000" />
            <PinRef componentRef="R2" pin="1" />
          </LayerPad>
        </PadStack>
        <PadStack net="SNS_2_NEG">
          <LayerPad layerRef="Top Paste">
            <Xform />
            <Location x="137.3" y="82.8" />
            <StandardPrimitiveRef id="RECTANGLE_150000X100000" />
            <PinRef componentRef="NT4" pin="1" />
          </LayerPad>
          <LayerPad layerRef="Top Solder">
            <Xform />
            <Location x="137.3" y="82.8" />
            <StandardPrimitiveRef id="RECTANGLE_230000X180000" />
            <PinRef componentRef="NT4" pin="1" />
          </LayerPad>
          <LayerPad layerRef="Top Layer">
            <Xform />
            <Location x="137.3" y="82.8" />
            <StandardPrimitiveRef id="RECTANGLE_150000X100000" />
            <PinRef componentRef="NT4" pin="1" />
          </LayerPad>
        </PadStack>
        <PadStack net="EXC_2_NEG">
          <LayerPad layerRef="Top Paste">
            <Xform />
            <Location x="137.9858" y="82.8" />
            <StandardPrimitiveRef id="RECTANGLE_150000X100000" />
            <PinRef componentRef="NT4" pin="2" />
          </LayerPad>
          <LayerPad layerRef="Top Solder">
            <Xform />
            <Location x="137.9858" y="82.8" />
            <StandardPrimitiveRef id="RECTANGLE_230000X180000" />
            <PinRef componentRef="NT4" pin="2" />
          </LayerPad>
          <LayerPad layerRef="Top Layer">
            <Xform />
            <Location x="137.9858" y="82.8" />
            <StandardPrimitiveRef id="RECTANGLE_150000X100000" />
            <PinRef componentRef="NT4" pin="2" />
          </LayerPad>
        </PadStack>
        <PadStack net="EXC_2_POS">
          <LayerPad layerRef="Top Paste">
            <Xform />
            <Location x="63.3" y="82.8" />
            <StandardPrimitiveRef id="RECTANGLE_150000X100000" />
            <PinRef componentRef="NT3" pin="1" />
          </LayerPad>
          <LayerPad layerRef="Top Solder">
            <Xform />
            <Location x="63.3" y="82.8" />
            <StandardPrimitiveRef id="RECTANGLE_230000X180000" />
            <PinRef componentRef="NT3" pin="1" />
          </LayerPad>
          <LayerPad layerRef="Top Layer">
            <Xform />
            <Location x="63.3" y="82.8" />
            <StandardPrimitiveRef id="RECTANGLE_150000X100000" />
            <PinRef componentRef="NT3" pin="1" />
          </LayerPad>
        </PadStack>
        <PadStack net="SNS_2_POS">
          <LayerPad layerRef="Top Paste">
            <Xform />
            <Location x="63.9858" y="82.8" />
            <StandardPrimitiveRef id="RECTANGLE_150000X100000" />
            <PinRef componentRef="NT3" pin="2" />
          </LayerPad>
          <LayerPad layerRef="Top Solder">
            <Xform />
            <Location x="63.9858" y="82.8" />
            <StandardPrimitiveRef id="RECTANGLE_230000X180000" />
            <PinRef componentRef="NT3" pin="2" />
          </LayerPad>
          <LayerPad layerRef="Top Layer">
            <Xform />
            <Location x="63.9858" y="82.8" />
            <StandardPrimitiveRef id="RECTANGLE_150000X100000" />
            <PinRef componentRef="NT3" pin="2" />
          </LayerPad>
        </PadStack>
        <Package name="Net Tie 10mil" type="OTHER" pinOneOrientation="LOWER_LEFT" height="1.749999">
          <Outline>
            <Polygon>
              <PolyBegin x="-0.2921" y="-0.2286" />
              <PolyStepSegment x="-0.2921" y="0.2286" />
              <PolyStepSegment x="0.2921" y="0.2286" />
              <PolyStepSegment x="0.2921" y="-0.2286" />
              <PolyStepSegment x="-0.2921" y="-0.2286" />
            </Polygon>
            <LineDesc lineEnd="NONE" lineWidth="0" lineProperty="SOLID" />
          </Outline>
          <Pin number="1" name="1" type="SURFACE" electricalType="ELECTRICAL" mountType="SURFACE_MOUNT_PIN">
            <Location x="0" y="0" />
            <StandardPrimitiveRef id="RECTANGLE_230000X180000" />
          </Pin>
          <Pin number="2" name="2" type="SURFACE" electricalType="ELECTRICAL" mountType="SURFACE_MOUNT_PIN">
            <Location x="0.6858" y="0" />
            <StandardPrimitiveRef id="RECTANGLE_230000X180000" />
          </Pin>
        </Package>
        <Package name="0603-RES" type="OTHER" pinOneOrientation="LOWER_LEFT" height="0.549999">
          <Outline>
            <Polygon>
              <PolyBegin x="-0.851586" y="-0.449966" />
              <PolyStepSegment x="0.848385" y="-0.449966" />
              <PolyStepSegment x="0.848385" y="0.449966" />
              <PolyStepSegment x="-0.851586" y="0.449966" />
              <PolyStepSegment x="-0.851586" y="-0.449966" />
            </Polygon>
            <LineDesc lineEnd="NONE" lineWidth="0" lineProperty="SOLID" />
          </Outline>
          <Pin number="1" name="1" type="SURFACE" electricalType="ELECTRICAL" mountType="SURFACE_MOUNT_PIN">
            <Location x="-0.8128" y="0" />
            <StandardPrimitiveRef id="RECTANGLE_400000X430000" />
          </Pin>
          <Pin number="2" name="2" type="SURFACE" electricalType="ELECTRICAL" mountType="SURFACE_MOUNT_PIN">
            <Location x="0.8128" y="0" />
            <StandardPrimitiveRef id="RECTANGLE_400000X430000" />
          </Pin>
        </Package>
        <Package name="0603-CAP" type="OTHER" pinOneOrientation="LOWER_LEFT" height="0.800001">
          <Outline>
            <Polygon>
              <PolyBegin x="-0.037998" y="-0.399959" />
              <PolyStepSegment x="1.561998" y="-0.399959" />
              <PolyStepSegment x="1.561998" y="0.399999" />
              <PolyStepSegment x="-0.037998" y="0.399999" />
              <PolyStepSegment x="-0.037998" y="-0.399959" />
            </Polygon>
            <LineDesc lineEnd="NONE" lineWidth="0" lineProperty="SOLID" />
          </Outline>
          <Pin number="2" name="2" type="SURFACE" electricalType="ELECTRICAL" mountType="SURFACE_MOUNT_PIN">
            <Location x="1.524" y="0" />
            <StandardPrimitiveRef id="RECTANGLE_380000X410000" />
          </Pin>
          <Pin number="1" name="1" type="SURFACE" electricalType="ELECTRICAL" mountType="SURFACE_MOUNT_PIN">
            <Location x="0" y="0" />
            <StandardPrimitiveRef id="RECTANGLE_380000X410000" />
          </Pin>
        </Package>
        <Component refDes="NT5" packageRef="Net Tie 10mil" part="Net Tie 10mil" layerRef="Top Layer" mountType="OTHER" weight="0" height="1.749999" standoff="0">
          <Xform />
          <Location x="63.3" y="46.8" />
        </Component>
        <Component refDes="R3" packageRef="0603-RES" part="0603-RES" layerRef="Top Layer" mountType="OTHER" weight="0" height="0.549999" standoff="0">
          <Xform />
          <Location x="100.3" y="50.498403" />
        </Component>
        <Component refDes="R2" packageRef="0603-RES" part="0603-RES" layerRef="Top Layer" mountType="OTHER" weight="0" height="0.549999" standoff="0">
          <Xform />
          <Location x="100.3" y="82.8" />
        </Component>
        <Component refDes="R1" packageRef="0603-RES" part="0603-RES" layerRef="Top Layer" mountType="OTHER" weight="0" height="0.549999" standoff="0">
          <Xform />
          <Location x="100.3" y="118.799999" />
        </Component>
        <Component refDes="NT6" packageRef="Net Tie 10mil" part="Net Tie 10mil" layerRef="Top Layer" mountType="OTHER" weight="0" height="1.749999" standoff="0">
          <Xform />
          <Location x="137.3" y="46.8" />
        </Component>
        <Component refDes="NT4" packageRef="Net Tie 10mil" part="Net Tie 10mil" layerRef="Top Layer" mountType="OTHER" weight="0" height="1.749999" standoff="0">
          <Xform />
          <Location x="137.3" y="82.8" />
        </Component>
        <Component refDes="NT3" packageRef="Net Tie 10mil" part="Net Tie 10mil" layerRef="Top Layer" mountType="OTHER" weight="0" height="1.749999" standoff="0">
          <Xform />
          <Location x="63.3" y="82.8" />
        </Component>
        <Component refDes="NT2" packageRef="Net Tie 10mil" part="Net Tie 10mil" layerRef="Top Layer" mountType="OTHER" weight="0" height="1.749999" standoff="0">
          <Xform />
          <Location x="137.3" y="118.799999" />
        </Component>
        <Component refDes="NT1" packageRef="Net Tie 10mil" part="Net Tie 10mil" layerRef="Top Layer" mountType="OTHER" weight="0" height="1.749999" standoff="0">
          <Xform />
          <Location x="63.3" y="118.799999" />
        </Component>
        <Component refDes="C1" packageRef="0603-CAP" part="0603-CAP" layerRef="Top Layer" mountType="OTHER" weight="0" height="0.800001" standoff="0">
          <Xform />
          <Location x="99.700001" y="42.800001" />
        </Component>
        <LayerFeature layerRef="Top Paste">
          <Set>
            <ColorRef id="LAYER_COLOR_Top Paste" />
          </Set>
        </LayerFeature>
        <LayerFeature layerRef="Top Overlay">
          <Set>
            <ColorRef id="LAYER_COLOR_Top Overlay" />
          </Set>
          <Set net="No Net">
            <Features>
              <UserSpecial>
                <Line startX="101.757401" startY="42.225001" endX="101.757401" endY="43.375001">
                  <LineDesc lineEnd="ROUND" lineWidth="0.1" lineProperty="SOLID" />
                </Line>
                <Line startX="99.166601" startY="42.225001" endX="99.166601" endY="43.375001">
                  <LineDesc lineEnd="ROUND" lineWidth="0.1" lineProperty="SOLID" />
                </Line>
                <Line startX="101.012803" startY="43.375001" endX="101.757401" endY="43.375001">
                  <LineDesc lineEnd="ROUND" lineWidth="0.1" lineProperty="SOLID" />
                </Line>
                <Line startX="101.012803" startY="42.225001" endX="101.757401" endY="42.225001">
                  <LineDesc lineEnd="ROUND" lineWidth="0.1" lineProperty="SOLID" />
                </Line>
                <Line startX="99.166601" startY="42.225001" endX="100.012802" endY="42.225001">
                  <LineDesc lineEnd="ROUND" lineWidth="0.1" lineProperty="SOLID" />
                </Line>
                <Line startX="99.166601" startY="43.375001" endX="100.012802" endY="43.375001">
                  <LineDesc lineEnd="ROUND" lineWidth="0.1" lineProperty="SOLID" />
                </Line>
                <Line startX="99.000003" startY="51.098402" endX="99.800001" endY="51.098402">
                  <LineDesc lineEnd="ROUND" lineWidth="0.1" lineProperty="SOLID" />
                </Line>
                <Line startX="99.000003" startY="49.898404" endX="99.800001" endY="49.898404">
                  <LineDesc lineEnd="ROUND" lineWidth="0.1" lineProperty="SOLID" />
                </Line>
                <Line startX="100.800002" startY="49.898404" endX="101.600003" endY="49.898404">
                  <LineDesc lineEnd="ROUND" lineWidth="0.1" lineProperty="SOLID" />
                </Line>
                <Line startX="100.800002" startY="51.098402" endX="101.600003" endY="51.098402">
                  <LineDesc lineEnd="ROUND" lineWidth="0.1" lineProperty="SOLID" />
                </Line>
                <Line startX="99.000003" startY="49.898404" endX="99.000003" endY="51.098402">
                  <LineDesc lineEnd="ROUND" lineWidth="0.1" lineProperty="SOLID" />
                </Line>
                <Line startX="101.600003" startY="49.898404" endX="101.600003" endY="51.098402">
                  <LineDesc lineEnd="ROUND" lineWidth="0.1" lineProperty="SOLID" />
                </Line>
                <Line startX="101.600003" startY="118.2" endX="101.600003" endY="119.399997">
                  <LineDesc lineEnd="ROUND" lineWidth="0.1" lineProperty="SOLID" />
                </Line>
                <Line startX="99.000003" startY="118.2" endX="99.000003" endY="119.399997">
                  <LineDesc lineEnd="ROUND" lineWidth="0.1" lineProperty="SOLID" />
                </Line>
                <Line startX="100.800002" startY="119.399997" endX="101.600003" endY="119.399997">
                  <LineDesc lineEnd="ROUND" lineWidth="0.1" lineProperty="SOLID" />
                </Line>
                <Line startX="100.800002" startY="118.2" endX="101.600003" endY="118.2">
                  <LineDesc lineEnd="ROUND" lineWidth="0.1" lineProperty="SOLID" />
                </Line>
                <Line startX="99.000003" startY="118.2" endX="99.800001" endY="118.2">
                  <LineDesc lineEnd="ROUND" lineWidth="0.1" lineProperty="SOLID" />
                </Line>
                <Line startX="99.000003" startY="119.399997" endX="99.800001" endY="119.399997">
                  <LineDesc lineEnd="ROUND" lineWidth="0.1" lineProperty="SOLID" />
                </Line>
                <Line startX="101.600003" startY="82.200001" endX="101.600003" endY="83.399998">
                  <LineDesc lineEnd="ROUND" lineWidth="0.1" lineProperty="SOLID" />
                </Line>
                <Line startX="99.000003" startY="82.200001" endX="99.000003" endY="83.399998">
                  <LineDesc lineEnd="ROUND" lineWidth="0.1" lineProperty="SOLID" />
                </Line>
                <Line startX="100.800002" startY="83.399998" endX="101.600003" endY="83.399998">
                  <LineDesc lineEnd="ROUND" lineWidth="0.1" lineProperty="SOLID" />
                </Line>
                <Line startX="100.800002" startY="82.200001" endX="101.600003" endY="82.200001">
                  <LineDesc lineEnd="ROUND" lineWidth="0.1" lineProperty="SOLID" />
                </Line>
                <Line startX="99.000003" startY="82.200001" endX="99.800001" endY="82.200001">
                  <LineDesc lineEnd="ROUND" lineWidth="0.1" lineProperty="SOLID" />
                </Line>
                <Line startX="99.000003" startY="83.399998" endX="99.800001" endY="83.399998">
                  <LineDesc lineEnd="ROUND" lineWidth="0.1" lineProperty="SOLID" />
                </Line>
                <Line startX="99.043211" startY="52.13825" endX="99.043211" endY="53.661757">
                  <LineDesc lineEnd="ROUND" lineWidth="0.254" lineProperty="SOLID" />
                </Line>
                <Line startX="99.043211" startY="53.661757" endX="99.804964" endY="53.661757">
                  <LineDesc lineEnd="ROUND" lineWidth="0.254" lineProperty="SOLID" />
                </Line>
                <Line startX="99.804964" startY="53.661757" endX="100.058883" endY="53.407838">
                  <LineDesc lineEnd="ROUND" lineWidth="0.254" lineProperty="SOLID" />
                </Line>
                <Line startX="100.058883" startY="53.407838" endX="100.058883" endY="52.900003">
                  <LineDesc lineEnd="ROUND" lineWidth="0.254" lineProperty="SOLID" />
                </Line>
                <Line startX="100.058883" startY="52.900003" endX="99.804964" endY="52.646085">
                  <LineDesc lineEnd="ROUND" lineWidth="0.254" lineProperty="SOLID" />
                </Line>
                <Line startX="99.804964" startY="52.646085" endX="99.043211" endY="52.646085">
                  <LineDesc lineEnd="ROUND" lineWidth="0.254" lineProperty="SOLID" />
                </Line>
                <Line startX="99.551045" startY="52.646085" endX="100.058883" endY="52.13825">
                  <LineDesc lineEnd="ROUND" lineWidth="0.254" lineProperty="SOLID" />
                </Line>
                <Line startX="100.566718" startY="53.407838" endX="100.820637" endY="53.661757">
                  <LineDesc lineEnd="ROUND" lineWidth="0.254" lineProperty="SOLID" />
                </Line>
                <Line startX="100.820637" startY="53.661757" endX="101.328471" endY="53.661757">
                  <LineDesc lineEnd="ROUND" lineWidth="0.254" lineProperty="SOLID" />
                </Line>
                <Line startX="101.328471" startY="53.661757" endX="101.58239" endY="53.407838">
                  <LineDesc lineEnd="ROUND" lineWidth="0.254" lineProperty="SOLID" />
                </Line>
                <Line startX="101.58239" startY="53.407838" endX="101.58239" endY="53.153922">
                  <LineDesc lineEnd="ROUND" lineWidth="0.254" lineProperty="SOLID" />
                </Line>
                <Line startX="101.58239" startY="53.153922" endX="101.58239" endY="53.153922">
                  <LineDesc lineEnd="ROUND" lineWidth="0.254" lineProperty="SOLID" />
                </Line>
                <Line startX="101.58239" startY="53.153922" endX="101.58239" endY="53.153922">
                  <LineDesc lineEnd="ROUND" lineWidth="0.254" lineProperty="SOLID" />
                </Line>
                <Line startX="101.58239" startY="53.153922" endX="101.58239" endY="53.153922">
                  <LineDesc lineEnd="ROUND" lineWidth="0.254" lineProperty="SOLID" />
                </Line>
                <Line startX="101.58239" startY="53.153922" endX="101.328471" endY="52.900003">
                  <LineDesc lineEnd="ROUND" lineWidth="0.254" lineProperty="SOLID" />
                </Line>
                <Line startX="101.328471" startY="52.900003" endX="101.074553" endY="52.900003">
                  <LineDesc lineEnd="ROUND" lineWidth="0.254" lineProperty="SOLID" />
                </Line>
                <Line startX="101.074553" startY="52.900003" endX="101.328471" endY="52.900003">
                  <LineDesc lineEnd="ROUND" lineWidth="0.254" lineProperty="SOLID" />
                </Line>
                <Line startX="101.328471" startY="52.900003" endX="101.58239" endY="52.646085">
                  <LineDesc lineEnd="ROUND" lineWidth="0.254" lineProperty="SOLID" />
                </Line>
                <Line startX="101.58239" startY="52.646085" endX="101.58239" endY="52.392169">
                  <LineDesc lineEnd="ROUND" lineWidth="0.254" lineProperty="SOLID" />
                </Line>
                <Line startX="101.58239" startY="52.392169" endX="101.328471" endY="52.13825">
                  <LineDesc lineEnd="ROUND" lineWidth="0.254" lineProperty="SOLID" />
                </Line>
                <Line startX="101.328471" startY="52.13825" endX="100.820637" endY="52.13825">
                  <LineDesc lineEnd="ROUND" lineWidth="0.254" lineProperty="SOLID" />
                </Line>
                <Line startX="100.820637" startY="52.13825" endX="100.566718" endY="52.392169">
                  <LineDesc lineEnd="ROUND" lineWidth="0.254" lineProperty="SOLID" />
                </Line>
                <Line startX="99.1951" startY="84.209699" endX="99.1951" endY="85.733207">
                  <LineDesc lineEnd="ROUND" lineWidth="0.254" lineProperty="SOLID" />
                </Line>
                <Line startX="99.1951" startY="85.733207" endX="99.956854" endY="85.733207">
                  <LineDesc lineEnd="ROUND" lineWidth="0.254" lineProperty="SOLID" />
                </Line>
                <Line startX="99.956854" startY="85.733207" endX="100.210772" endY="85.479288">
                  <LineDesc lineEnd="ROUND" lineWidth="0.254" lineProperty="SOLID" />
                </Line>
                <Line startX="100.210772" startY="85.479288" endX="100.210772" endY="84.971453">
                  <LineDesc lineEnd="ROUND" lineWidth="0.254" lineProperty="SOLID" />
                </Line>
                <Line startX="100.210772" startY="84.971453" endX="99.956854" endY="84.717534">
                  <LineDesc lineEnd="ROUND" lineWidth="0.254" lineProperty="SOLID" />
                </Line>
                <Line startX="99.956854" startY="84.717534" endX="99.1951" endY="84.717534">
                  <LineDesc lineEnd="ROUND" lineWidth="0.254" lineProperty="SOLID" />
                </Line>
                <Line startX="99.702935" startY="84.717534" endX="100.210772" endY="84.209699">
                  <LineDesc lineEnd="ROUND" lineWidth="0.254" lineProperty="SOLID" />
                </Line>
                <Line startX="101.73428" startY="84.209699" endX="100.718607" endY="84.209699">
                  <LineDesc lineEnd="ROUND" lineWidth="0.254" lineProperty="SOLID" />
                </Line>
                <Line startX="100.718607" startY="84.209699" endX="101.73428" endY="85.225372">
                  <LineDesc lineEnd="ROUND" lineWidth="0.254" lineProperty="SOLID" />
                </Line>
                <Line startX="101.73428" startY="85.225372" endX="101.73428" endY="85.479288">
                  <LineDesc lineEnd="ROUND" lineWidth="0.254" lineProperty="SOLID" />
                </Line>
                <Line startX="101.73428" startY="85.479288" endX="101.480361" endY="85.733207">
                  <LineDesc lineEnd="ROUND" lineWidth="0.254" lineProperty="SOLID" />
                </Line>
                <Line startX="101.480361" startY="85.733207" endX="100.972526" endY="85.733207">
                  <LineDesc lineEnd="ROUND" lineWidth="0.254" lineProperty="SOLID" />
                </Line>
                <Line startX="100.972526" startY="85.733207" endX="100.718607" endY="85.479288">
                  <LineDesc lineEnd="ROUND" lineWidth="0.254" lineProperty="SOLID" />
                </Line>
                <Line startX="99.1951" startY="120.209699" endX="99.1951" endY="121.733206">
                  <LineDesc lineEnd="ROUND" lineWidth="0.254" lineProperty="SOLID" />
                </Line>
                <Line startX="99.1951" startY="121.733206" endX="99.956854" endY="121.733206">
                  <LineDesc lineEnd="ROUND" lineWidth="0.254" lineProperty="SOLID" />
                </Line>
                <Line startX="99.956854" startY="121.733206" endX="100.210772" endY="121.479287">
                  <LineDesc lineEnd="ROUND" lineWidth="0.254" lineProperty="SOLID" />
                </Line>
                <Line startX="100.210772" startY="121.479287" endX="100.210772" endY="120.971452">
                  <LineDesc lineEnd="ROUND" lineWidth="0.254" lineProperty="SOLID" />
                </Line>
                <Line startX="100.210772" startY="120.971452" endX="99.956854" endY="120.717534">
                  <LineDesc lineEnd="ROUND" lineWidth="0.254" lineProperty="SOLID" />
                </Line>
                <Line startX="99.956854" startY="120.717534" endX="99.1951" endY="120.717534">
                  <LineDesc lineEnd="ROUND" lineWidth="0.254" lineProperty="SOLID" />
                </Line>
                <Line startX="99.702935" startY="120.717534" endX="100.210772" endY="120.209699">
                  <LineDesc lineEnd="ROUND" lineWidth="0.254" lineProperty="SOLID" />
                </Line>
                <Line startX="100.718607" startY="120.209699" endX="101.226442" endY="120.209699">
                  <LineDesc lineEnd="ROUND" lineWidth="0.254" lineProperty="SOLID" />
                </Line>
                <Line startX="101.226442" startY="120.209699" endX="100.972526" endY="120.209699">
                  <LineDesc lineEnd="ROUND" lineWidth="0.254" lineProperty="SOLID" />
                </Line>
                <Line startX="100.972526" startY="120.209699" endX="100.972526" endY="121.733206">
                  <LineDesc lineEnd="ROUND" lineWidth="0.254" lineProperty="SOLID" />
                </Line>
                <Line startX="100.972526" startY="121.733206" endX="100.972526" endY="121.733206">
                  <LineDesc lineEnd="ROUND" lineWidth="0.254" lineProperty="SOLID" />
                </Line>
                <Line startX="100.972526" startY="121.733206" endX="100.718607" endY="121.479287">
                  <LineDesc lineEnd="ROUND" lineWidth="0.254" lineProperty="SOLID" />
                </Line>
                <Line startX="100.425603" startY="41.109435" endX="100.171684" endY="41.363354">
                  <LineDesc lineEnd="ROUND" lineWidth="0.254" lineProperty="SOLID" />
                </Line>
                <Line startX="100.171684" startY="41.363354" endX="99.663849" endY="41.363354">
                  <LineDesc lineEnd="ROUND" lineWidth="0.254" lineProperty="SOLID" />
                </Line>
                <Line startX="99.663849" startY="41.363354" endX="99.409931" endY="41.109435">
                  <LineDesc lineEnd="ROUND" lineWidth="0.254" lineProperty="SOLID" />
                </Line>
                <Line startX="99.409931" startY="41.109435" endX="99.409931" endY="40.093765">
                  <LineDesc lineEnd="ROUND" lineWidth="0.254" lineProperty="SOLID" />
                </Line>
                <Line startX="99.409931" startY="40.093765" endX="99.663849" endY="39.839847">
                  <LineDesc lineEnd="ROUND" lineWidth="0.254" lineProperty="SOLID" />
                </Line>
                <Line startX="99.663849" startY="39.839847" endX="100.171684" endY="39.839847">
                  <LineDesc lineEnd="ROUND" lineWidth="0.254" lineProperty="SOLID" />
                </Line>
                <Line startX="100.171684" startY="39.839847" endX="100.425603" endY="40.093765">
                  <LineDesc lineEnd="ROUND" lineWidth="0.254" lineProperty="SOLID" />
                </Line>
                <Line startX="100.933438" startY="39.839847" endX="101.441273" endY="39.839847">
                  <LineDesc lineEnd="ROUND" lineWidth="0.254" lineProperty="SOLID" />
                </Line>
                <Line startX="101.441273" startY="39.839847" endX="101.187357" endY="39.839847">
                  <LineDesc lineEnd="ROUND" lineWidth="0.254" lineProperty="SOLID" />
                </Line>
                <Line startX="101.187357" startY="39.839847" endX="101.187357" endY="41.363354">
                  <LineDesc lineEnd="ROUND" lineWidth="0.254" lineProperty="SOLID" />
                </Line>
                <Line startX="101.187357" startY="41.363354" endX="101.187357" endY="41.363354">
                  <LineDesc lineEnd="ROUND" lineWidth="0.254" lineProperty="SOLID" />
                </Line>
                <Line startX="101.187357" startY="41.363354" endX="100.933438" endY="41.109435">
                  <LineDesc lineEnd="ROUND" lineWidth="0.254" lineProperty="SOLID" />
                </Line>
              </UserSpecial>
            </Features>
            <Features>
              <Contour>
                <Polygon>
                  <PolyBegin x="37.460222" y="30.476556" />
                  <PolyStepSegment x="36.077665" y="30.476556" />
                  <PolyStepSegment x="36.077665" y="29.910207" />
                  <PolyStepSegment x="37.363055" y="29.910207" />
                  <PolyStepSegment x="37.363055" y="29.477117" />
                  <PolyStepSegment x="36.077665" y="29.477117" />
                  <PolyStepSegment x="36.077665" y="28.780285" />
                  <PolyStepSegment x="37.510194" y="28.780285" />
                  <PolyStepSegment x="37.510194" y="28.347195" />
                  <PolyStepSegment x="35.561288" y="28.347195" />
                  <PolyStepSegment x="35.561288" y="30.909646" />
                  <PolyStepSegment x="37.460222" y="30.909646" />
                  <PolyStepSegment x="37.460222" y="30.476556" />
                </Polygon>
              </Contour>
            </Features>
            <Features>
              <Contour>
                <Polygon>
                  <PolyBegin x="39.187031" y="29.682557" />
                  <PolyStepSegment x="40.069869" y="28.347195" />
                  <PolyStepSegment x="39.447996" y="28.347195" />
                  <PolyStepSegment x="38.878871" y="29.216152" />
                  <PolyStepSegment x="38.306969" y="28.347195" />
                  <PolyStepSegment x="37.687872" y="28.347195" />
                  <PolyStepSegment x="38.576263" y="29.679781" />
                  <PolyStepSegment x="37.771159" y="30.909646" />
                  <PolyStepSegment x="38.376375" y="30.909646" />
                  <PolyStepSegment x="38.881647" y="30.140633" />
                  <PolyStepSegment x="39.392471" y="30.909646" />
                  <PolyStepSegment x="39.992135" y="30.909646" />
                  <PolyStepSegment x="39.187031" y="29.682557" />
                </Polygon>
              </Contour>
            </Features>
            <Features>
              <Contour>
                <Polygon>
                  <PolyBegin x="41.485741" y="30.948513" />
                  <PolyStepSegment x="41.519056" y="30.945737" />
                  <PolyStepSegment x="41.557923" y="30.942961" />
                  <PolyStepSegment x="41.605119" y="30.937408" />
                  <PolyStepSegment x="41.657867" y="30.92908" />
                  <PolyStepSegment x="41.713391" y="30.915199" />
                  <PolyStepSegment x="41.771692" y="30.901317" />
                  <PolyStepSegment x="41.832769" y="30.881884" />
                  <PolyStepSegment x="41.896622" y="30.859674" />
                  <PolyStepSegment x="41.960475" y="30.831912" />
                  <PolyStepSegment x="42.024328" y="30.801373" />
                  <PolyStepSegment x="42.088181" y="30.762506" />
                  <PolyStepSegment x="42.146482" y="30.720863" />
                  <PolyStepSegment x="42.204782" y="30.670891" />
                  <PolyStepSegment x="42.207558" y="30.668115" />
                  <PolyStepSegment x="42.213111" y="30.662562" />
                  <PolyStepSegment x="42.22144" y="30.654234" />
                  <PolyStepSegment x="42.232544" y="30.640353" />
                  <PolyStepSegment x="42.249202" y="30.623695" />
                  <PolyStepSegment x="42.265859" y="30.604262" />
                  <PolyStepSegment x="42.282516" y="30.579276" />
                  <PolyStepSegment x="42.304726" y="30.551514" />
                  <PolyStepSegment x="42.32416" y="30.518199" />
                  <PolyStepSegment x="42.346369" y="30.484884" />
                  <PolyStepSegment x="42.368579" y="30.446017" />
                  <PolyStepSegment x="42.390789" y="30.404374" />
                  <PolyStepSegment x="42.410223" y="30.357178" />
                  <PolyStepSegment x="42.432432" y="30.309983" />
                  <PolyStepSegment x="42.451866" y="30.257234" />
                  <PolyStepSegment x="42.468523" y="30.20171" />
                  <PolyStepSegment x="41.957699" y="30.079556" />
                  <PolyStepSegment x="41.957699" y="30.082333" />
                  <PolyStepSegment x="41.954922" y="30.087885" />
                  <PolyStepSegment x="41.952146" y="30.09899" />
                  <PolyStepSegment x="41.94937" y="30.112871" />
                  <PolyStepSegment x="41.943818" y="30.129528" />
                  <PolyStepSegment x="41.935489" y="30.148962" />
                  <PolyStepSegment x="41.916055" y="30.193381" />
                  <PolyStepSegment x="41.891069" y="30.243353" />
                  <PolyStepSegment x="41.857755" y="30.296101" />
                  <PolyStepSegment x="41.816111" y="30.346073" />
                  <PolyStepSegment x="41.766139" y="30.393269" />
                  <PolyStepSegment x="41.763363" y="30.396045" />
                  <PolyStepSegment x="41.760587" y="30.398822" />
                  <PolyStepSegment x="41.752258" y="30.404374" />
                  <PolyStepSegment x="41.741153" y="30.412703" />
                  <PolyStepSegment x="41.727272" y="30.421031" />
                  <PolyStepSegment x="41.710615" y="30.42936" />
                  <PolyStepSegment x="41.668972" y="30.45157" />
                  <PolyStepSegment x="41.616224" y="30.47378" />
                  <PolyStepSegment x="41.557923" y="30.490437" />
                  <PolyStepSegment x="41.491294" y="30.504318" />
                  <PolyStepSegment x="41.416336" y="30.50987" />
                  <PolyStepSegment x="41.388574" y="30.50987" />
                  <PolyStepSegment x="41.36914" y="30.507094" />
                  <PolyStepSegment x="41.344154" y="30.504318" />
                  <PolyStepSegment x="41.316392" y="30.498766" />
                  <PolyStepSegment x="41.285853" y="30.493213" />
                  <PolyStepSegment x="41.252539" y="30.484884" />
                  <PolyStepSegment x="41.216448" y="30.47378" />
                  <PolyStepSegment x="41.177581" y="30.459898" />
                  <PolyStepSegment x="41.138714" y="30.443241" />
                  <PolyStepSegment x="41.099847" y="30.423808" />
                  <PolyStepSegment x="41.06098" y="30.398822" />
                  <PolyStepSegment x="41.024889" y="30.371059" />
                  <PolyStepSegment x="40.986022" y="30.340521" />
                  <PolyStepSegment x="40.952707" y="30.30443" />
                  <PolyStepSegment x="40.949931" y="30.301654" />
                  <PolyStepSegment x="40.944378" y="30.296101" />
                  <PolyStepSegment x="40.93605" y="30.28222" />
                  <PolyStepSegment x="40.924945" y="30.265563" />
                  <PolyStepSegment x="40.911064" y="30.243353" />
                  <PolyStepSegment x="40.897183" y="30.215591" />
                  <PolyStepSegment x="40.880525" y="30.182276" />
                  <PolyStepSegment x="40.866644" y="30.143409" />
                  <PolyStepSegment x="40.849987" y="30.101766" />
                  <PolyStepSegment x="40.83333" y="30.051794" />
                  <PolyStepSegment x="40.819448" y="29.999046" />
                  <PolyStepSegment x="40.805567" y="29.937969" />
                  <PolyStepSegment x="40.794462" y="29.87134" />
                  <PolyStepSegment x="40.786134" y="29.801934" />
                  <PolyStepSegment x="40.780581" y="29.7242" />
                  <PolyStepSegment x="40.777805" y="29.640914" />
                  <PolyStepSegment x="40.777805" y="29.635361" />
                  <PolyStepSegment x="40.777805" y="29.618704" />
                  <PolyStepSegment x="40.777805" y="29.593718" />
                  <PolyStepSegment x="40.780581" y="29.563179" />
                  <PolyStepSegment x="40.783358" y="29.521536" />
                  <PolyStepSegment x="40.786134" y="29.477117" />
                  <PolyStepSegment x="40.791686" y="29.427145" />
                  <PolyStepSegment x="40.800015" y="29.37162" />
                  <PolyStepSegment x="40.819448" y="29.257795" />
                  <PolyStepSegment x="40.83333" y="29.202271" />
                  <PolyStepSegment x="40.849987" y="29.14397" />
                  <PolyStepSegment x="40.86942" y="29.088446" />
                  <PolyStepSegment x="40.894406" y="29.038474" />
                  <PolyStepSegment x="40.919392" y="28.991278" />
                  <PolyStepSegment x="40.949931" y="28.949635" />
                  <PolyStepSegment x="40.952707" y="28.946859" />
                  <PolyStepSegment x="40.958259" y="28.941306" />
                  <PolyStepSegment x="40.969364" y="28.930201" />
                  <PolyStepSegment x="40.980469" y="28.91632" />
                  <PolyStepSegment x="40.999903" y="28.902439" />
                  <PolyStepSegment x="41.019336" y="28.885782" />
                  <PolyStepSegment x="41.044322" y="28.866348" />
                  <PolyStepSegment x="41.072084" y="28.846915" />
                  <PolyStepSegment x="41.102623" y="28.827481" />
                  <PolyStepSegment x="41.138714" y="28.808048" />
                  <PolyStepSegment x="41.174805" y="28.79139" />
                  <PolyStepSegment x="41.216448" y="28.777509" />
                  <PolyStepSegment x="41.258091" y="28.763628" />
                  <PolyStepSegment x="41.305287" y="28.752523" />
                  <PolyStepSegment x="41.355259" y="28.746971" />
                  <PolyStepSegment x="41.405231" y="28.744194" />
                  <PolyStepSegment x="41.424664" y="28.744194" />
                  <PolyStepSegment x="41.438546" y="28.746971" />
                  <PolyStepSegment x="41.457979" y="28.746971" />
                  <PolyStepSegment x="41.477413" y="28.752523" />
                  <PolyStepSegment x="41.527385" y="28.760852" />
                  <PolyStepSegment x="41.582909" y="28.777509" />
                  <PolyStepSegment x="41.64121" y="28.799719" />
                  <PolyStepSegment x="41.69951" y="28.833034" />
                  <PolyStepSegment x="41.730049" y="28.852467" />
                  <PolyStepSegment x="41.757811" y="28.874677" />
                  <PolyStepSegment x="41.760587" y="28.877453" />
                  <PolyStepSegment x="41.763363" y="28.880229" />
                  <PolyStepSegment x="41.771692" y="28.888558" />
                  <PolyStepSegment x="41.782797" y="28.899663" />
                  <PolyStepSegment x="41.793902" y="28.913544" />
                  <PolyStepSegment x="41.807783" y="28.930201" />
                  <PolyStepSegment x="41.82444" y="28.952411" />
                  <PolyStepSegment x="41.841097" y="28.974621" />
                  <PolyStepSegment x="41.857755" y="29.002383" />
                  <PolyStepSegment x="41.877188" y="29.032921" />
                  <PolyStepSegment x="41.893846" y="29.066236" />
                  <PolyStepSegment x="41.913279" y="29.105103" />
                  <PolyStepSegment x="41.929936" y="29.14397" />
                  <PolyStepSegment x="41.946594" y="29.18839" />
                  <PolyStepSegment x="41.960475" y="29.238362" />
                  <PolyStepSegment x="41.974356" y="29.288334" />
                  <PolyStepSegment x="42.476852" y="29.132865" />
                  <PolyStepSegment x="42.476852" y="29.127313" />
                  <PolyStepSegment x="42.471299" y="29.113432" />
                  <PolyStepSegment x="42.465747" y="29.093998" />
                  <PolyStepSegment x="42.454642" y="29.06346" />
                  <PolyStepSegment x="42.440761" y="29.030145" />
                  <PolyStepSegment x="42.42688" y="28.988502" />
                  <PolyStepSegment x="42.407446" y="28.944082" />
                  <PolyStepSegment x="42.385237" y="28.896887" />
                  <PolyStepSegment x="42.360251" y="28.846915" />
                  <PolyStepSegment x="42.332488" y="28.794166" />
                  <PolyStepSegment x="42.299174" y="28.741418" />
                  <PolyStepSegment x="42.265859" y="28.691446" />
                  <PolyStepSegment x="42.226992" y="28.638698" />
                  <PolyStepSegment x="42.185349" y="28.591502" />
                  <PolyStepSegment x="42.140929" y="28.547083" />
                  <PolyStepSegment x="42.090957" y="28.50544" />
                  <PolyStepSegment x="42.088181" y="28.502663" />
                  <PolyStepSegment x="42.079852" y="28.497111" />
                  <PolyStepSegment x="42.063195" y="28.486006" />
                  <PolyStepSegment x="42.043761" y="28.474901" />
                  <PolyStepSegment x="42.015999" y="28.458244" />
                  <PolyStepSegment x="41.985461" y="28.441586" />
                  <PolyStepSegment x="41.94937" y="28.422153" />
                  <PolyStepSegment x="41.90495" y="28.405496" />
                  <PolyStepSegment x="41.860531" y="28.386062" />
                  <PolyStepSegment x="41.807783" y="28.366629" />
                  <PolyStepSegment x="41.752258" y="28.349971" />
                  <PolyStepSegment x="41.691182" y="28.333314" />
                  <PolyStepSegment x="41.627328" y="28.322209" />
                  <PolyStepSegment x="41.557923" y="28.311104" />
                  <PolyStepSegment x="41.485741" y="28.305552" />
                  <PolyStepSegment x="41.410783" y="28.302776" />
                  <PolyStepSegment x="41.388574" y="28.302776" />
                  <PolyStepSegment x="41.360811" y="28.305552" />
                  <PolyStepSegment x="41.32472" y="28.308328" />
                  <PolyStepSegment x="41.283077" y="28.31388" />
                  <PolyStepSegment x="41.233105" y="28.322209" />
                  <PolyStepSegment x="41.174805" y="28.330538" />
                  <PolyStepSegment x="41.113728" y="28.347195" />
                  <PolyStepSegment x="41.049875" y="28.363852" />
                  <PolyStepSegment x="40.980469" y="28.388838" />
                  <PolyStepSegment x="40.911064" y="28.416601" />
                  <PolyStepSegment x="40.841658" y="28.449915" />
                  <PolyStepSegment x="40.772253" y="28.488782" />
                  <PolyStepSegment x="40.702847" y="28.535978" />
                  <PolyStepSegment x="40.636218" y="28.588726" />
                  <PolyStepSegment x="40.572365" y="28.649803" />
                  <PolyStepSegment x="40.569589" y="28.652579" />
                  <PolyStepSegment x="40.558484" y="28.66646" />
                  <PolyStepSegment x="40.541826" y="28.685894" />
                  <PolyStepSegment x="40.522393" y="28.713656" />
                  <PolyStepSegment x="40.497407" y="28.749747" />
                  <PolyStepSegment x="40.469645" y="28.79139" />
                  <PolyStepSegment x="40.439106" y="28.841362" />
                  <PolyStepSegment x="40.408568" y="28.899663" />
                  <PolyStepSegment x="40.378029" y="28.963516" />
                  <PolyStepSegment x="40.347491" y="29.035698" />
                  <PolyStepSegment x="40.319729" y="29.113432" />
                  <PolyStepSegment x="40.294743" y="29.199495" />
                  <PolyStepSegment x="40.275309" y="29.29111" />
                  <PolyStepSegment x="40.258652" y="29.388278" />
                  <PolyStepSegment x="40.247547" y="29.490998" />
                  <PolyStepSegment x="40.244771" y="29.602046" />
                  <PolyStepSegment x="40.244771" y="29.604823" />
                  <PolyStepSegment x="40.244771" y="29.610375" />
                  <PolyStepSegment x="40.244771" y="29.618704" />
                  <PolyStepSegment x="40.244771" y="29.629809" />
                  <PolyStepSegment x="40.244771" y="29.646466" />
                  <PolyStepSegment x="40.247547" y="29.663123" />
                  <PolyStepSegment x="40.250323" y="29.707543" />
                  <PolyStepSegment x="40.255876" y="29.760291" />
                  <PolyStepSegment x="40.261428" y="29.824144" />
                  <PolyStepSegment x="40.272533" y="29.89355" />
                  <PolyStepSegment x="40.286414" y="29.965731" />
                  <PolyStepSegment x="40.303072" y="30.046242" />
                  <PolyStepSegment x="40.325281" y="30.126752" />
                  <PolyStepSegment x="40.350267" y="30.210039" />
                  <PolyStepSegment x="40.383582" y="30.293325" />
                  <PolyStepSegment x="40.419673" y="30.373836" />
                  <PolyStepSegment x="40.464092" y="30.45157" />
                  <PolyStepSegment x="40.514064" y="30.526528" />
                  <PolyStepSegment x="40.572365" y="30.595933" />
                  <PolyStepSegment x="40.575141" y="30.598709" />
                  <PolyStepSegment x="40.589022" y="30.612591" />
                  <PolyStepSegment x="40.60568" y="30.629248" />
                  <PolyStepSegment x="40.633442" y="30.651458" />
                  <PolyStepSegment x="40.666756" y="30.67922" />
                  <PolyStepSegment x="40.705623" y="30.709758" />
                  <PolyStepSegment x="40.752819" y="30.740297" />
                  <PolyStepSegment x="40.805567" y="30.773611" />
                  <PolyStepSegment x="40.863868" y="30.806926" />
                  <PolyStepSegment x="40.930497" y="30.840241" />
                  <PolyStepSegment x="40.999903" y="30.868003" />
                  <PolyStepSegment x="41.077637" y="30.895765" />
                  <PolyStepSegment x="41.160924" y="30.917975" />
                  <PolyStepSegment x="41.249763" y="30.937408" />
                  <PolyStepSegment x="41.344154" y="30.948513" />
                  <PolyStepSegment x="41.441322" y="30.951289" />
                  <PolyStepSegment x="41.463532" y="30.951289" />
                  <PolyStepSegment x="41.485741" y="30.948513" />
                </Polygon>
              </Contour>
            </Features>
            <Features>
              <Contour>
                <Polygon>
                  <PolyBegin x="44.903268" y="30.90687" />
                  <PolyStepSegment x="44.947688" y="30.90687" />
                  <PolyStepSegment x="44.99766" y="30.904094" />
                  <PolyStepSegment x="45.103156" y="30.901317" />
                  <PolyStepSegment x="45.153128" y="30.895765" />
                  <PolyStepSegment x="45.2031" y="30.892989" />
                  <PolyStepSegment x="45.250296" y="30.890213" />
                  <PolyStepSegment x="45.291939" y="30.88466" />
                  <PolyStepSegment x="45.32803" y="30.876331" />
                  <PolyStepSegment x="45.358568" y="30.870779" />
                  <PolyStepSegment x="45.361344" y="30.870779" />
                  <PolyStepSegment x="45.369673" y="30.868003" />
                  <PolyStepSegment x="45.380778" y="30.865227" />
                  <PolyStepSegment x="45.394659" y="30.859674" />
                  <PolyStepSegment x="45.414093" y="30.851345" />
                  <PolyStepSegment x="45.436302" y="30.843017" />
                  <PolyStepSegment x="45.486274" y="30.818031" />
                  <PolyStepSegment x="45.544575" y="30.784716" />
                  <PolyStepSegment x="45.605652" y="30.740297" />
                  <PolyStepSegment x="45.638966" y="30.712534" />
                  <PolyStepSegment x="45.669505" y="30.684772" />
                  <PolyStepSegment x="45.700043" y="30.654234" />
                  <PolyStepSegment x="45.727805" y="30.618143" />
                  <PolyStepSegment x="45.730582" y="30.615367" />
                  <PolyStepSegment x="45.733358" y="30.609814" />
                  <PolyStepSegment x="45.741687" y="30.598709" />
                  <PolyStepSegment x="45.750015" y="30.584828" />
                  <PolyStepSegment x="45.763896" y="30.565395" />
                  <PolyStepSegment x="45.775001" y="30.540409" />
                  <PolyStepSegment x="45.788882" y="30.515423" />
                  <PolyStepSegment x="45.802763" y="30.484884" />
                  <PolyStepSegment x="45.816644" y="30.448794" />
                  <PolyStepSegment x="45.830526" y="30.412703" />
                  <PolyStepSegment x="45.844407" y="30.371059" />
                  <PolyStepSegment x="45.855512" y="30.32664" />
                  <PolyStepSegment x="45.86384" y="30.279444" />
                  <PolyStepSegment x="45.872169" y="30.229472" />
                  <PolyStepSegment x="45.874945" y="30.173948" />
                  <PolyStepSegment x="45.877721" y="30.118423" />
                  <PolyStepSegment x="45.877721" y="30.115647" />
                  <PolyStepSegment x="45.877721" y="30.107318" />
                  <PolyStepSegment x="45.877721" y="30.096214" />
                  <PolyStepSegment x="45.877721" y="30.079556" />
                  <PolyStepSegment x="45.874945" y="30.060123" />
                  <PolyStepSegment x="45.872169" y="30.035137" />
                  <PolyStepSegment x="45.869393" y="30.010151" />
                  <PolyStepSegment x="45.866616" y="29.979612" />
                  <PolyStepSegment x="45.855512" y="29.918536" />
                  <PolyStepSegment x="45.84163" y="29.851906" />
                  <PolyStepSegment x="45.819421" y="29.785277" />
                  <PolyStepSegment x="45.791658" y="29.721424" />
                  <PolyStepSegment x="45.791658" y="29.718648" />
                  <PolyStepSegment x="45.788882" y="29.715871" />
                  <PolyStepSegment x="45.78333" y="29.707543" />
                  <PolyStepSegment x="45.775001" y="29.696438" />
                  <PolyStepSegment x="45.758344" y="29.6659" />
                  <PolyStepSegment x="45.733358" y="29.629809" />
                  <PolyStepSegment x="45.700043" y="29.590942" />
                  <PolyStepSegment x="45.663952" y="29.549298" />
                  <PolyStepSegment x="45.619533" y="29.507655" />
                  <PolyStepSegment x="45.572337" y="29.468788" />
                  <PolyStepSegment x="45.569561" y="29.468788" />
                  <PolyStepSegment x="45.566785" y="29.466012" />
                  <PolyStepSegment x="45.550127" y="29.454907" />
                  <PolyStepSegment x="45.525141" y="29.438249" />
                  <PolyStepSegment x="45.48905" y="29.418816" />
                  <PolyStepSegment x="45.450183" y="29.399382" />
                  <PolyStepSegment x="45.405764" y="29.379949" />
                  <PolyStepSegment x="45.355792" y="29.363292" />
                  <PolyStepSegment x="45.30582" y="29.34941" />
                  <PolyStepSegment x="45.303044" y="29.34941" />
                  <PolyStepSegment x="45.297491" y="29.346634" />
                  <PolyStepSegment x="45.286386" y="29.346634" />
                  <PolyStepSegment x="45.272505" y="29.343858" />
                  <PolyStepSegment x="45.253072" y="29.341082" />
                  <PolyStepSegment x="45.228086" y="29.338306" />
                  <PolyStepSegment x="45.200324" y="29.335529" />
                  <PolyStepSegment x="45.169785" y="29.332753" />
                  <PolyStepSegment x="45.133694" y="29.327201" />
                  <PolyStepSegment x="45.092051" y="29.324424" />
                  <PolyStepSegment x="45.047632" y="29.321648" />
                  <PolyStepSegment x="45.000436" y="29.318872" />
                  <PolyStepSegment x="44.947688" y="29.316096" />
                  <PolyStepSegment x="44.892163" y="29.316096" />
                  <PolyStepSegment x="44.831086" y="29.31332" />
                  <PolyStepSegment x="44.431311" y="29.31332" />
                  <PolyStepSegment x="44.431311" y="28.347195" />
                  <PolyStepSegment x="43.914934" y="28.347195" />
                  <PolyStepSegment x="43.914934" y="30.909646" />
                  <PolyStepSegment x="44.858849" y="30.909646" />
                  <PolyStepSegment x="44.903268" y="30.90687" />
                </Polygon>
                <Cutout>
                  <PolyBegin x="44.778338" y="30.476556" />
                  <PolyStepSegment x="44.431311" y="30.476556" />
                  <PolyStepSegment x="44.431311" y="29.74641" />
                  <PolyStepSegment x="44.789443" y="29.74641" />
                  <PolyStepSegment x="44.817205" y="29.749186" />
                  <PolyStepSegment x="44.881058" y="29.751962" />
                  <PolyStepSegment x="44.947688" y="29.754739" />
                  <PolyStepSegment x="45.014317" y="29.763067" />
                  <PolyStepSegment x="45.047632" y="29.76862" />
                  <PolyStepSegment x="45.075394" y="29.771396" />
                  <PolyStepSegment x="45.10038" y="29.779725" />
                  <PolyStepSegment x="45.122589" y="29.785277" />
                  <PolyStepSegment x="45.128142" y="29.788053" />
                  <PolyStepSegment x="45.139247" y="29.793606" />
                  <PolyStepSegment x="45.15868" y="29.801934" />
                  <PolyStepSegment x="45.18089" y="29.815815" />
                  <PolyStepSegment x="45.205876" y="29.835249" />
                  <PolyStepSegment x="45.233638" y="29.857459" />
                  <PolyStepSegment x="45.2614" y="29.882445" />
                  <PolyStepSegment x="45.28361" y="29.912983" />
                  <PolyStepSegment x="45.286386" y="29.915759" />
                  <PolyStepSegment x="45.291939" y="29.92964" />
                  <PolyStepSegment x="45.303044" y="29.946298" />
                  <PolyStepSegment x="45.314149" y="29.971284" />
                  <PolyStepSegment x="45.325254" y="29.999046" />
                  <PolyStepSegment x="45.336358" y="30.032361" />
                  <PolyStepSegment x="45.341911" y="30.071228" />
                  <PolyStepSegment x="45.344687" y="30.112871" />
                  <PolyStepSegment x="45.344687" y="30.115647" />
                  <PolyStepSegment x="45.344687" y="30.118423" />
                  <PolyStepSegment x="45.344687" y="30.135081" />
                  <PolyStepSegment x="45.339135" y="30.162843" />
                  <PolyStepSegment x="45.333582" y="30.193381" />
                  <PolyStepSegment x="45.325254" y="30.229472" />
                  <PolyStepSegment x="45.308596" y="30.268339" />
                  <PolyStepSegment x="45.289163" y="30.307206" />
                  <PolyStepSegment x="45.2614" y="30.343297" />
                  <PolyStepSegment x="45.258624" y="30.346073" />
                  <PolyStepSegment x="45.247519" y="30.357178" />
                  <PolyStepSegment x="45.228086" y="30.373836" />
                  <PolyStepSegment x="45.2031" y="30.393269" />
                  <PolyStepSegment x="45.175338" y="30.412703" />
                  <PolyStepSegment x="45.139247" y="30.42936" />
                  <PolyStepSegment x="45.097603" y="30.446017" />
                  <PolyStepSegment x="45.053184" y="30.457122" />
                  <PolyStepSegment x="45.047632" y="30.457122" />
                  <PolyStepSegment x="45.03375" y="30.459898" />
                  <PolyStepSegment x="45.022646" y="30.462675" />
                  <PolyStepSegment x="45.008764" y="30.462675" />
                  <PolyStepSegment x="44.992107" y="30.465451" />
                  <PolyStepSegment x="44.972674" y="30.468227" />
                  <PolyStepSegment x="44.947688" y="30.468227" />
                  <PolyStepSegment x="44.919925" y="30.471003" />
                  <PolyStepSegment x="44.889387" y="30.471003" />
                  <PolyStepSegment x="44.856072" y="30.47378" />
                  <PolyStepSegment x="44.819981" y="30.47378" />
                  <PolyStepSegment x="44.778338" y="30.476556" />
                </Cutout>
              </Contour>
            </Features>
            <Features>
              <Contour>
                <Polygon>
                  <PolyBegin x="47.490705" y="30.948513" />
                  <PolyStepSegment x="47.529572" y="30.945737" />
                  <PolyStepSegment x="47.576768" y="30.940184" />
                  <PolyStepSegment x="47.632292" y="30.931856" />
                  <PolyStepSegment x="47.693369" y="30.920751" />
                  <PolyStepSegment x="47.759998" y="30.90687" />
                  <PolyStepSegment x="47.83218" y="30.887436" />
                  <PolyStepSegment x="47.904362" y="30.865227" />
                  <PolyStepSegment x="47.97932" y="30.837464" />
                  <PolyStepSegment x="48.057054" y="30.801373" />
                  <PolyStepSegment x="48.132012" y="30.762506" />
                  <PolyStepSegment x="48.204194" y="30.715311" />
                  <PolyStepSegment x="48.273599" y="30.659786" />
                  <PolyStepSegment x="48.340228" y="30.598709" />
                  <PolyStepSegment x="48.343005" y="30.595933" />
                  <PolyStepSegment x="48.35411" y="30.582052" />
                  <PolyStepSegment x="48.370767" y="30.562619" />
                  <PolyStepSegment x="48.392977" y="30.534856" />
                  <PolyStepSegment x="48.420739" y="30.498766" />
                  <PolyStepSegment x="48.448501" y="30.454346" />
                  <PolyStepSegment x="48.479039" y="30.404374" />
                  <PolyStepSegment x="48.512354" y="30.343297" />
                  <PolyStepSegment x="48.542892" y="30.279444" />
                  <PolyStepSegment x="48.573431" y="30.204486" />
                  <PolyStepSegment x="48.603969" y="30.123976" />
                  <PolyStepSegment x="48.628955" y="30.037913" />
                  <PolyStepSegment x="48.651165" y="29.943522" />
                  <PolyStepSegment x="48.667822" y="29.843578" />
                  <PolyStepSegment x="48.678927" y="29.735305" />
                  <PolyStepSegment x="48.681704" y="29.62148" />
                  <PolyStepSegment x="48.681704" y="29.618704" />
                  <PolyStepSegment x="48.681704" y="29.613151" />
                  <PolyStepSegment x="48.681704" y="29.604823" />
                  <PolyStepSegment x="48.681704" y="29.593718" />
                  <PolyStepSegment x="48.681704" y="29.579837" />
                  <PolyStepSegment x="48.678927" y="29.563179" />
                  <PolyStepSegment x="48.676151" y="29.51876" />
                  <PolyStepSegment x="48.670599" y="29.466012" />
                  <PolyStepSegment x="48.665046" y="29.407711" />
                  <PolyStepSegment x="48.653941" y="29.338306" />
                  <PolyStepSegment x="48.64006" y="29.266124" />
                  <PolyStepSegment x="48.620627" y="29.191166" />
                  <PolyStepSegment x="48.598417" y="29.110656" />
                  <PolyStepSegment x="48.570655" y="29.030145" />
                  <PolyStepSegment x="48.540116" y="28.949635" />
                  <PolyStepSegment x="48.501249" y="28.869124" />
                  <PolyStepSegment x="48.454053" y="28.79139" />
                  <PolyStepSegment x="48.404082" y="28.719208" />
                  <PolyStepSegment x="48.343005" y="28.649803" />
                  <PolyStepSegment x="48.340228" y="28.647027" />
                  <PolyStepSegment x="48.326347" y="28.635922" />
                  <PolyStepSegment x="48.30969" y="28.616488" />
                  <PolyStepSegment x="48.281928" y="28.594279" />
                  <PolyStepSegment x="48.248613" y="28.569293" />
                  <PolyStepSegment x="48.20697" y="28.538754" />
                  <PolyStepSegment x="48.159774" y="28.508216" />
                  <PolyStepSegment x="48.10425" y="28.474901" />
                  <PolyStepSegment x="48.043173" y="28.441586" />
                  <PolyStepSegment x="47.976544" y="28.411048" />
                  <PolyStepSegment x="47.901586" y="28.38051" />
                  <PolyStepSegment x="47.821075" y="28.355524" />
                  <PolyStepSegment x="47.735012" y="28.333314" />
                  <PolyStepSegment x="47.643397" y="28.31388" />
                  <PolyStepSegment x="47.543453" y="28.302776" />
                  <PolyStepSegment x="47.440733" y="28.299999" />
                  <PolyStepSegment x="47.415747" y="28.299999" />
                  <PolyStepSegment x="47.385209" y="28.302776" />
                  <PolyStepSegment x="47.346342" y="28.305552" />
                  <PolyStepSegment x="47.299146" y="28.311104" />
                  <PolyStepSegment x="47.240845" y="28.319433" />
                  <PolyStepSegment x="47.179768" y="28.327761" />
                  <PolyStepSegment x="47.113139" y="28.344419" />
                  <PolyStepSegment x="47.040957" y="28.361076" />
                  <PolyStepSegment x="46.968776" y="28.386062" />
                  <PolyStepSegment x="46.891042" y="28.413824" />
                  <PolyStepSegment x="46.816084" y="28.447139" />
                  <PolyStepSegment x="46.741126" y="28.486006" />
                  <PolyStepSegment x="46.668944" y="28.533202" />
                  <PolyStepSegment x="46.599538" y="28.58595" />
                  <PolyStepSegment x="46.532909" y="28.647027" />
                  <PolyStepSegment x="46.530133" y="28.652579" />
                  <PolyStepSegment x="46.519028" y="28.663684" />
                  <PolyStepSegment x="46.502371" y="28.683118" />
                  <PolyStepSegment x="46.480161" y="28.71088" />
                  <PolyStepSegment x="46.455175" y="28.746971" />
                  <PolyStepSegment x="46.427413" y="28.79139" />
                  <PolyStepSegment x="46.396874" y="28.841362" />
                  <PolyStepSegment x="46.366336" y="28.899663" />
                  <PolyStepSegment x="46.333021" y="28.963516" />
                  <PolyStepSegment x="46.302483" y="29.035698" />
                  <PolyStepSegment x="46.274721" y="29.113432" />
                  <PolyStepSegment x="46.249735" y="29.199495" />
                  <PolyStepSegment x="46.227525" y="29.29111" />
                  <PolyStepSegment x="46.210868" y="29.391054" />
                  <PolyStepSegment x="46.199763" y="29.49655" />
                  <PolyStepSegment x="46.196987" y="29.607599" />
                  <PolyStepSegment x="46.196987" y="29.613151" />
                  <PolyStepSegment x="46.196987" y="29.624256" />
                  <PolyStepSegment x="46.196987" y="29.646466" />
                  <PolyStepSegment x="46.199763" y="29.674228" />
                  <PolyStepSegment x="46.199763" y="29.707543" />
                  <PolyStepSegment x="46.202539" y="29.74641" />
                  <PolyStepSegment x="46.208091" y="29.788053" />
                  <PolyStepSegment x="46.210868" y="29.838025" />
                  <PolyStepSegment x="46.219196" y="29.887997" />
                  <PolyStepSegment x="46.224749" y="29.940745" />
                  <PolyStepSegment x="46.246959" y="30.051794" />
                  <PolyStepSegment x="46.274721" y="30.160067" />
                  <PolyStepSegment x="46.294154" y="30.215591" />
                  <PolyStepSegment x="46.313588" y="30.265563" />
                  <PolyStepSegment x="46.313588" y="30.268339" />
                  <PolyStepSegment x="46.316364" y="30.273892" />
                  <PolyStepSegment x="46.321916" y="30.284997" />
                  <PolyStepSegment x="46.330245" y="30.298878" />
                  <PolyStepSegment x="46.338574" y="30.315535" />
                  <PolyStepSegment x="46.349679" y="30.334969" />
                  <PolyStepSegment x="46.374665" y="30.38494" />
                  <PolyStepSegment x="46.407979" y="30.437689" />
                  <PolyStepSegment x="46.449623" y="30.498766" />
                  <PolyStepSegment x="46.496818" y="30.557066" />
                  <PolyStepSegment x="46.549567" y="30.618143" />
                  <PolyStepSegment x="46.552343" y="30.620919" />
                  <PolyStepSegment x="46.557895" y="30.623695" />
                  <PolyStepSegment x="46.566224" y="30.632024" />
                  <PolyStepSegment x="46.577329" y="30.643129" />
                  <PolyStepSegment x="46.59121" y="30.65701" />
                  <PolyStepSegment x="46.607867" y="30.670891" />
                  <PolyStepSegment x="46.64951" y="30.704206" />
                  <PolyStepSegment x="46.696706" y="30.743073" />
                  <PolyStepSegment x="46.755007" y="30.78194" />
                  <PolyStepSegment x="46.816084" y="30.818031" />
                  <PolyStepSegment x="46.882713" y="30.848569" />
                  <PolyStepSegment x="46.885489" y="30.848569" />
                  <PolyStepSegment x="46.893818" y="30.854122" />
                  <PolyStepSegment x="46.907699" y="30.856898" />
                  <PolyStepSegment x="46.924356" y="30.865227" />
                  <PolyStepSegment x="46.946566" y="30.873555" />
                  <PolyStepSegment x="46.974328" y="30.881884" />
                  <PolyStepSegment x="47.004867" y="30.890213" />
                  <PolyStepSegment x="47.040957" y="30.901317" />
                  <PolyStepSegment x="47.079825" y="30.909646" />
                  <PolyStepSegment x="47.121468" y="30.917975" />
                  <PolyStepSegment x="47.168664" y="30.926303" />
                  <PolyStepSegment x="47.215859" y="30.934632" />
                  <PolyStepSegment x="47.321356" y="30.945737" />
                  <PolyStepSegment x="47.435181" y="30.951289" />
                  <PolyStepSegment x="47.460167" y="30.951289" />
                  <PolyStepSegment x="47.490705" y="30.948513" />
                </Polygon>
                <Cutout>
                  <PolyBegin x="47.440733" y="30.50987" />
                  <PolyStepSegment x="47.410195" y="30.50987" />
                  <PolyStepSegment x="47.387985" y="30.507094" />
                  <PolyStepSegment x="47.360223" y="30.504318" />
                  <PolyStepSegment x="47.329684" y="30.498766" />
                  <PolyStepSegment x="47.293593" y="30.490437" />
                  <PolyStepSegment x="47.257503" y="30.482108" />
                  <PolyStepSegment x="47.215859" y="30.471003" />
                  <PolyStepSegment x="47.174216" y="30.457122" />
                  <PolyStepSegment x="47.132573" y="30.437689" />
                  <PolyStepSegment x="47.088153" y="30.415479" />
                  <PolyStepSegment x="47.04651" y="30.390493" />
                  <PolyStepSegment x="47.00209" y="30.359955" />
                  <PolyStepSegment x="46.963223" y="30.32664" />
                  <PolyStepSegment x="46.924356" y="30.287773" />
                  <PolyStepSegment x="46.92158" y="30.284997" />
                  <PolyStepSegment x="46.916028" y="30.276668" />
                  <PolyStepSegment x="46.907699" y="30.265563" />
                  <PolyStepSegment x="46.893818" y="30.246129" />
                  <PolyStepSegment x="46.879937" y="30.22392" />
                  <PolyStepSegment x="46.863279" y="30.196158" />
                  <PolyStepSegment x="46.846622" y="30.162843" />
                  <PolyStepSegment x="46.827189" y="30.123976" />
                  <PolyStepSegment x="46.810531" y="30.079556" />
                  <PolyStepSegment x="46.791098" y="30.029584" />
                  <PolyStepSegment x="46.77444" y="29.976836" />
                  <PolyStepSegment x="46.760559" y="29.915759" />
                  <PolyStepSegment x="46.746678" y="29.851906" />
                  <PolyStepSegment x="46.73835" y="29.782501" />
                  <PolyStepSegment x="46.732797" y="29.707543" />
                  <PolyStepSegment x="46.730021" y="29.627032" />
                  <PolyStepSegment x="46.730021" y="29.62148" />
                  <PolyStepSegment x="46.730021" y="29.607599" />
                  <PolyStepSegment x="46.732797" y="29.585389" />
                  <PolyStepSegment x="46.732797" y="29.554851" />
                  <PolyStepSegment x="46.735573" y="29.51876" />
                  <PolyStepSegment x="46.741126" y="29.477117" />
                  <PolyStepSegment x="46.746678" y="29.429921" />
                  <PolyStepSegment x="46.755007" y="29.379949" />
                  <PolyStepSegment x="46.766112" y="29.327201" />
                  <PolyStepSegment x="46.779993" y="29.274452" />
                  <PolyStepSegment x="46.793874" y="29.218928" />
                  <PolyStepSegment x="46.813307" y="29.163404" />
                  <PolyStepSegment x="46.838293" y="29.110656" />
                  <PolyStepSegment x="46.863279" y="29.060684" />
                  <PolyStepSegment x="46.893818" y="29.010712" />
                  <PolyStepSegment x="46.929909" y="28.966292" />
                  <PolyStepSegment x="46.932685" y="28.963516" />
                  <PolyStepSegment x="46.938237" y="28.957963" />
                  <PolyStepSegment x="46.949342" y="28.946859" />
                  <PolyStepSegment x="46.966" y="28.930201" />
                  <PolyStepSegment x="46.985433" y="28.913544" />
                  <PolyStepSegment x="47.010419" y="28.89411" />
                  <PolyStepSegment x="47.038181" y="28.874677" />
                  <PolyStepSegment x="47.06872" y="28.855243" />
                  <PolyStepSegment x="47.104811" y="28.833034" />
                  <PolyStepSegment x="47.143678" y="28.8136" />
                  <PolyStepSegment x="47.185321" y="28.794166" />
                  <PolyStepSegment x="47.22974" y="28.777509" />
                  <PolyStepSegment x="47.276936" y="28.763628" />
                  <PolyStepSegment x="47.329684" y="28.752523" />
                  <PolyStepSegment x="47.385209" y="28.744194" />
                  <PolyStepSegment x="47.440733" y="28.741418" />
                  <PolyStepSegment x="47.454614" y="28.741418" />
                  <PolyStepSegment x="47.471272" y="28.744194" />
                  <PolyStepSegment x="47.493481" y="28.744194" />
                  <PolyStepSegment x="47.518467" y="28.746971" />
                  <PolyStepSegment x="47.549006" y="28.752523" />
                  <PolyStepSegment x="47.58232" y="28.760852" />
                  <PolyStepSegment x="47.621187" y="28.76918" />
                  <PolyStepSegment x="47.660055" y="28.780285" />
                  <PolyStepSegment x="47.698922" y="28.796943" />
                  <PolyStepSegment x="47.743341" y="28.8136" />
                  <PolyStepSegment x="47.784984" y="28.83581" />
                  <PolyStepSegment x="47.826628" y="28.860796" />
                  <PolyStepSegment x="47.868271" y="28.891334" />
                  <PolyStepSegment x="47.909914" y="28.924649" />
                  <PolyStepSegment x="47.948781" y="28.963516" />
                  <PolyStepSegment x="47.951558" y="28.966292" />
                  <PolyStepSegment x="47.95711" y="28.974621" />
                  <PolyStepSegment x="47.968215" y="28.985726" />
                  <PolyStepSegment x="47.97932" y="29.005159" />
                  <PolyStepSegment x="47.995977" y="29.027369" />
                  <PolyStepSegment x="48.012634" y="29.057907" />
                  <PolyStepSegment x="48.029292" y="29.091222" />
                  <PolyStepSegment x="48.048725" y="29.130089" />
                  <PolyStepSegment x="48.068159" y="29.174509" />
                  <PolyStepSegment x="48.084816" y="29.224481" />
                  <PolyStepSegment x="48.101474" y="29.280005" />
                  <PolyStepSegment x="48.118131" y="29.338306" />
                  <PolyStepSegment x="48.129236" y="29.404935" />
                  <PolyStepSegment x="48.140341" y="29.47434" />
                  <PolyStepSegment x="48.145893" y="29.552074" />
                  <PolyStepSegment x="48.148669" y="29.632585" />
                  <PolyStepSegment x="48.148669" y="29.638137" />
                  <PolyStepSegment x="48.148669" y="29.652018" />
                  <PolyStepSegment x="48.148669" y="29.674228" />
                  <PolyStepSegment x="48.145893" y="29.704767" />
                  <PolyStepSegment x="48.143117" y="29.740857" />
                  <PolyStepSegment x="48.137564" y="29.782501" />
                  <PolyStepSegment x="48.132012" y="29.829696" />
                  <PolyStepSegment x="48.123683" y="29.879668" />
                  <PolyStepSegment x="48.115355" y="29.932417" />
                  <PolyStepSegment x="48.101474" y="29.987941" />
                  <PolyStepSegment x="48.084816" y="30.043465" />
                  <PolyStepSegment x="48.068159" y="30.096214" />
                  <PolyStepSegment x="48.043173" y="30.148962" />
                  <PolyStepSegment x="48.018187" y="30.198934" />
                  <PolyStepSegment x="47.987648" y="30.248906" />
                  <PolyStepSegment x="47.954334" y="30.290549" />
                  <PolyStepSegment x="47.951558" y="30.293325" />
                  <PolyStepSegment x="47.946005" y="30.298878" />
                  <PolyStepSegment x="47.9349" y="30.309983" />
                  <PolyStepSegment x="47.918243" y="30.323864" />
                  <PolyStepSegment x="47.898809" y="30.340521" />
                  <PolyStepSegment x="47.8766" y="30.359955" />
                  <PolyStepSegment x="47.848837" y="30.379388" />
                  <PolyStepSegment x="47.818299" y="30.401598" />
                  <PolyStepSegment x="47.782208" y="30.421031" />
                  <PolyStepSegment x="47.743341" y="30.440465" />
                  <PolyStepSegment x="47.701698" y="30.459898" />
                  <PolyStepSegment x="47.654502" y="30.476556" />
                  <PolyStepSegment x="47.607306" y="30.490437" />
                  <PolyStepSegment x="47.554558" y="30.501542" />
                  <PolyStepSegment x="47.499034" y="30.507094" />
                  <PolyStepSegment x="47.440733" y="30.50987" />
                </Cutout>
              </Contour>
            </Features>
            <Features>
              <Contour>
                <Polygon>
                  <PolyBegin x="50.061485" y="30.948513" />
                  <PolyStepSegment x="50.103128" y="30.945737" />
                  <PolyStepSegment x="50.147548" y="30.940184" />
                  <PolyStepSegment x="50.200296" y="30.934632" />
                  <PolyStepSegment x="50.25582" y="30.923527" />
                  <PolyStepSegment x="50.311345" y="30.912422" />
                  <PolyStepSegment x="50.372421" y="30.898541" />
                  <PolyStepSegment x="50.433498" y="30.881884" />
                  <PolyStepSegment x="50.491799" y="30.86245" />
                  <PolyStepSegment x="50.5501" y="30.837464" />
                  <PolyStepSegment x="50.6084" y="30.806926" />
                  <PolyStepSegment x="50.661148" y="30.776388" />
                  <PolyStepSegment x="50.708344" y="30.73752" />
                  <PolyStepSegment x="50.71112" y="30.734744" />
                  <PolyStepSegment x="50.719449" y="30.729192" />
                  <PolyStepSegment x="50.730554" y="30.715311" />
                  <PolyStepSegment x="50.747211" y="30.698653" />
                  <PolyStepSegment x="50.766645" y="30.67922" />
                  <PolyStepSegment x="50.786078" y="30.651458" />
                  <PolyStepSegment x="50.808288" y="30.620919" />
                  <PolyStepSegment x="50.833274" y="30.587605" />
                  <PolyStepSegment x="50.855484" y="30.548737" />
                  <PolyStepSegment x="50.877694" y="30.507094" />
                  <PolyStepSegment x="50.899903" y="30.459898" />
                  <PolyStepSegment x="50.919337" y="30.409926" />
                  <PolyStepSegment x="50.93877" y="30.357178" />
                  <PolyStepSegment x="50.952651" y="30.298878" />
                  <PolyStepSegment x="50.96098" y="30.237801" />
                  <PolyStepSegment x="50.966533" y="30.173948" />
                  <PolyStepSegment x="50.450156" y="30.154514" />
                  <PolyStepSegment x="50.450156" y="30.15729" />
                  <PolyStepSegment x="50.447379" y="30.162843" />
                  <PolyStepSegment x="50.447379" y="30.173948" />
                  <PolyStepSegment x="50.444603" y="30.185053" />
                  <PolyStepSegment x="50.439051" y="30.20171" />
                  <PolyStepSegment x="50.433498" y="30.221144" />
                  <PolyStepSegment x="50.419617" y="30.262787" />
                  <PolyStepSegment x="50.400184" y="30.307206" />
                  <PolyStepSegment x="50.375198" y="30.354402" />
                  <PolyStepSegment x="50.344659" y="30.398822" />
                  <PolyStepSegment x="50.305792" y="30.434912" />
                  <PolyStepSegment x="50.30024" y="30.437689" />
                  <PolyStepSegment x="50.286359" y="30.448794" />
                  <PolyStepSegment x="50.261373" y="30.462675" />
                  <PolyStepSegment x="50.225282" y="30.479332" />
                  <PolyStepSegment x="50.178086" y="30.495989" />
                  <PolyStepSegment x="50.122562" y="30.50987" />
                  <PolyStepSegment x="50.055932" y="30.520975" />
                  <PolyStepSegment x="49.978198" y="30.523752" />
                  <PolyStepSegment x="49.942107" y="30.523752" />
                  <PolyStepSegment x="49.922674" y="30.520975" />
                  <PolyStepSegment x="49.900464" y="30.518199" />
                  <PolyStepSegment x="49.847716" y="30.512647" />
                  <PolyStepSegment x="49.792191" y="30.501542" />
                  <PolyStepSegment x="49.731115" y="30.484884" />
                  <PolyStepSegment x="49.67559" y="30.459898" />
                  <PolyStepSegment x="49.622842" y="30.42936" />
                  <PolyStepSegment x="49.620066" y="30.426584" />
                  <PolyStepSegment x="49.611737" y="30.418255" />
                  <PolyStepSegment x="49.597856" y="30.404374" />
                  <PolyStepSegment x="49.583975" y="30.387717" />
                  <PolyStepSegment x="49.567318" y="30.365507" />
                  <PolyStepSegment x="49.556213" y="30.337745" />
                  <PolyStepSegment x="49.545108" y="30.307206" />
                  <PolyStepSegment x="49.542332" y="30.271115" />
                  <PolyStepSegment x="49.542332" y="30.268339" />
                  <PolyStepSegment x="49.542332" y="30.257234" />
                  <PolyStepSegment x="49.545108" y="30.237801" />
                  <PolyStepSegment x="49.55066" y="30.218367" />
                  <PolyStepSegment x="49.561765" y="30.193381" />
                  <PolyStepSegment x="49.57287" y="30.165619" />
                  <PolyStepSegment x="49.592304" y="30.140633" />
                  <PolyStepSegment x="49.61729" y="30.115647" />
                  <PolyStepSegment x="49.622842" y="30.112871" />
                  <PolyStepSegment x="49.628395" y="30.107318" />
                  <PolyStepSegment x="49.639499" y="30.101766" />
                  <PolyStepSegment x="49.650604" y="30.093437" />
                  <PolyStepSegment x="49.667262" y="30.085109" />
                  <PolyStepSegment x="49.689471" y="30.074004" />
                  <PolyStepSegment x="49.714457" y="30.062899" />
                  <PolyStepSegment x="49.74222" y="30.051794" />
                  <PolyStepSegment x="49.775534" y="30.037913" />
                  <PolyStepSegment x="49.814401" y="30.024032" />
                  <PolyStepSegment x="49.858821" y="30.010151" />
                  <PolyStepSegment x="49.908793" y="29.993493" />
                  <PolyStepSegment x="49.964317" y="29.976836" />
                  <PolyStepSegment x="50.025394" y="29.960179" />
                  <PolyStepSegment x="50.092023" y="29.943522" />
                  <PolyStepSegment x="50.097576" y="29.943522" />
                  <PolyStepSegment x="50.108681" y="29.940745" />
                  <PolyStepSegment x="50.128114" y="29.935193" />
                  <PolyStepSegment x="50.1531" y="29.92964" />
                  <PolyStepSegment x="50.186415" y="29.921312" />
                  <PolyStepSegment x="50.219729" y="29.910207" />
                  <PolyStepSegment x="50.261373" y="29.899102" />
                  <PolyStepSegment x="50.303016" y="29.887997" />
                  <PolyStepSegment x="50.394631" y="29.860235" />
                  <PolyStepSegment x="50.486246" y="29.829696" />
                  <PolyStepSegment x="50.530666" y="29.813039" />
                  <PolyStepSegment x="50.575086" y="29.796382" />
                  <PolyStepSegment x="50.613953" y="29.776948" />
                  <PolyStepSegment x="50.650043" y="29.760291" />
                  <PolyStepSegment x="50.65282" y="29.760291" />
                  <PolyStepSegment x="50.658372" y="29.754739" />
                  <PolyStepSegment x="50.666701" y="29.749186" />
                  <PolyStepSegment x="50.680582" y="29.743634" />
                  <PolyStepSegment x="50.713897" y="29.721424" />
                  <PolyStepSegment x="50.75554" y="29.693662" />
                  <PolyStepSegment x="50.799959" y="29.654795" />
                  <PolyStepSegment x="50.847155" y="29.610375" />
                  <PolyStepSegment x="50.894351" y="29.557627" />
                  <PolyStepSegment x="50.935994" y="29.499326" />
                  <PolyStepSegment x="50.935994" y="29.49655" />
                  <PolyStepSegment x="50.941547" y="29.490998" />
                  <PolyStepSegment x="50.944323" y="29.482669" />
                  <PolyStepSegment x="50.952651" y="29.468788" />
                  <PolyStepSegment x="50.96098" y="29.452131" />
                  <PolyStepSegment x="50.969309" y="29.432697" />
                  <PolyStepSegment x="50.977637" y="29.410487" />
                  <PolyStepSegment x="50.988742" y="29.385501" />
                  <PolyStepSegment x="50.997071" y="29.357739" />
                  <PolyStepSegment x="51.0054" y="29.327201" />
                  <PolyStepSegment x="51.022057" y="29.257795" />
                  <PolyStepSegment x="51.033162" y="29.177285" />
                  <PolyStepSegment x="51.038714" y="29.091222" />
                  <PolyStepSegment x="51.038714" y="29.088446" />
                  <PolyStepSegment x="51.038714" y="29.082893" />
                  <PolyStepSegment x="51.038714" y="29.069012" />
                  <PolyStepSegment x="51.035938" y="29.055131" />
                  <PolyStepSegment x="51.035938" y="29.035698" />
                  <PolyStepSegment x="51.033162" y="29.010712" />
                  <PolyStepSegment x="51.027609" y="28.985726" />
                  <PolyStepSegment x="51.022057" y="28.957963" />
                  <PolyStepSegment x="51.008176" y="28.89411" />
                  <PolyStepSegment x="50.985966" y="28.824705" />
                  <PolyStepSegment x="50.955428" y="28.752523" />
                  <PolyStepSegment x="50.935994" y="28.713656" />
                  <PolyStepSegment x="50.913784" y="28.677565" />
                  <PolyStepSegment x="50.913784" y="28.674789" />
                  <PolyStepSegment x="50.908232" y="28.669237" />
                  <PolyStepSegment x="50.899903" y="28.658132" />
                  <PolyStepSegment x="50.891575" y="28.647027" />
                  <PolyStepSegment x="50.877694" y="28.630369" />
                  <PolyStepSegment x="50.863812" y="28.610936" />
                  <PolyStepSegment x="50.824945" y="28.569293" />
                  <PolyStepSegment x="50.774973" y="28.524873" />
                  <PolyStepSegment x="50.716673" y="28.474901" />
                  <PolyStepSegment x="50.647267" y="28.430482" />
                  <PolyStepSegment x="50.566757" y="28.391615" />
                  <PolyStepSegment x="50.563981" y="28.391615" />
                  <PolyStepSegment x="50.555652" y="28.388838" />
                  <PolyStepSegment x="50.544547" y="28.383286" />
                  <PolyStepSegment x="50.52789" y="28.377733" />
                  <PolyStepSegment x="50.50568" y="28.369405" />
                  <PolyStepSegment x="50.477918" y="28.363852" />
                  <PolyStepSegment x="50.447379" y="28.355524" />
                  <PolyStepSegment x="50.414065" y="28.347195" />
                  <PolyStepSegment x="50.375198" y="28.33609" />
                  <PolyStepSegment x="50.333554" y="28.327761" />
                  <PolyStepSegment x="50.286359" y="28.322209" />
                  <PolyStepSegment x="50.236387" y="28.31388" />
                  <PolyStepSegment x="50.186415" y="28.308328" />
                  <PolyStepSegment x="50.128114" y="28.302776" />
                  <PolyStepSegment x="50.069814" y="28.299999" />
                  <PolyStepSegment x="49.986527" y="28.299999" />
                  <PolyStepSegment x="49.961541" y="28.302776" />
                  <PolyStepSegment x="49.928226" y="28.302776" />
                  <PolyStepSegment x="49.889359" y="28.305552" />
                  <PolyStepSegment x="49.842163" y="28.311104" />
                  <PolyStepSegment x="49.789415" y="28.319433" />
                  <PolyStepSegment x="49.733891" y="28.327761" />
                  <PolyStepSegment x="49.672814" y="28.338866" />
                  <PolyStepSegment x="49.611737" y="28.355524" />
                  <PolyStepSegment x="49.55066" y="28.372181" />
                  <PolyStepSegment x="49.489584" y="28.394391" />
                  <PolyStepSegment x="49.428507" y="28.419377" />
                  <PolyStepSegment x="49.370206" y="28.449915" />
                  <PolyStepSegment x="49.314682" y="28.48323" />
                  <PolyStepSegment x="49.261933" y="28.522097" />
                  <PolyStepSegment x="49.259157" y="28.524873" />
                  <PolyStepSegment x="49.250829" y="28.533202" />
                  <PolyStepSegment x="49.236948" y="28.547083" />
                  <PolyStepSegment x="49.22029" y="28.56374" />
                  <PolyStepSegment x="49.200857" y="28.588726" />
                  <PolyStepSegment x="49.175871" y="28.616488" />
                  <PolyStepSegment x="49.150885" y="28.649803" />
                  <PolyStepSegment x="49.125899" y="28.68867" />
                  <PolyStepSegment x="49.098136" y="28.73309" />
                  <PolyStepSegment x="49.070374" y="28.780285" />
                  <PolyStepSegment x="49.045388" y="28.83581" />
                  <PolyStepSegment x="49.020402" y="28.89411" />
                  <PolyStepSegment x="48.998193" y="28.957963" />
                  <PolyStepSegment x="48.978759" y="29.024593" />
                  <PolyStepSegment x="48.962102" y="29.099551" />
                  <PolyStepSegment x="48.950997" y="29.177285" />
                  <PolyStepSegment x="49.453493" y="29.227257" />
                  <PolyStepSegment x="49.453493" y="29.224481" />
                  <PolyStepSegment x="49.456269" y="29.216152" />
                  <PolyStepSegment x="49.459045" y="29.202271" />
                  <PolyStepSegment x="49.461821" y="29.185613" />
                  <PolyStepSegment x="49.467374" y="29.163404" />
                  <PolyStepSegment x="49.475702" y="29.141194" />
                  <PolyStepSegment x="49.49236" y="29.08567" />
                  <PolyStepSegment x="49.517346" y="29.024593" />
                  <PolyStepSegment x="49.55066" y="28.96074" />
                  <PolyStepSegment x="49.589527" y="28.902439" />
                  <PolyStepSegment x="49.611737" y="28.877453" />
                  <PolyStepSegment x="49.636723" y="28.852467" />
                  <PolyStepSegment x="49.639499" y="28.852467" />
                  <PolyStepSegment x="49.642276" y="28.846915" />
                  <PolyStepSegment x="49.650604" y="28.841362" />
                  <PolyStepSegment x="49.661709" y="28.833034" />
                  <PolyStepSegment x="49.67559" y="28.824705" />
                  <PolyStepSegment x="49.695024" y="28.816376" />
                  <PolyStepSegment x="49.714457" y="28.805271" />
                  <PolyStepSegment x="49.736667" y="28.794166" />
                  <PolyStepSegment x="49.792191" y="28.771957" />
                  <PolyStepSegment x="49.856045" y="28.755299" />
                  <PolyStepSegment x="49.931002" y="28.741418" />
                  <PolyStepSegment x="50.014289" y="28.735866" />
                  <PolyStepSegment x="50.039275" y="28.735866" />
                  <PolyStepSegment x="50.055932" y="28.738642" />
                  <PolyStepSegment x="50.078142" y="28.738642" />
                  <PolyStepSegment x="50.100352" y="28.741418" />
                  <PolyStepSegment x="50.155876" y="28.749747" />
                  <PolyStepSegment x="50.216953" y="28.760852" />
                  <PolyStepSegment x="50.280806" y="28.780285" />
                  <PolyStepSegment x="50.341883" y="28.805271" />
                  <PolyStepSegment x="50.369645" y="28.821929" />
                  <PolyStepSegment x="50.394631" y="28.841362" />
                  <PolyStepSegment x="50.397407" y="28.841362" />
                  <PolyStepSegment x="50.400184" y="28.846915" />
                  <PolyStepSegment x="50.414065" y="28.860796" />
                  <PolyStepSegment x="50.436275" y="28.883005" />
                  <PolyStepSegment x="50.458484" y="28.910768" />
                  <PolyStepSegment x="50.480694" y="28.946859" />
                  <PolyStepSegment x="50.502904" y="28.991278" />
                  <PolyStepSegment x="50.516785" y="29.038474" />
                  <PolyStepSegment x="50.522337" y="29.06346" />
                  <PolyStepSegment x="50.522337" y="29.088446" />
                  <PolyStepSegment x="50.522337" y="29.091222" />
                  <PolyStepSegment x="50.522337" y="29.105103" />
                  <PolyStepSegment x="50.519561" y="29.12176" />
                  <PolyStepSegment x="50.516785" y="29.141194" />
                  <PolyStepSegment x="50.508456" y="29.16618" />
                  <PolyStepSegment x="50.500128" y="29.193942" />
                  <PolyStepSegment x="50.486246" y="29.218928" />
                  <PolyStepSegment x="50.466813" y="29.243914" />
                  <PolyStepSegment x="50.464037" y="29.24669" />
                  <PolyStepSegment x="50.455708" y="29.255019" />
                  <PolyStepSegment x="50.441827" y="29.266124" />
                  <PolyStepSegment x="50.42517" y="29.282781" />
                  <PolyStepSegment x="50.397407" y="29.299438" />
                  <PolyStepSegment x="50.366869" y="29.318872" />
                  <PolyStepSegment x="50.328002" y="29.335529" />
                  <PolyStepSegment x="50.280806" y="29.354963" />
                  <PolyStepSegment x="50.275254" y="29.357739" />
                  <PolyStepSegment x="50.269701" y="29.357739" />
                  <PolyStepSegment x="50.261373" y="29.360515" />
                  <PolyStepSegment x="50.250268" y="29.363292" />
                  <PolyStepSegment x="50.23361" y="29.368844" />
                  <PolyStepSegment x="50.216953" y="29.374396" />
                  <PolyStepSegment x="50.194743" y="29.379949" />
                  <PolyStepSegment x="50.169757" y="29.388278" />
                  <PolyStepSegment x="50.139219" y="29.396606" />
                  <PolyStepSegment x="50.105904" y="29.404935" />
                  <PolyStepSegment x="50.067037" y="29.41604" />
                  <PolyStepSegment x="50.025394" y="29.427145" />
                  <PolyStepSegment x="49.978198" y="29.438249" />
                  <PolyStepSegment x="49.92545" y="29.452131" />
                  <PolyStepSegment x="49.867149" y="29.466012" />
                  <PolyStepSegment x="49.861597" y="29.466012" />
                  <PolyStepSegment x="49.847716" y="29.471564" />
                  <PolyStepSegment x="49.828282" y="29.477117" />
                  <PolyStepSegment x="49.80052" y="29.485445" />
                  <PolyStepSegment x="49.764429" y="29.493774" />
                  <PolyStepSegment x="49.725562" y="29.507655" />
                  <PolyStepSegment x="49.683919" y="29.521536" />
                  <PolyStepSegment x="49.639499" y="29.535417" />
                  <PolyStepSegment x="49.542332" y="29.574284" />
                  <PolyStepSegment x="49.445164" y="29.615928" />
                  <PolyStepSegment x="49.400744" y="29.640914" />
                  <PolyStepSegment x="49.356325" y="29.6659" />
                  <PolyStepSegment x="49.317458" y="29.690885" />
                  <PolyStepSegment x="49.284143" y="29.718648" />
                  <PolyStepSegment x="49.281367" y="29.721424" />
                  <PolyStepSegment x="49.273038" y="29.729753" />
                  <PolyStepSegment x="49.261933" y="29.740857" />
                  <PolyStepSegment x="49.248052" y="29.757515" />
                  <PolyStepSegment x="49.228619" y="29.776948" />
                  <PolyStepSegment x="49.209185" y="29.801934" />
                  <PolyStepSegment x="49.186976" y="29.829696" />
                  <PolyStepSegment x="49.167542" y="29.863011" />
                  <PolyStepSegment x="49.145332" y="29.899102" />
                  <PolyStepSegment x="49.123122" y="29.937969" />
                  <PolyStepSegment x="49.103689" y="29.982389" />
                  <PolyStepSegment x="49.084255" y="30.026808" />
                  <PolyStepSegment x="49.070374" y="30.074004" />
                  <PolyStepSegment x="49.059269" y="30.126752" />
                  <PolyStepSegment x="49.050941" y="30.1795" />
                  <PolyStepSegment x="49.048165" y="30.235025" />
                  <PolyStepSegment x="49.048165" y="30.237801" />
                  <PolyStepSegment x="49.048165" y="30.243353" />
                  <PolyStepSegment x="49.048165" y="30.254458" />
                  <PolyStepSegment x="49.050941" y="30.268339" />
                  <PolyStepSegment x="49.050941" y="30.284997" />
                  <PolyStepSegment x="49.053717" y="30.307206" />
                  <PolyStepSegment x="49.062046" y="30.354402" />
                  <PolyStepSegment x="49.075927" y="30.409926" />
                  <PolyStepSegment x="49.09536" y="30.47378" />
                  <PolyStepSegment x="49.123122" y="30.537633" />
                  <PolyStepSegment x="49.159213" y="30.601486" />
                  <PolyStepSegment x="49.159213" y="30.604262" />
                  <PolyStepSegment x="49.164766" y="30.609814" />
                  <PolyStepSegment x="49.170318" y="30.618143" />
                  <PolyStepSegment x="49.178647" y="30.629248" />
                  <PolyStepSegment x="49.206409" y="30.659786" />
                  <PolyStepSegment x="49.239724" y="30.698653" />
                  <PolyStepSegment x="49.286919" y="30.740297" />
                  <PolyStepSegment x="49.339668" y="30.78194" />
                  <PolyStepSegment x="49.406297" y="30.823583" />
                  <PolyStepSegment x="49.478479" y="30.859674" />
                  <PolyStepSegment x="49.481255" y="30.859674" />
                  <PolyStepSegment x="49.486807" y="30.86245" />
                  <PolyStepSegment x="49.500688" y="30.868003" />
                  <PolyStepSegment x="49.51457" y="30.873555" />
                  <PolyStepSegment x="49.536779" y="30.881884" />
                  <PolyStepSegment x="49.558989" y="30.887436" />
                  <PolyStepSegment x="49.586751" y="30.895765" />
                  <PolyStepSegment x="49.620066" y="30.90687" />
                  <PolyStepSegment x="49.656157" y="30.915199" />
                  <PolyStepSegment x="49.692248" y="30.923527" />
                  <PolyStepSegment x="49.733891" y="30.92908" />
                  <PolyStepSegment x="49.77831" y="30.937408" />
                  <PolyStepSegment x="49.828282" y="30.942961" />
                  <PolyStepSegment x="49.875478" y="30.948513" />
                  <PolyStepSegment x="49.983751" y="30.951289" />
                  <PolyStepSegment x="50.030946" y="30.951289" />
                  <PolyStepSegment x="50.061485" y="30.948513" />
                </Polygon>
              </Contour>
            </Features>
            <Features>
              <Contour>
                <Polygon>
                  <PolyBegin x="152.098936" y="30.476556" />
                  <PolyStepSegment x="150.716379" y="30.476556" />
                  <PolyStepSegment x="150.716379" y="29.910207" />
                  <PolyStepSegment x="152.001769" y="29.910207" />
                  <PolyStepSegment x="152.001769" y="29.477117" />
                  <PolyStepSegment x="150.716379" y="29.477117" />
                  <PolyStepSegment x="150.716379" y="28.780285" />
                  <PolyStepSegment x="152.148908" y="28.780285" />
                  <PolyStepSegment x="152.148908" y="28.347195" />
                  <PolyStepSegment x="150.200002" y="28.347195" />
                  <PolyStepSegment x="150.200002" y="30.909646" />
                  <PolyStepSegment x="152.098936" y="30.909646" />
                  <PolyStepSegment x="152.098936" y="30.476556" />
                </Polygon>
              </Contour>
            </Features>
            <Features>
              <Contour>
                <Polygon>
                  <PolyBegin x="153.825745" y="29.682557" />
                  <PolyStepSegment x="154.708583" y="28.347195" />
                  <PolyStepSegment x="154.08671" y="28.347195" />
                  <PolyStepSegment x="153.517585" y="29.216152" />
                  <PolyStepSegment x="152.945683" y="28.347195" />
                  <PolyStepSegment x="152.326586" y="28.347195" />
                  <PolyStepSegment x="153.214977" y="29.679781" />
                  <PolyStepSegment x="152.409873" y="30.909646" />
                  <PolyStepSegment x="153.015089" y="30.909646" />
                  <PolyStepSegment x="153.520361" y="30.140633" />
                  <PolyStepSegment x="154.031185" y="30.909646" />
                  <PolyStepSegment x="154.630849" y="30.909646" />
                  <PolyStepSegment x="153.825745" y="29.682557" />
                </Polygon>
              </Contour>
            </Features>
            <Features>
              <Contour>
                <Polygon>
                  <PolyBegin x="156.124455" y="30.948513" />
                  <PolyStepSegment x="156.15777" y="30.945737" />
                  <PolyStepSegment x="156.196637" y="30.942961" />
                  <PolyStepSegment x="156.243833" y="30.937408" />
                  <PolyStepSegment x="156.296581" y="30.92908" />
                  <PolyStepSegment x="156.352105" y="30.915199" />
                  <PolyStepSegment x="156.410406" y="30.901317" />
                  <PolyStepSegment x="156.471483" y="30.881884" />
                  <PolyStepSegment x="156.535336" y="30.859674" />
                  <PolyStepSegment x="156.599189" y="30.831912" />
                  <PolyStepSegment x="156.663042" y="30.801373" />
                  <PolyStepSegment x="156.726895" y="30.762506" />
                  <PolyStepSegment x="156.785196" y="30.720863" />
                  <PolyStepSegment x="156.843496" y="30.670891" />
                  <PolyStepSegment x="156.846273" y="30.668115" />
                  <PolyStepSegment x="156.851825" y="30.662562" />
                  <PolyStepSegment x="156.860154" y="30.654234" />
                  <PolyStepSegment x="156.871259" y="30.640353" />
                  <PolyStepSegment x="156.887916" y="30.623695" />
                  <PolyStepSegment x="156.904573" y="30.604262" />
                  <PolyStepSegment x="156.92123" y="30.579276" />
                  <PolyStepSegment x="156.94344" y="30.551514" />
                  <PolyStepSegment x="156.962874" y="30.518199" />
                  <PolyStepSegment x="156.985084" y="30.484884" />
                  <PolyStepSegment x="157.007293" y="30.446017" />
                  <PolyStepSegment x="157.029503" y="30.404374" />
                  <PolyStepSegment x="157.048937" y="30.357178" />
                  <PolyStepSegment x="157.071146" y="30.309983" />
                  <PolyStepSegment x="157.09058" y="30.257234" />
                  <PolyStepSegment x="157.107237" y="30.20171" />
                  <PolyStepSegment x="156.596413" y="30.079556" />
                  <PolyStepSegment x="156.596413" y="30.082333" />
                  <PolyStepSegment x="156.593637" y="30.087885" />
                  <PolyStepSegment x="156.59086" y="30.09899" />
                  <PolyStepSegment x="156.588084" y="30.112871" />
                  <PolyStepSegment x="156.582532" y="30.129528" />
                  <PolyStepSegment x="156.574203" y="30.148962" />
                  <PolyStepSegment x="156.554769" y="30.193381" />
                  <PolyStepSegment x="156.529783" y="30.243353" />
                  <PolyStepSegment x="156.496469" y="30.296101" />
                  <PolyStepSegment x="156.454826" y="30.346073" />
                  <PolyStepSegment x="156.404854" y="30.393269" />
                  <PolyStepSegment x="156.402077" y="30.396045" />
                  <PolyStepSegment x="156.399301" y="30.398822" />
                  <PolyStepSegment x="156.390972" y="30.404374" />
                  <PolyStepSegment x="156.379868" y="30.412703" />
                  <PolyStepSegment x="156.365986" y="30.421031" />
                  <PolyStepSegment x="156.349329" y="30.42936" />
                  <PolyStepSegment x="156.307686" y="30.45157" />
                  <PolyStepSegment x="156.254938" y="30.47378" />
                  <PolyStepSegment x="156.196637" y="30.490437" />
                  <PolyStepSegment x="156.130008" y="30.504318" />
                  <PolyStepSegment x="156.05505" y="30.50987" />
                  <PolyStepSegment x="156.027288" y="30.50987" />
                  <PolyStepSegment x="156.007854" y="30.507094" />
                  <PolyStepSegment x="155.982868" y="30.504318" />
                  <PolyStepSegment x="155.955106" y="30.498766" />
                  <PolyStepSegment x="155.924568" y="30.493213" />
                  <PolyStepSegment x="155.891253" y="30.484884" />
                  <PolyStepSegment x="155.855162" y="30.47378" />
                  <PolyStepSegment x="155.816295" y="30.459898" />
                  <PolyStepSegment x="155.777428" y="30.443241" />
                  <PolyStepSegment x="155.738561" y="30.423808" />
                  <PolyStepSegment x="155.699694" y="30.398822" />
                  <PolyStepSegment x="155.663603" y="30.371059" />
                  <PolyStepSegment x="155.624736" y="30.340521" />
                  <PolyStepSegment x="155.591421" y="30.30443" />
                  <PolyStepSegment x="155.588645" y="30.301654" />
                  <PolyStepSegment x="155.583092" y="30.296101" />
                  <PolyStepSegment x="155.574764" y="30.28222" />
                  <PolyStepSegment x="155.563659" y="30.265563" />
                  <PolyStepSegment x="155.549778" y="30.243353" />
                  <PolyStepSegment x="155.535897" y="30.215591" />
                  <PolyStepSegment x="155.519239" y="30.182276" />
                  <PolyStepSegment x="155.505358" y="30.143409" />
                  <PolyStepSegment x="155.488701" y="30.101766" />
                  <PolyStepSegment x="155.472044" y="30.051794" />
                  <PolyStepSegment x="155.458163" y="29.999046" />
                  <PolyStepSegment x="155.444281" y="29.937969" />
                  <PolyStepSegment x="155.433177" y="29.87134" />
                  <PolyStepSegment x="155.424848" y="29.801934" />
                  <PolyStepSegment x="155.419295" y="29.7242" />
                  <PolyStepSegment x="155.416519" y="29.640914" />
                  <PolyStepSegment x="155.416519" y="29.635361" />
                  <PolyStepSegment x="155.416519" y="29.618704" />
                  <PolyStepSegment x="155.416519" y="29.593718" />
                  <PolyStepSegment x="155.419295" y="29.563179" />
                  <PolyStepSegment x="155.422072" y="29.521536" />
                  <PolyStepSegment x="155.424848" y="29.477117" />
                  <PolyStepSegment x="155.4304" y="29.427145" />
                  <PolyStepSegment x="155.438729" y="29.37162" />
                  <PolyStepSegment x="155.458163" y="29.257795" />
                  <PolyStepSegment x="155.472044" y="29.202271" />
                  <PolyStepSegment x="155.488701" y="29.14397" />
                  <PolyStepSegment x="155.508134" y="29.088446" />
                  <PolyStepSegment x="155.53312" y="29.038474" />
                  <PolyStepSegment x="155.558106" y="28.991278" />
                  <PolyStepSegment x="155.588645" y="28.949635" />
                  <PolyStepSegment x="155.591421" y="28.946859" />
                  <PolyStepSegment x="155.596974" y="28.941306" />
                  <PolyStepSegment x="155.608078" y="28.930201" />
                  <PolyStepSegment x="155.619183" y="28.91632" />
                  <PolyStepSegment x="155.638617" y="28.902439" />
                  <PolyStepSegment x="155.65805" y="28.885782" />
                  <PolyStepSegment x="155.683036" y="28.866348" />
                  <PolyStepSegment x="155.710799" y="28.846915" />
                  <PolyStepSegment x="155.741337" y="28.827481" />
                  <PolyStepSegment x="155.777428" y="28.808048" />
                  <PolyStepSegment x="155.813519" y="28.79139" />
                  <PolyStepSegment x="155.855162" y="28.777509" />
                  <PolyStepSegment x="155.896805" y="28.763628" />
                  <PolyStepSegment x="155.944001" y="28.752523" />
                  <PolyStepSegment x="155.993973" y="28.746971" />
                  <PolyStepSegment x="156.043945" y="28.744194" />
                  <PolyStepSegment x="156.063378" y="28.744194" />
                  <PolyStepSegment x="156.07726" y="28.746971" />
                  <PolyStepSegment x="156.096693" y="28.746971" />
                  <PolyStepSegment x="156.116127" y="28.752523" />
                  <PolyStepSegment x="156.166099" y="28.760852" />
                  <PolyStepSegment x="156.221623" y="28.777509" />
                  <PolyStepSegment x="156.279924" y="28.799719" />
                  <PolyStepSegment x="156.338224" y="28.833034" />
                  <PolyStepSegment x="156.368763" y="28.852467" />
                  <PolyStepSegment x="156.396525" y="28.874677" />
                  <PolyStepSegment x="156.399301" y="28.877453" />
                  <PolyStepSegment x="156.402077" y="28.880229" />
                  <PolyStepSegment x="156.410406" y="28.888558" />
                  <PolyStepSegment x="156.421511" y="28.899663" />
                  <PolyStepSegment x="156.432616" y="28.913544" />
                  <PolyStepSegment x="156.446497" y="28.930201" />
                  <PolyStepSegment x="156.463154" y="28.952411" />
                  <PolyStepSegment x="156.479811" y="28.974621" />
                  <PolyStepSegment x="156.496469" y="29.002383" />
                  <PolyStepSegment x="156.515902" y="29.032921" />
                  <PolyStepSegment x="156.53256" y="29.066236" />
                  <PolyStepSegment x="156.551993" y="29.105103" />
                  <PolyStepSegment x="156.568651" y="29.14397" />
                  <PolyStepSegment x="156.585308" y="29.18839" />
                  <PolyStepSegment x="156.599189" y="29.238362" />
                  <PolyStepSegment x="156.61307" y="29.288334" />
                  <PolyStepSegment x="157.115566" y="29.132865" />
                  <PolyStepSegment x="157.115566" y="29.127313" />
                  <PolyStepSegment x="157.110013" y="29.113432" />
                  <PolyStepSegment x="157.104461" y="29.093998" />
                  <PolyStepSegment x="157.093356" y="29.06346" />
                  <PolyStepSegment x="157.079475" y="29.030145" />
                  <PolyStepSegment x="157.065594" y="28.988502" />
                  <PolyStepSegment x="157.04616" y="28.944082" />
                  <PolyStepSegment x="157.023951" y="28.896887" />
                  <PolyStepSegment x="156.998965" y="28.846915" />
                  <PolyStepSegment x="156.971202" y="28.794166" />
                  <PolyStepSegment x="156.937888" y="28.741418" />
                  <PolyStepSegment x="156.904573" y="28.691446" />
                  <PolyStepSegment x="156.865706" y="28.638698" />
                  <PolyStepSegment x="156.824063" y="28.591502" />
                  <PolyStepSegment x="156.779643" y="28.547083" />
                  <PolyStepSegment x="156.729671" y="28.50544" />
                  <PolyStepSegment x="156.726895" y="28.502663" />
                  <PolyStepSegment x="156.718566" y="28.497111" />
                  <PolyStepSegment x="156.701909" y="28.486006" />
                  <PolyStepSegment x="156.682476" y="28.474901" />
                  <PolyStepSegment x="156.654713" y="28.458244" />
                  <PolyStepSegment x="156.624175" y="28.441586" />
                  <PolyStepSegment x="156.588084" y="28.422153" />
                  <PolyStepSegment x="156.543665" y="28.405496" />
                  <PolyStepSegment x="156.499245" y="28.386062" />
                  <PolyStepSegment x="156.446497" y="28.366629" />
                  <PolyStepSegment x="156.390972" y="28.349971" />
                  <PolyStepSegment x="156.329896" y="28.333314" />
                  <PolyStepSegment x="156.266043" y="28.322209" />
                  <PolyStepSegment x="156.196637" y="28.311104" />
                  <PolyStepSegment x="156.124455" y="28.305552" />
                  <PolyStepSegment x="156.049497" y="28.302776" />
                  <PolyStepSegment x="156.027288" y="28.302776" />
                  <PolyStepSegment x="155.999525" y="28.305552" />
                  <PolyStepSegment x="155.963435" y="28.308328" />
                  <PolyStepSegment x="155.921791" y="28.31388" />
                  <PolyStepSegment x="155.871819" y="28.322209" />
                  <PolyStepSegment x="155.813519" y="28.330538" />
                  <PolyStepSegment x="155.752442" y="28.347195" />
                  <PolyStepSegment x="155.688589" y="28.363852" />
                  <PolyStepSegment x="155.619183" y="28.388838" />
                  <PolyStepSegment x="155.549778" y="28.416601" />
                  <PolyStepSegment x="155.480372" y="28.449915" />
                  <PolyStepSegment x="155.410967" y="28.488782" />
                  <PolyStepSegment x="155.341561" y="28.535978" />
                  <PolyStepSegment x="155.274932" y="28.588726" />
                  <PolyStepSegment x="155.211079" y="28.649803" />
                  <PolyStepSegment x="155.208303" y="28.652579" />
                  <PolyStepSegment x="155.197198" y="28.66646" />
                  <PolyStepSegment x="155.180541" y="28.685894" />
                  <PolyStepSegment x="155.161107" y="28.713656" />
                  <PolyStepSegment x="155.136121" y="28.749747" />
                  <PolyStepSegment x="155.108359" y="28.79139" />
                  <PolyStepSegment x="155.07782" y="28.841362" />
                  <PolyStepSegment x="155.047282" y="28.899663" />
                  <PolyStepSegment x="155.016744" y="28.963516" />
                  <PolyStepSegment x="154.986205" y="29.035698" />
                  <PolyStepSegment x="154.958443" y="29.113432" />
                  <PolyStepSegment x="154.933457" y="29.199495" />
                  <PolyStepSegment x="154.914023" y="29.29111" />
                  <PolyStepSegment x="154.897366" y="29.388278" />
                  <PolyStepSegment x="154.886261" y="29.490998" />
                  <PolyStepSegment x="154.883485" y="29.602046" />
                  <PolyStepSegment x="154.883485" y="29.604823" />
                  <PolyStepSegment x="154.883485" y="29.610375" />
                  <PolyStepSegment x="154.883485" y="29.618704" />
                  <PolyStepSegment x="154.883485" y="29.629809" />
                  <PolyStepSegment x="154.883485" y="29.646466" />
                  <PolyStepSegment x="154.886261" y="29.663123" />
                  <PolyStepSegment x="154.889037" y="29.707543" />
                  <PolyStepSegment x="154.89459" y="29.760291" />
                  <PolyStepSegment x="154.900142" y="29.824144" />
                  <PolyStepSegment x="154.911247" y="29.89355" />
                  <PolyStepSegment x="154.925128" y="29.965731" />
                  <PolyStepSegment x="154.941786" y="30.046242" />
                  <PolyStepSegment x="154.963995" y="30.126752" />
                  <PolyStepSegment x="154.988981" y="30.210039" />
                  <PolyStepSegment x="155.022296" y="30.293325" />
                  <PolyStepSegment x="155.058387" y="30.373836" />
                  <PolyStepSegment x="155.102806" y="30.45157" />
                  <PolyStepSegment x="155.152778" y="30.526528" />
                  <PolyStepSegment x="155.211079" y="30.595933" />
                  <PolyStepSegment x="155.213855" y="30.598709" />
                  <PolyStepSegment x="155.227736" y="30.612591" />
                  <PolyStepSegment x="155.244394" y="30.629248" />
                  <PolyStepSegment x="155.272156" y="30.651458" />
                  <PolyStepSegment x="155.30547" y="30.67922" />
                  <PolyStepSegment x="155.344338" y="30.709758" />
                  <PolyStepSegment x="155.391533" y="30.740297" />
                  <PolyStepSegment x="155.444281" y="30.773611" />
                  <PolyStepSegment x="155.502582" y="30.806926" />
                  <PolyStepSegment x="155.569211" y="30.840241" />
                  <PolyStepSegment x="155.638617" y="30.868003" />
                  <PolyStepSegment x="155.716351" y="30.895765" />
                  <PolyStepSegment x="155.799638" y="30.917975" />
                  <PolyStepSegment x="155.888477" y="30.937408" />
                  <PolyStepSegment x="155.982868" y="30.948513" />
                  <PolyStepSegment x="156.080036" y="30.951289" />
                  <PolyStepSegment x="156.102246" y="30.951289" />
                  <PolyStepSegment x="156.124455" y="30.948513" />
                </Polygon>
              </Contour>
            </Features>
            <Features>
              <Contour>
                <Polygon>
                  <PolyBegin x="160.591393" y="28.347195" />
                  <PolyStepSegment x="160.075016" y="28.347195" />
                  <PolyStepSegment x="159.03671" y="30.029584" />
                  <PolyStepSegment x="159.03671" y="28.347195" />
                  <PolyStepSegment x="158.5592" y="28.347195" />
                  <PolyStepSegment x="158.5592" y="30.909646" />
                  <PolyStepSegment x="159.05892" y="30.909646" />
                  <PolyStepSegment x="160.113883" y="29.18839" />
                  <PolyStepSegment x="160.113883" y="30.909646" />
                  <PolyStepSegment x="160.591393" y="30.909646" />
                  <PolyStepSegment x="160.591393" y="28.347195" />
                </Polygon>
              </Contour>
            </Features>
            <Features>
              <Contour>
                <Polygon>
                  <PolyBegin x="163.037243" y="30.476556" />
                  <PolyStepSegment x="161.654686" y="30.476556" />
                  <PolyStepSegment x="161.654686" y="29.910207" />
                  <PolyStepSegment x="162.940075" y="29.910207" />
                  <PolyStepSegment x="162.940075" y="29.477117" />
                  <PolyStepSegment x="161.654686" y="29.477117" />
                  <PolyStepSegment x="161.654686" y="28.780285" />
                  <PolyStepSegment x="163.087215" y="28.780285" />
                  <PolyStepSegment x="163.087215" y="28.347195" />
                  <PolyStepSegment x="161.138309" y="28.347195" />
                  <PolyStepSegment x="161.138309" y="30.909646" />
                  <PolyStepSegment x="163.037243" y="30.909646" />
                  <PolyStepSegment x="163.037243" y="30.476556" />
                </Polygon>
              </Contour>
            </Features>
            <Features>
              <Contour>
                <Polygon>
                  <PolyBegin x="164.786262" y="30.948513" />
                  <PolyStepSegment x="164.827905" y="30.945737" />
                  <PolyStepSegment x="164.875101" y="30.940184" />
                  <PolyStepSegment x="164.925073" y="30.934632" />
                  <PolyStepSegment x="164.980597" y="30.926303" />
                  <PolyStepSegment x="165.038898" y="30.915199" />
                  <PolyStepSegment x="165.099975" y="30.901317" />
                  <PolyStepSegment x="165.161051" y="30.887436" />
                  <PolyStepSegment x="165.224904" y="30.868003" />
                  <PolyStepSegment x="165.285981" y="30.843017" />
                  <PolyStepSegment x="165.344282" y="30.818031" />
                  <PolyStepSegment x="165.399806" y="30.787492" />
                  <PolyStepSegment x="165.452555" y="30.751402" />
                  <PolyStepSegment x="165.455331" y="30.748625" />
                  <PolyStepSegment x="165.463659" y="30.743073" />
                  <PolyStepSegment x="165.477541" y="30.731968" />
                  <PolyStepSegment x="165.496974" y="30.715311" />
                  <PolyStepSegment x="165.516408" y="30.693101" />
                  <PolyStepSegment x="165.541394" y="30.670891" />
                  <PolyStepSegment x="165.569156" y="30.640353" />
                  <PolyStepSegment x="165.596918" y="30.607038" />
                  <PolyStepSegment x="165.627456" y="30.570947" />
                  <PolyStepSegment x="165.655219" y="30.529304" />
                  <PolyStepSegment x="165.685757" y="30.482108" />
                  <PolyStepSegment x="165.713519" y="30.434912" />
                  <PolyStepSegment x="165.738505" y="30.382164" />
                  <PolyStepSegment x="165.763491" y="30.323864" />
                  <PolyStepSegment x="165.782925" y="30.262787" />
                  <PolyStepSegment x="165.799582" y="30.198934" />
                  <PolyStepSegment x="165.285981" y="30.101766" />
                  <PolyStepSegment x="165.285981" y="30.104542" />
                  <PolyStepSegment x="165.283205" y="30.110095" />
                  <PolyStepSegment x="165.280429" y="30.1212" />
                  <PolyStepSegment x="165.274876" y="30.132304" />
                  <PolyStepSegment x="165.269324" y="30.148962" />
                  <PolyStepSegment x="165.260995" y="30.168395" />
                  <PolyStepSegment x="165.238786" y="30.210039" />
                  <PolyStepSegment x="165.211023" y="30.257234" />
                  <PolyStepSegment x="165.174933" y="30.307206" />
                  <PolyStepSegment x="165.133289" y="30.354402" />
                  <PolyStepSegment x="165.080541" y="30.398822" />
                  <PolyStepSegment x="165.077765" y="30.398822" />
                  <PolyStepSegment x="165.074989" y="30.404374" />
                  <PolyStepSegment x="165.06666" y="30.409926" />
                  <PolyStepSegment x="165.052779" y="30.415479" />
                  <PolyStepSegment x="165.038898" y="30.423808" />
                  <PolyStepSegment x="165.02224" y="30.434912" />
                  <PolyStepSegment x="165.000031" y="30.443241" />
                  <PolyStepSegment x="164.977821" y="30.454346" />
                  <PolyStepSegment x="164.925073" y="30.47378" />
                  <PolyStepSegment x="164.86122" y="30.493213" />
                  <PolyStepSegment x="164.789038" y="30.504318" />
                  <PolyStepSegment x="164.708528" y="30.50987" />
                  <PolyStepSegment x="164.675213" y="30.50987" />
                  <PolyStepSegment x="164.653003" y="30.507094" />
                  <PolyStepSegment x="164.625241" y="30.504318" />
                  <PolyStepSegment x="164.591926" y="30.498766" />
                  <PolyStepSegment x="164.553059" y="30.490437" />
                  <PolyStepSegment x="164.514192" y="30.482108" />
                  <PolyStepSegment x="164.472549" y="30.471003" />
                  <PolyStepSegment x="164.428129" y="30.457122" />
                  <PolyStepSegment x="164.38371" y="30.440465" />
                  <PolyStepSegment x="164.33929" y="30.418255" />
                  <PolyStepSegment x="164.294871" y="30.393269" />
                  <PolyStepSegment x="164.250451" y="30.365507" />
                  <PolyStepSegment x="164.208808" y="30.332192" />
                  <PolyStepSegment x="164.169941" y="30.293325" />
                  <PolyStepSegment x="164.167165" y="30.290549" />
                  <PolyStepSegment x="164.161612" y="30.28222" />
                  <PolyStepSegment x="164.150507" y="30.271115" />
                  <PolyStepSegment x="164.139402" y="30.251682" />
                  <PolyStepSegment x="164.122745" y="30.229472" />
                  <PolyStepSegment x="164.106088" y="30.20171" />
                  <PolyStepSegment x="164.089431" y="30.171172" />
                  <PolyStepSegment x="164.069997" y="30.132304" />
                  <PolyStepSegment x="164.050563" y="30.090661" />
                  <PolyStepSegment x="164.033906" y="30.043465" />
                  <PolyStepSegment x="164.017249" y="29.990717" />
                  <PolyStepSegment x="164.000591" y="29.932417" />
                  <PolyStepSegment x="163.989487" y="29.87134" />
                  <PolyStepSegment x="163.978382" y="29.804711" />
                  <PolyStepSegment x="163.972829" y="29.732529" />
                  <PolyStepSegment x="163.970053" y="29.654795" />
                  <PolyStepSegment x="163.970053" y="29.649242" />
                  <PolyStepSegment x="163.970053" y="29.635361" />
                  <PolyStepSegment x="163.972829" y="29.610375" />
                  <PolyStepSegment x="163.972829" y="29.579837" />
                  <PolyStepSegment x="163.975606" y="29.54097" />
                  <PolyStepSegment x="163.981158" y="29.499326" />
                  <PolyStepSegment x="163.98671" y="29.449354" />
                  <PolyStepSegment x="163.995039" y="29.396606" />
                  <PolyStepSegment x="164.006144" y="29.343858" />
                  <PolyStepSegment x="164.020025" y="29.285557" />
                  <PolyStepSegment x="164.036682" y="29.230033" />
                  <PolyStepSegment x="164.056116" y="29.171732" />
                  <PolyStepSegment x="164.078326" y="29.116208" />
                  <PolyStepSegment x="164.106088" y="29.06346" />
                  <PolyStepSegment x="164.136626" y="29.013488" />
                  <PolyStepSegment x="164.172717" y="28.969068" />
                  <PolyStepSegment x="164.175493" y="28.966292" />
                  <PolyStepSegment x="164.181046" y="28.96074" />
                  <PolyStepSegment x="164.194927" y="28.946859" />
                  <PolyStepSegment x="164.208808" y="28.932977" />
                  <PolyStepSegment x="164.231018" y="28.91632" />
                  <PolyStepSegment x="164.253227" y="28.896887" />
                  <PolyStepSegment x="164.283766" y="28.877453" />
                  <PolyStepSegment x="164.314304" y="28.855243" />
                  <PolyStepSegment x="164.350395" y="28.833034" />
                  <PolyStepSegment x="164.392038" y="28.8136" />
                  <PolyStepSegment x="164.433682" y="28.794166" />
                  <PolyStepSegment x="164.480878" y="28.777509" />
                  <PolyStepSegment x="164.533626" y="28.763628" />
                  <PolyStepSegment x="164.586374" y="28.752523" />
                  <PolyStepSegment x="164.641898" y="28.744194" />
                  <PolyStepSegment x="164.702975" y="28.741418" />
                  <PolyStepSegment x="164.730737" y="28.741418" />
                  <PolyStepSegment x="164.744618" y="28.744194" />
                  <PolyStepSegment x="164.764052" y="28.744194" />
                  <PolyStepSegment x="164.805695" y="28.749747" />
                  <PolyStepSegment x="164.855667" y="28.758076" />
                  <PolyStepSegment x="164.908415" y="28.76918" />
                  <PolyStepSegment x="164.966716" y="28.783062" />
                  <PolyStepSegment x="165.027793" y="28.805271" />
                  <PolyStepSegment x="165.030569" y="28.805271" />
                  <PolyStepSegment x="165.036122" y="28.808048" />
                  <PolyStepSegment x="165.04445" y="28.810824" />
                  <PolyStepSegment x="165.055555" y="28.816376" />
                  <PolyStepSegment x="165.086094" y="28.830257" />
                  <PolyStepSegment x="165.124961" y="28.849691" />
                  <PolyStepSegment x="165.16938" y="28.871901" />
                  <PolyStepSegment x="165.216576" y="28.896887" />
                  <PolyStepSegment x="165.263772" y="28.924649" />
                  <PolyStepSegment x="165.310967" y="28.957963" />
                  <PolyStepSegment x="165.310967" y="29.285557" />
                  <PolyStepSegment x="164.719632" y="29.285557" />
                  <PolyStepSegment x="164.719632" y="29.718648" />
                  <PolyStepSegment x="165.832897" y="29.718648" />
                  <PolyStepSegment x="165.832897" y="28.694223" />
                  <PolyStepSegment x="165.83012" y="28.691446" />
                  <PolyStepSegment x="165.824568" y="28.68867" />
                  <PolyStepSegment x="165.816239" y="28.680341" />
                  <PolyStepSegment x="165.802358" y="28.669237" />
                  <PolyStepSegment x="165.785701" y="28.655355" />
                  <PolyStepSegment x="165.766267" y="28.638698" />
                  <PolyStepSegment x="165.741281" y="28.622041" />
                  <PolyStepSegment x="165.713519" y="28.602607" />
                  <PolyStepSegment x="165.680205" y="28.580397" />
                  <PolyStepSegment x="165.64689" y="28.558188" />
                  <PolyStepSegment x="165.608023" y="28.535978" />
                  <PolyStepSegment x="165.563603" y="28.513768" />
                  <PolyStepSegment x="165.519184" y="28.488782" />
                  <PolyStepSegment x="165.469212" y="28.466572" />
                  <PolyStepSegment x="165.416464" y="28.441586" />
                  <PolyStepSegment x="165.360939" y="28.419377" />
                  <PolyStepSegment x="165.358163" y="28.419377" />
                  <PolyStepSegment x="165.347058" y="28.413824" />
                  <PolyStepSegment x="165.330401" y="28.408272" />
                  <PolyStepSegment x="165.308191" y="28.399943" />
                  <PolyStepSegment x="165.280429" y="28.391615" />
                  <PolyStepSegment x="165.247114" y="28.38051" />
                  <PolyStepSegment x="165.208247" y="28.372181" />
                  <PolyStepSegment x="165.166604" y="28.361076" />
                  <PolyStepSegment x="165.122184" y="28.349971" />
                  <PolyStepSegment x="165.072212" y="28.338866" />
                  <PolyStepSegment x="165.02224" y="28.327761" />
                  <PolyStepSegment x="164.966716" y="28.319433" />
                  <PolyStepSegment x="164.852891" y="28.305552" />
                  <PolyStepSegment x="164.79459" y="28.302776" />
                  <PolyStepSegment x="164.73629" y="28.299999" />
                  <PolyStepSegment x="164.697423" y="28.299999" />
                  <PolyStepSegment x="164.66966" y="28.302776" />
                  <PolyStepSegment x="164.63357" y="28.305552" />
                  <PolyStepSegment x="164.591926" y="28.308328" />
                  <PolyStepSegment x="164.547507" y="28.31388" />
                  <PolyStepSegment x="164.497535" y="28.322209" />
                  <PolyStepSegment x="164.444787" y="28.330538" />
                  <PolyStepSegment x="164.389262" y="28.341643" />
                  <PolyStepSegment x="164.330962" y="28.355524" />
                  <PolyStepSegment x="164.269885" y="28.369405" />
                  <PolyStepSegment x="164.208808" y="28.388838" />
                  <PolyStepSegment x="164.150507" y="28.411048" />
                  <PolyStepSegment x="164.092207" y="28.436034" />
                  <PolyStepSegment x="164.033906" y="28.466572" />
                  <PolyStepSegment x="164.03113" y="28.469349" />
                  <PolyStepSegment x="164.020025" y="28.474901" />
                  <PolyStepSegment x="164.006144" y="28.48323" />
                  <PolyStepSegment x="163.983934" y="28.497111" />
                  <PolyStepSegment x="163.961724" y="28.516544" />
                  <PolyStepSegment x="163.931186" y="28.535978" />
                  <PolyStepSegment x="163.900648" y="28.560964" />
                  <PolyStepSegment x="163.867333" y="28.591502" />
                  <PolyStepSegment x="163.831242" y="28.622041" />
                  <PolyStepSegment x="163.795151" y="28.658132" />
                  <PolyStepSegment x="163.756284" y="28.699775" />
                  <PolyStepSegment x="163.720193" y="28.741418" />
                  <PolyStepSegment x="163.684102" y="28.788614" />
                  <PolyStepSegment x="163.648012" y="28.838586" />
                  <PolyStepSegment x="163.617473" y="28.891334" />
                  <PolyStepSegment x="163.586935" y="28.949635" />
                  <PolyStepSegment x="163.584158" y="28.952411" />
                  <PolyStepSegment x="163.581382" y="28.963516" />
                  <PolyStepSegment x="163.573054" y="28.980173" />
                  <PolyStepSegment x="163.564725" y="29.005159" />
                  <PolyStepSegment x="163.55362" y="29.032921" />
                  <PolyStepSegment x="163.539739" y="29.069012" />
                  <PolyStepSegment x="163.525858" y="29.107879" />
                  <PolyStepSegment x="163.511977" y="29.152299" />
                  <PolyStepSegment x="163.498096" y="29.202271" />
                  <PolyStepSegment x="163.484215" y="29.255019" />
                  <PolyStepSegment x="163.47311" y="29.310543" />
                  <PolyStepSegment x="163.459229" y="29.368844" />
                  <PolyStepSegment x="163.4509" y="29.432697" />
                  <PolyStepSegment x="163.442571" y="29.49655" />
                  <PolyStepSegment x="163.439795" y="29.563179" />
                  <PolyStepSegment x="163.437019" y="29.632585" />
                  <PolyStepSegment x="163.437019" y="29.638137" />
                  <PolyStepSegment x="163.437019" y="29.649242" />
                  <PolyStepSegment x="163.437019" y="29.671452" />
                  <PolyStepSegment x="163.439795" y="29.699214" />
                  <PolyStepSegment x="163.442571" y="29.735305" />
                  <PolyStepSegment x="163.445347" y="29.776948" />
                  <PolyStepSegment x="163.4509" y="29.821368" />
                  <PolyStepSegment x="163.459229" y="29.87134" />
                  <PolyStepSegment x="163.467557" y="29.924088" />
                  <PolyStepSegment x="163.478662" y="29.982389" />
                  <PolyStepSegment x="163.492543" y="30.040689" />
                  <PolyStepSegment x="163.506424" y="30.101766" />
                  <PolyStepSegment x="163.525858" y="30.162843" />
                  <PolyStepSegment x="163.548068" y="30.22392" />
                  <PolyStepSegment x="163.573054" y="30.284997" />
                  <PolyStepSegment x="163.603592" y="30.343297" />
                  <PolyStepSegment x="163.606368" y="30.346073" />
                  <PolyStepSegment x="163.611921" y="30.357178" />
                  <PolyStepSegment x="163.620249" y="30.373836" />
                  <PolyStepSegment x="163.63413" y="30.396045" />
                  <PolyStepSegment x="163.653564" y="30.421031" />
                  <PolyStepSegment x="163.672998" y="30.45157" />
                  <PolyStepSegment x="163.697984" y="30.484884" />
                  <PolyStepSegment x="163.728522" y="30.520975" />
                  <PolyStepSegment x="163.75906" y="30.559842" />
                  <PolyStepSegment x="163.797927" y="30.598709" />
                  <PolyStepSegment x="163.836794" y="30.637577" />
                  <PolyStepSegment x="163.881214" y="30.67922" />
                  <PolyStepSegment x="163.92841" y="30.718087" />
                  <PolyStepSegment x="163.981158" y="30.754178" />
                  <PolyStepSegment x="164.036682" y="30.790269" />
                  <PolyStepSegment x="164.094983" y="30.823583" />
                  <PolyStepSegment x="164.097759" y="30.826359" />
                  <PolyStepSegment x="164.106088" y="30.829136" />
                  <PolyStepSegment x="164.119969" y="30.834688" />
                  <PolyStepSegment x="164.139402" y="30.843017" />
                  <PolyStepSegment x="164.164388" y="30.854122" />
                  <PolyStepSegment x="164.192151" y="30.865227" />
                  <PolyStepSegment x="164.225465" y="30.876331" />
                  <PolyStepSegment x="164.264332" y="30.887436" />
                  <PolyStepSegment x="164.305976" y="30.898541" />
                  <PolyStepSegment x="164.353171" y="30.909646" />
                  <PolyStepSegment x="164.403143" y="30.920751" />
                  <PolyStepSegment x="164.458668" y="30.931856" />
                  <PolyStepSegment x="164.516968" y="30.940184" />
                  <PolyStepSegment x="164.578045" y="30.945737" />
                  <PolyStepSegment x="164.641898" y="30.951289" />
                  <PolyStepSegment x="164.755723" y="30.951289" />
                  <PolyStepSegment x="164.786262" y="30.948513" />
                </Polygon>
              </Contour>
            </Features>
            <Features>
              <Contour>
                <Polygon>
                  <PolyBegin x="70.603758" y="30.948513" />
                  <PolyStepSegment x="70.645401" y="30.945737" />
                  <PolyStepSegment x="70.689821" y="30.940184" />
                  <PolyStepSegment x="70.742569" y="30.934632" />
                  <PolyStepSegment x="70.798093" y="30.923527" />
                  <PolyStepSegment x="70.853618" y="30.912422" />
                  <PolyStepSegment x="70.914694" y="30.898541" />
                  <PolyStepSegment x="70.975771" y="30.881884" />
                  <PolyStepSegment x="71.034072" y="30.86245" />
                  <PolyStepSegment x="71.092372" y="30.837464" />
                  <PolyStepSegment x="71.150673" y="30.806926" />
                  <PolyStepSegment x="71.203421" y="30.776388" />
                  <PolyStepSegment x="71.250617" y="30.73752" />
                  <PolyStepSegment x="71.253393" y="30.734744" />
                  <PolyStepSegment x="71.261722" y="30.729192" />
                  <PolyStepSegment x="71.272827" y="30.715311" />
                  <PolyStepSegment x="71.289484" y="30.698653" />
                  <PolyStepSegment x="71.308918" y="30.67922" />
                  <PolyStepSegment x="71.328351" y="30.651458" />
                  <PolyStepSegment x="71.350561" y="30.620919" />
                  <PolyStepSegment x="71.375547" y="30.587605" />
                  <PolyStepSegment x="71.397757" y="30.548737" />
                  <PolyStepSegment x="71.419966" y="30.507094" />
                  <PolyStepSegment x="71.442176" y="30.459898" />
                  <PolyStepSegment x="71.46161" y="30.409926" />
                  <PolyStepSegment x="71.481043" y="30.357178" />
                  <PolyStepSegment x="71.494924" y="30.298878" />
                  <PolyStepSegment x="71.503253" y="30.237801" />
                  <PolyStepSegment x="71.508805" y="30.173948" />
                  <PolyStepSegment x="70.992428" y="30.154514" />
                  <PolyStepSegment x="70.992428" y="30.15729" />
                  <PolyStepSegment x="70.989652" y="30.162843" />
                  <PolyStepSegment x="70.989652" y="30.173948" />
                  <PolyStepSegment x="70.986876" y="30.185053" />
                  <PolyStepSegment x="70.981324" y="30.20171" />
                  <PolyStepSegment x="70.975771" y="30.221144" />
                  <PolyStepSegment x="70.96189" y="30.262787" />
                  <PolyStepSegment x="70.942457" y="30.307206" />
                  <PolyStepSegment x="70.917471" y="30.354402" />
                  <PolyStepSegment x="70.886932" y="30.398822" />
                  <PolyStepSegment x="70.848065" y="30.434912" />
                  <PolyStepSegment x="70.842513" y="30.437689" />
                  <PolyStepSegment x="70.828632" y="30.448794" />
                  <PolyStepSegment x="70.803646" y="30.462675" />
                  <PolyStepSegment x="70.767555" y="30.479332" />
                  <PolyStepSegment x="70.720359" y="30.495989" />
                  <PolyStepSegment x="70.664835" y="30.50987" />
                  <PolyStepSegment x="70.598205" y="30.520975" />
                  <PolyStepSegment x="70.520471" y="30.523752" />
                  <PolyStepSegment x="70.48438" y="30.523752" />
                  <PolyStepSegment x="70.464947" y="30.520975" />
                  <PolyStepSegment x="70.442737" y="30.518199" />
                  <PolyStepSegment x="70.389989" y="30.512647" />
                  <PolyStepSegment x="70.334464" y="30.501542" />
                  <PolyStepSegment x="70.273388" y="30.484884" />
                  <PolyStepSegment x="70.217863" y="30.459898" />
                  <PolyStepSegment x="70.165115" y="30.42936" />
                  <PolyStepSegment x="70.162339" y="30.426584" />
                  <PolyStepSegment x="70.15401" y="30.418255" />
                  <PolyStepSegment x="70.140129" y="30.404374" />
                  <PolyStepSegment x="70.126248" y="30.387717" />
                  <PolyStepSegment x="70.109591" y="30.365507" />
                  <PolyStepSegment x="70.098486" y="30.337745" />
                  <PolyStepSegment x="70.087381" y="30.307206" />
                  <PolyStepSegment x="70.084605" y="30.271115" />
                  <PolyStepSegment x="70.084605" y="30.268339" />
                  <PolyStepSegment x="70.084605" y="30.257234" />
                  <PolyStepSegment x="70.087381" y="30.237801" />
                  <PolyStepSegment x="70.092933" y="30.218367" />
                  <PolyStepSegment x="70.104038" y="30.193381" />
                  <PolyStepSegment x="70.115143" y="30.165619" />
                  <PolyStepSegment x="70.134577" y="30.140633" />
                  <PolyStepSegment x="70.159562" y="30.115647" />
                  <PolyStepSegment x="70.165115" y="30.112871" />
                  <PolyStepSegment x="70.170667" y="30.107318" />
                  <PolyStepSegment x="70.181772" y="30.101766" />
                  <PolyStepSegment x="70.192877" y="30.093437" />
                  <PolyStepSegment x="70.209534" y="30.085109" />
                  <PolyStepSegment x="70.231744" y="30.074004" />
                  <PolyStepSegment x="70.25673" y="30.062899" />
                  <PolyStepSegment x="70.284492" y="30.051794" />
                  <PolyStepSegment x="70.317807" y="30.037913" />
                  <PolyStepSegment x="70.356674" y="30.024032" />
                  <PolyStepSegment x="70.401094" y="30.010151" />
                  <PolyStepSegment x="70.451066" y="29.993493" />
                  <PolyStepSegment x="70.50659" y="29.976836" />
                  <PolyStepSegment x="70.567667" y="29.960179" />
                  <PolyStepSegment x="70.634296" y="29.943522" />
                  <PolyStepSegment x="70.639849" y="29.943522" />
                  <PolyStepSegment x="70.650953" y="29.940745" />
                  <PolyStepSegment x="70.670387" y="29.935193" />
                  <PolyStepSegment x="70.695373" y="29.92964" />
                  <PolyStepSegment x="70.728688" y="29.921312" />
                  <PolyStepSegment x="70.762002" y="29.910207" />
                  <PolyStepSegment x="70.803646" y="29.899102" />
                  <PolyStepSegment x="70.845289" y="29.887997" />
                  <PolyStepSegment x="70.936904" y="29.860235" />
                  <PolyStepSegment x="71.028519" y="29.829696" />
                  <PolyStepSegment x="71.072939" y="29.813039" />
                  <PolyStepSegment x="71.117358" y="29.796382" />
                  <PolyStepSegment x="71.156225" y="29.776948" />
                  <PolyStepSegment x="71.192316" y="29.760291" />
                  <PolyStepSegment x="71.195093" y="29.760291" />
                  <PolyStepSegment x="71.200645" y="29.754739" />
                  <PolyStepSegment x="71.208974" y="29.749186" />
                  <PolyStepSegment x="71.222855" y="29.743634" />
                  <PolyStepSegment x="71.256169" y="29.721424" />
                  <PolyStepSegment x="71.297813" y="29.693662" />
                  <PolyStepSegment x="71.342232" y="29.654795" />
                  <PolyStepSegment x="71.389428" y="29.610375" />
                  <PolyStepSegment x="71.436624" y="29.557627" />
                  <PolyStepSegment x="71.478267" y="29.499326" />
                  <PolyStepSegment x="71.478267" y="29.49655" />
                  <PolyStepSegment x="71.483819" y="29.490998" />
                  <PolyStepSegment x="71.486596" y="29.482669" />
                  <PolyStepSegment x="71.494924" y="29.468788" />
                  <PolyStepSegment x="71.503253" y="29.452131" />
                  <PolyStepSegment x="71.511582" y="29.432697" />
                  <PolyStepSegment x="71.51991" y="29.410487" />
                  <PolyStepSegment x="71.531015" y="29.385501" />
                  <PolyStepSegment x="71.539344" y="29.357739" />
                  <PolyStepSegment x="71.547672" y="29.327201" />
                  <PolyStepSegment x="71.56433" y="29.257795" />
                  <PolyStepSegment x="71.575435" y="29.177285" />
                  <PolyStepSegment x="71.580987" y="29.091222" />
                  <PolyStepSegment x="71.580987" y="29.088446" />
                  <PolyStepSegment x="71.580987" y="29.082893" />
                  <PolyStepSegment x="71.580987" y="29.069012" />
                  <PolyStepSegment x="71.578211" y="29.055131" />
                  <PolyStepSegment x="71.578211" y="29.035698" />
                  <PolyStepSegment x="71.575435" y="29.010712" />
                  <PolyStepSegment x="71.569882" y="28.985726" />
                  <PolyStepSegment x="71.56433" y="28.957963" />
                  <PolyStepSegment x="71.550449" y="28.89411" />
                  <PolyStepSegment x="71.528239" y="28.824705" />
                  <PolyStepSegment x="71.497701" y="28.752523" />
                  <PolyStepSegment x="71.478267" y="28.713656" />
                  <PolyStepSegment x="71.456057" y="28.677565" />
                  <PolyStepSegment x="71.456057" y="28.674789" />
                  <PolyStepSegment x="71.450505" y="28.669237" />
                  <PolyStepSegment x="71.442176" y="28.658132" />
                  <PolyStepSegment x="71.433847" y="28.647027" />
                  <PolyStepSegment x="71.419966" y="28.630369" />
                  <PolyStepSegment x="71.406085" y="28.610936" />
                  <PolyStepSegment x="71.367218" y="28.569293" />
                  <PolyStepSegment x="71.317246" y="28.524873" />
                  <PolyStepSegment x="71.258946" y="28.474901" />
                  <PolyStepSegment x="71.18954" y="28.430482" />
                  <PolyStepSegment x="71.10903" y="28.391615" />
                  <PolyStepSegment x="71.106254" y="28.391615" />
                  <PolyStepSegment x="71.097925" y="28.388838" />
                  <PolyStepSegment x="71.08682" y="28.383286" />
                  <PolyStepSegment x="71.070163" y="28.377733" />
                  <PolyStepSegment x="71.047953" y="28.369405" />
                  <PolyStepSegment x="71.020191" y="28.363852" />
                  <PolyStepSegment x="70.989652" y="28.355524" />
                  <PolyStepSegment x="70.956338" y="28.347195" />
                  <PolyStepSegment x="70.917471" y="28.33609" />
                  <PolyStepSegment x="70.875827" y="28.327761" />
                  <PolyStepSegment x="70.828632" y="28.322209" />
                  <PolyStepSegment x="70.77866" y="28.31388" />
                  <PolyStepSegment x="70.728688" y="28.308328" />
                  <PolyStepSegment x="70.670387" y="28.302776" />
                  <PolyStepSegment x="70.612086" y="28.299999" />
                  <PolyStepSegment x="70.5288" y="28.299999" />
                  <PolyStepSegment x="70.503814" y="28.302776" />
                  <PolyStepSegment x="70.470499" y="28.302776" />
                  <PolyStepSegment x="70.431632" y="28.305552" />
                  <PolyStepSegment x="70.384436" y="28.311104" />
                  <PolyStepSegment x="70.331688" y="28.319433" />
                  <PolyStepSegment x="70.276164" y="28.327761" />
                  <PolyStepSegment x="70.215087" y="28.338866" />
                  <PolyStepSegment x="70.15401" y="28.355524" />
                  <PolyStepSegment x="70.092933" y="28.372181" />
                  <PolyStepSegment x="70.031856" y="28.394391" />
                  <PolyStepSegment x="69.97078" y="28.419377" />
                  <PolyStepSegment x="69.912479" y="28.449915" />
                  <PolyStepSegment x="69.856955" y="28.48323" />
                  <PolyStepSegment x="69.804206" y="28.522097" />
                  <PolyStepSegment x="69.80143" y="28.524873" />
                  <PolyStepSegment x="69.793101" y="28.533202" />
                  <PolyStepSegment x="69.77922" y="28.547083" />
                  <PolyStepSegment x="69.762563" y="28.56374" />
                  <PolyStepSegment x="69.74313" y="28.588726" />
                  <PolyStepSegment x="69.718144" y="28.616488" />
                  <PolyStepSegment x="69.693158" y="28.649803" />
                  <PolyStepSegment x="69.668172" y="28.68867" />
                  <PolyStepSegment x="69.640409" y="28.73309" />
                  <PolyStepSegment x="69.612647" y="28.780285" />
                  <PolyStepSegment x="69.587661" y="28.83581" />
                  <PolyStepSegment x="69.562675" y="28.89411" />
                  <PolyStepSegment x="69.540465" y="28.957963" />
                  <PolyStepSegment x="69.521032" y="29.024593" />
                  <PolyStepSegment x="69.504375" y="29.099551" />
                  <PolyStepSegment x="69.49327" y="29.177285" />
                  <PolyStepSegment x="69.995766" y="29.227257" />
                  <PolyStepSegment x="69.995766" y="29.224481" />
                  <PolyStepSegment x="69.998542" y="29.216152" />
                  <PolyStepSegment x="70.001318" y="29.202271" />
                  <PolyStepSegment x="70.004094" y="29.185613" />
                  <PolyStepSegment x="70.009647" y="29.163404" />
                  <PolyStepSegment x="70.017975" y="29.141194" />
                  <PolyStepSegment x="70.034633" y="29.08567" />
                  <PolyStepSegment x="70.059619" y="29.024593" />
                  <PolyStepSegment x="70.092933" y="28.96074" />
                  <PolyStepSegment x="70.1318" y="28.902439" />
                  <PolyStepSegment x="70.15401" y="28.877453" />
                  <PolyStepSegment x="70.178996" y="28.852467" />
                  <PolyStepSegment x="70.181772" y="28.852467" />
                  <PolyStepSegment x="70.184548" y="28.846915" />
                  <PolyStepSegment x="70.192877" y="28.841362" />
                  <PolyStepSegment x="70.203982" y="28.833034" />
                  <PolyStepSegment x="70.217863" y="28.824705" />
                  <PolyStepSegment x="70.237297" y="28.816376" />
                  <PolyStepSegment x="70.25673" y="28.805271" />
                  <PolyStepSegment x="70.27894" y="28.794166" />
                  <PolyStepSegment x="70.334464" y="28.771957" />
                  <PolyStepSegment x="70.398317" y="28.755299" />
                  <PolyStepSegment x="70.473275" y="28.741418" />
                  <PolyStepSegment x="70.556562" y="28.735866" />
                  <PolyStepSegment x="70.581548" y="28.735866" />
                  <PolyStepSegment x="70.598205" y="28.738642" />
                  <PolyStepSegment x="70.620415" y="28.738642" />
                  <PolyStepSegment x="70.642625" y="28.741418" />
                  <PolyStepSegment x="70.698149" y="28.749747" />
                  <PolyStepSegment x="70.759226" y="28.760852" />
                  <PolyStepSegment x="70.823079" y="28.780285" />
                  <PolyStepSegment x="70.884156" y="28.805271" />
                  <PolyStepSegment x="70.911918" y="28.821929" />
                  <PolyStepSegment x="70.936904" y="28.841362" />
                  <PolyStepSegment x="70.93968" y="28.841362" />
                  <PolyStepSegment x="70.942457" y="28.846915" />
                  <PolyStepSegment x="70.956338" y="28.860796" />
                  <PolyStepSegment x="70.978547" y="28.883005" />
                  <PolyStepSegment x="71.000757" y="28.910768" />
                  <PolyStepSegment x="71.022967" y="28.946859" />
                  <PolyStepSegment x="71.045177" y="28.991278" />
                  <PolyStepSegment x="71.059058" y="29.038474" />
                  <PolyStepSegment x="71.06461" y="29.06346" />
                  <PolyStepSegment x="71.06461" y="29.088446" />
                  <PolyStepSegment x="71.06461" y="29.091222" />
                  <PolyStepSegment x="71.06461" y="29.105103" />
                  <PolyStepSegment x="71.061834" y="29.12176" />
                  <PolyStepSegment x="71.059058" y="29.141194" />
                  <PolyStepSegment x="71.050729" y="29.16618" />
                  <PolyStepSegment x="71.0424" y="29.193942" />
                  <PolyStepSegment x="71.028519" y="29.218928" />
                  <PolyStepSegment x="71.009086" y="29.243914" />
                  <PolyStepSegment x="71.00631" y="29.24669" />
                  <PolyStepSegment x="70.997981" y="29.255019" />
                  <PolyStepSegment x="70.9841" y="29.266124" />
                  <PolyStepSegment x="70.967443" y="29.282781" />
                  <PolyStepSegment x="70.93968" y="29.299438" />
                  <PolyStepSegment x="70.909142" y="29.318872" />
                  <PolyStepSegment x="70.870275" y="29.335529" />
                  <PolyStepSegment x="70.823079" y="29.354963" />
                  <PolyStepSegment x="70.817527" y="29.357739" />
                  <PolyStepSegment x="70.811974" y="29.357739" />
                  <PolyStepSegment x="70.803646" y="29.360515" />
                  <PolyStepSegment x="70.792541" y="29.363292" />
                  <PolyStepSegment x="70.775883" y="29.368844" />
                  <PolyStepSegment x="70.759226" y="29.374396" />
                  <PolyStepSegment x="70.737016" y="29.379949" />
                  <PolyStepSegment x="70.71203" y="29.388278" />
                  <PolyStepSegment x="70.681492" y="29.396606" />
                  <PolyStepSegment x="70.648177" y="29.404935" />
                  <PolyStepSegment x="70.60931" y="29.41604" />
                  <PolyStepSegment x="70.567667" y="29.427145" />
                  <PolyStepSegment x="70.520471" y="29.438249" />
                  <PolyStepSegment x="70.467723" y="29.452131" />
                  <PolyStepSegment x="70.409422" y="29.466012" />
                  <PolyStepSegment x="70.40387" y="29.466012" />
                  <PolyStepSegment x="70.389989" y="29.471564" />
                  <PolyStepSegment x="70.370555" y="29.477117" />
                  <PolyStepSegment x="70.342793" y="29.485445" />
                  <PolyStepSegment x="70.306702" y="29.493774" />
                  <PolyStepSegment x="70.267835" y="29.507655" />
                  <PolyStepSegment x="70.226192" y="29.521536" />
                  <PolyStepSegment x="70.181772" y="29.535417" />
                  <PolyStepSegment x="70.084605" y="29.574284" />
                  <PolyStepSegment x="69.987437" y="29.615928" />
                  <PolyStepSegment x="69.943017" y="29.640914" />
                  <PolyStepSegment x="69.898598" y="29.6659" />
                  <PolyStepSegment x="69.859731" y="29.690885" />
                  <PolyStepSegment x="69.826416" y="29.718648" />
                  <PolyStepSegment x="69.82364" y="29.721424" />
                  <PolyStepSegment x="69.815311" y="29.729753" />
                  <PolyStepSegment x="69.804206" y="29.740857" />
                  <PolyStepSegment x="69.790325" y="29.757515" />
                  <PolyStepSegment x="69.770892" y="29.776948" />
                  <PolyStepSegment x="69.751458" y="29.801934" />
                  <PolyStepSegment x="69.729248" y="29.829696" />
                  <PolyStepSegment x="69.709815" y="29.863011" />
                  <PolyStepSegment x="69.687605" y="29.899102" />
                  <PolyStepSegment x="69.665395" y="29.937969" />
                  <PolyStepSegment x="69.645962" y="29.982389" />
                  <PolyStepSegment x="69.626528" y="30.026808" />
                  <PolyStepSegment x="69.612647" y="30.074004" />
                  <PolyStepSegment x="69.601542" y="30.126752" />
                  <PolyStepSegment x="69.593214" y="30.1795" />
                  <PolyStepSegment x="69.590437" y="30.235025" />
                  <PolyStepSegment x="69.590437" y="30.237801" />
                  <PolyStepSegment x="69.590437" y="30.243353" />
                  <PolyStepSegment x="69.590437" y="30.254458" />
                  <PolyStepSegment x="69.593214" y="30.268339" />
                  <PolyStepSegment x="69.593214" y="30.284997" />
                  <PolyStepSegment x="69.59599" y="30.307206" />
                  <PolyStepSegment x="69.604318" y="30.354402" />
                  <PolyStepSegment x="69.6182" y="30.409926" />
                  <PolyStepSegment x="69.637633" y="30.47378" />
                  <PolyStepSegment x="69.665395" y="30.537633" />
                  <PolyStepSegment x="69.701486" y="30.601486" />
                  <PolyStepSegment x="69.701486" y="30.604262" />
                  <PolyStepSegment x="69.707039" y="30.609814" />
                  <PolyStepSegment x="69.712591" y="30.618143" />
                  <PolyStepSegment x="69.72092" y="30.629248" />
                  <PolyStepSegment x="69.748682" y="30.659786" />
                  <PolyStepSegment x="69.781997" y="30.698653" />
                  <PolyStepSegment x="69.829192" y="30.740297" />
                  <PolyStepSegment x="69.88194" y="30.78194" />
                  <PolyStepSegment x="69.94857" y="30.823583" />
                  <PolyStepSegment x="70.020751" y="30.859674" />
                  <PolyStepSegment x="70.023528" y="30.859674" />
                  <PolyStepSegment x="70.02908" y="30.86245" />
                  <PolyStepSegment x="70.042961" y="30.868003" />
                  <PolyStepSegment x="70.056842" y="30.873555" />
                  <PolyStepSegment x="70.079052" y="30.881884" />
                  <PolyStepSegment x="70.101262" y="30.887436" />
                  <PolyStepSegment x="70.129024" y="30.895765" />
                  <PolyStepSegment x="70.162339" y="30.90687" />
                  <PolyStepSegment x="70.19843" y="30.915199" />
                  <PolyStepSegment x="70.23452" y="30.923527" />
                  <PolyStepSegment x="70.276164" y="30.92908" />
                  <PolyStepSegment x="70.320583" y="30.937408" />
                  <PolyStepSegment x="70.370555" y="30.942961" />
                  <PolyStepSegment x="70.417751" y="30.948513" />
                  <PolyStepSegment x="70.526024" y="30.951289" />
                  <PolyStepSegment x="70.573219" y="30.951289" />
                  <PolyStepSegment x="70.603758" y="30.948513" />
                </Polygon>
              </Contour>
            </Features>
            <Features>
              <Contour>
                <Polygon>
                  <PolyBegin x="74.054599" y="28.347195" />
                  <PolyStepSegment x="73.538222" y="28.347195" />
                  <PolyStepSegment x="72.499916" y="30.029584" />
                  <PolyStepSegment x="72.499916" y="28.347195" />
                  <PolyStepSegment x="72.022406" y="28.347195" />
                  <PolyStepSegment x="72.022406" y="30.909646" />
                  <PolyStepSegment x="72.522126" y="30.909646" />
                  <PolyStepSegment x="73.577089" y="29.18839" />
                  <PolyStepSegment x="73.577089" y="30.909646" />
                  <PolyStepSegment x="74.054599" y="30.909646" />
                  <PolyStepSegment x="74.054599" y="28.347195" />
                </Polygon>
              </Contour>
            </Features>
            <Features>
              <Contour>
                <Polygon>
                  <PolyBegin x="75.575968" y="30.948513" />
                  <PolyStepSegment x="75.617611" y="30.945737" />
                  <PolyStepSegment x="75.662031" y="30.940184" />
                  <PolyStepSegment x="75.714779" y="30.934632" />
                  <PolyStepSegment x="75.770303" y="30.923527" />
                  <PolyStepSegment x="75.825828" y="30.912422" />
                  <PolyStepSegment x="75.886904" y="30.898541" />
                  <PolyStepSegment x="75.947981" y="30.881884" />
                  <PolyStepSegment x="76.006282" y="30.86245" />
                  <PolyStepSegment x="76.064582" y="30.837464" />
                  <PolyStepSegment x="76.122883" y="30.806926" />
                  <PolyStepSegment x="76.175631" y="30.776388" />
                  <PolyStepSegment x="76.222827" y="30.73752" />
                  <PolyStepSegment x="76.225603" y="30.734744" />
                  <PolyStepSegment x="76.233932" y="30.729192" />
                  <PolyStepSegment x="76.245037" y="30.715311" />
                  <PolyStepSegment x="76.261694" y="30.698653" />
                  <PolyStepSegment x="76.281128" y="30.67922" />
                  <PolyStepSegment x="76.300561" y="30.651458" />
                  <PolyStepSegment x="76.322771" y="30.620919" />
                  <PolyStepSegment x="76.347757" y="30.587605" />
                  <PolyStepSegment x="76.369967" y="30.548737" />
                  <PolyStepSegment x="76.392176" y="30.507094" />
                  <PolyStepSegment x="76.414386" y="30.459898" />
                  <PolyStepSegment x="76.43382" y="30.409926" />
                  <PolyStepSegment x="76.453253" y="30.357178" />
                  <PolyStepSegment x="76.467134" y="30.298878" />
                  <PolyStepSegment x="76.475463" y="30.237801" />
                  <PolyStepSegment x="76.481015" y="30.173948" />
                  <PolyStepSegment x="75.964639" y="30.154514" />
                  <PolyStepSegment x="75.964639" y="30.15729" />
                  <PolyStepSegment x="75.961862" y="30.162843" />
                  <PolyStepSegment x="75.961862" y="30.173948" />
                  <PolyStepSegment x="75.959086" y="30.185053" />
                  <PolyStepSegment x="75.953534" y="30.20171" />
                  <PolyStepSegment x="75.947981" y="30.221144" />
                  <PolyStepSegment x="75.9341" y="30.262787" />
                  <PolyStepSegment x="75.914667" y="30.307206" />
                  <PolyStepSegment x="75.889681" y="30.354402" />
                  <PolyStepSegment x="75.859142" y="30.398822" />
                  <PolyStepSegment x="75.820275" y="30.434912" />
                  <PolyStepSegment x="75.814723" y="30.437689" />
                  <PolyStepSegment x="75.800842" y="30.448794" />
                  <PolyStepSegment x="75.775856" y="30.462675" />
                  <PolyStepSegment x="75.739765" y="30.479332" />
                  <PolyStepSegment x="75.692569" y="30.495989" />
                  <PolyStepSegment x="75.637045" y="30.50987" />
                  <PolyStepSegment x="75.570415" y="30.520975" />
                  <PolyStepSegment x="75.492681" y="30.523752" />
                  <PolyStepSegment x="75.45659" y="30.523752" />
                  <PolyStepSegment x="75.437157" y="30.520975" />
                  <PolyStepSegment x="75.414947" y="30.518199" />
                  <PolyStepSegment x="75.362199" y="30.512647" />
                  <PolyStepSegment x="75.306674" y="30.501542" />
                  <PolyStepSegment x="75.245598" y="30.484884" />
                  <PolyStepSegment x="75.190073" y="30.459898" />
                  <PolyStepSegment x="75.137325" y="30.42936" />
                  <PolyStepSegment x="75.134549" y="30.426584" />
                  <PolyStepSegment x="75.12622" y="30.418255" />
                  <PolyStepSegment x="75.112339" y="30.404374" />
                  <PolyStepSegment x="75.098458" y="30.387717" />
                  <PolyStepSegment x="75.081801" y="30.365507" />
                  <PolyStepSegment x="75.070696" y="30.337745" />
                  <PolyStepSegment x="75.059591" y="30.307206" />
                  <PolyStepSegment x="75.056815" y="30.271115" />
                  <PolyStepSegment x="75.056815" y="30.268339" />
                  <PolyStepSegment x="75.056815" y="30.257234" />
                  <PolyStepSegment x="75.059591" y="30.237801" />
                  <PolyStepSegment x="75.065143" y="30.218367" />
                  <PolyStepSegment x="75.076248" y="30.193381" />
                  <PolyStepSegment x="75.087353" y="30.165619" />
                  <PolyStepSegment x="75.106787" y="30.140633" />
                  <PolyStepSegment x="75.131773" y="30.115647" />
                  <PolyStepSegment x="75.137325" y="30.112871" />
                  <PolyStepSegment x="75.142877" y="30.107318" />
                  <PolyStepSegment x="75.153982" y="30.101766" />
                  <PolyStepSegment x="75.165087" y="30.093437" />
                  <PolyStepSegment x="75.181744" y="30.085109" />
                  <PolyStepSegment x="75.203954" y="30.074004" />
                  <PolyStepSegment x="75.22894" y="30.062899" />
                  <PolyStepSegment x="75.256702" y="30.051794" />
                  <PolyStepSegment x="75.290017" y="30.037913" />
                  <PolyStepSegment x="75.328884" y="30.024032" />
                  <PolyStepSegment x="75.373304" y="30.010151" />
                  <PolyStepSegment x="75.423276" y="29.993493" />
                  <PolyStepSegment x="75.4788" y="29.976836" />
                  <PolyStepSegment x="75.539877" y="29.960179" />
                  <PolyStepSegment x="75.606506" y="29.943522" />
                  <PolyStepSegment x="75.612059" y="29.943522" />
                  <PolyStepSegment x="75.623163" y="29.940745" />
                  <PolyStepSegment x="75.642597" y="29.935193" />
                  <PolyStepSegment x="75.667583" y="29.92964" />
                  <PolyStepSegment x="75.700898" y="29.921312" />
                  <PolyStepSegment x="75.734212" y="29.910207" />
                  <PolyStepSegment x="75.775856" y="29.899102" />
                  <PolyStepSegment x="75.817499" y="29.887997" />
                  <PolyStepSegment x="75.909114" y="29.860235" />
                  <PolyStepSegment x="76.000729" y="29.829696" />
                  <PolyStepSegment x="76.045149" y="29.813039" />
                  <PolyStepSegment x="76.089568" y="29.796382" />
                  <PolyStepSegment x="76.128436" y="29.776948" />
                  <PolyStepSegment x="76.164526" y="29.760291" />
                  <PolyStepSegment x="76.167303" y="29.760291" />
                  <PolyStepSegment x="76.172855" y="29.754739" />
                  <PolyStepSegment x="76.181184" y="29.749186" />
                  <PolyStepSegment x="76.195065" y="29.743634" />
                  <PolyStepSegment x="76.228379" y="29.721424" />
                  <PolyStepSegment x="76.270023" y="29.693662" />
                  <PolyStepSegment x="76.314442" y="29.654795" />
                  <PolyStepSegment x="76.361638" y="29.610375" />
                  <PolyStepSegment x="76.408834" y="29.557627" />
                  <PolyStepSegment x="76.450477" y="29.499326" />
                  <PolyStepSegment x="76.450477" y="29.49655" />
                  <PolyStepSegment x="76.456029" y="29.490998" />
                  <PolyStepSegment x="76.458806" y="29.482669" />
                  <PolyStepSegment x="76.467134" y="29.468788" />
                  <PolyStepSegment x="76.475463" y="29.452131" />
                  <PolyStepSegment x="76.483792" y="29.432697" />
                  <PolyStepSegment x="76.49212" y="29.410487" />
                  <PolyStepSegment x="76.503225" y="29.385501" />
                  <PolyStepSegment x="76.511554" y="29.357739" />
                  <PolyStepSegment x="76.519883" y="29.327201" />
                  <PolyStepSegment x="76.53654" y="29.257795" />
                  <PolyStepSegment x="76.547645" y="29.177285" />
                  <PolyStepSegment x="76.553197" y="29.091222" />
                  <PolyStepSegment x="76.553197" y="29.088446" />
                  <PolyStepSegment x="76.553197" y="29.082893" />
                  <PolyStepSegment x="76.553197" y="29.069012" />
                  <PolyStepSegment x="76.550421" y="29.055131" />
                  <PolyStepSegment x="76.550421" y="29.035698" />
                  <PolyStepSegment x="76.547645" y="29.010712" />
                  <PolyStepSegment x="76.542092" y="28.985726" />
                  <PolyStepSegment x="76.53654" y="28.957963" />
                  <PolyStepSegment x="76.522659" y="28.89411" />
                  <PolyStepSegment x="76.500449" y="28.824705" />
                  <PolyStepSegment x="76.469911" y="28.752523" />
                  <PolyStepSegment x="76.450477" y="28.713656" />
                  <PolyStepSegment x="76.428267" y="28.677565" />
                  <PolyStepSegment x="76.428267" y="28.674789" />
                  <PolyStepSegment x="76.422715" y="28.669237" />
                  <PolyStepSegment x="76.414386" y="28.658132" />
                  <PolyStepSegment x="76.406058" y="28.647027" />
                  <PolyStepSegment x="76.392176" y="28.630369" />
                  <PolyStepSegment x="76.378295" y="28.610936" />
                  <PolyStepSegment x="76.339428" y="28.569293" />
                  <PolyStepSegment x="76.289456" y="28.524873" />
                  <PolyStepSegment x="76.231156" y="28.474901" />
                  <PolyStepSegment x="76.16175" y="28.430482" />
                  <PolyStepSegment x="76.08124" y="28.391615" />
                  <PolyStepSegment x="76.078464" y="28.391615" />
                  <PolyStepSegment x="76.070135" y="28.388838" />
                  <PolyStepSegment x="76.05903" y="28.383286" />
                  <PolyStepSegment x="76.042373" y="28.377733" />
                  <PolyStepSegment x="76.020163" y="28.369405" />
                  <PolyStepSegment x="75.992401" y="28.363852" />
                  <PolyStepSegment x="75.961862" y="28.355524" />
                  <PolyStepSegment x="75.928548" y="28.347195" />
                  <PolyStepSegment x="75.889681" y="28.33609" />
                  <PolyStepSegment x="75.848037" y="28.327761" />
                  <PolyStepSegment x="75.800842" y="28.322209" />
                  <PolyStepSegment x="75.75087" y="28.31388" />
                  <PolyStepSegment x="75.700898" y="28.308328" />
                  <PolyStepSegment x="75.642597" y="28.302776" />
                  <PolyStepSegment x="75.584296" y="28.299999" />
                  <PolyStepSegment x="75.50101" y="28.299999" />
                  <PolyStepSegment x="75.476024" y="28.302776" />
                  <PolyStepSegment x="75.442709" y="28.302776" />
                  <PolyStepSegment x="75.403842" y="28.305552" />
                  <PolyStepSegment x="75.356646" y="28.311104" />
                  <PolyStepSegment x="75.303898" y="28.319433" />
                  <PolyStepSegment x="75.248374" y="28.327761" />
                  <PolyStepSegment x="75.187297" y="28.338866" />
                  <PolyStepSegment x="75.12622" y="28.355524" />
                  <PolyStepSegment x="75.065143" y="28.372181" />
                  <PolyStepSegment x="75.004066" y="28.394391" />
                  <PolyStepSegment x="74.94299" y="28.419377" />
                  <PolyStepSegment x="74.884689" y="28.449915" />
                  <PolyStepSegment x="74.829165" y="28.48323" />
                  <PolyStepSegment x="74.776416" y="28.522097" />
                  <PolyStepSegment x="74.77364" y="28.524873" />
                  <PolyStepSegment x="74.765311" y="28.533202" />
                  <PolyStepSegment x="74.75143" y="28.547083" />
                  <PolyStepSegment x="74.734773" y="28.56374" />
                  <PolyStepSegment x="74.71534" y="28.588726" />
                  <PolyStepSegment x="74.690354" y="28.616488" />
                  <PolyStepSegment x="74.665368" y="28.649803" />
                  <PolyStepSegment x="74.640382" y="28.68867" />
                  <PolyStepSegment x="74.612619" y="28.73309" />
                  <PolyStepSegment x="74.584857" y="28.780285" />
                  <PolyStepSegment x="74.559871" y="28.83581" />
                  <PolyStepSegment x="74.534885" y="28.89411" />
                  <PolyStepSegment x="74.512675" y="28.957963" />
                  <PolyStepSegment x="74.493242" y="29.024593" />
                  <PolyStepSegment x="74.476585" y="29.099551" />
                  <PolyStepSegment x="74.46548" y="29.177285" />
                  <PolyStepSegment x="74.967976" y="29.227257" />
                  <PolyStepSegment x="74.967976" y="29.224481" />
                  <PolyStepSegment x="74.970752" y="29.216152" />
                  <PolyStepSegment x="74.973528" y="29.202271" />
                  <PolyStepSegment x="74.976304" y="29.185613" />
                  <PolyStepSegment x="74.981857" y="29.163404" />
                  <PolyStepSegment x="74.990185" y="29.141194" />
                  <PolyStepSegment x="75.006843" y="29.08567" />
                  <PolyStepSegment x="75.031829" y="29.024593" />
                  <PolyStepSegment x="75.065143" y="28.96074" />
                  <PolyStepSegment x="75.10401" y="28.902439" />
                  <PolyStepSegment x="75.12622" y="28.877453" />
                  <PolyStepSegment x="75.151206" y="28.852467" />
                  <PolyStepSegment x="75.153982" y="28.852467" />
                  <PolyStepSegment x="75.156758" y="28.846915" />
                  <PolyStepSegment x="75.165087" y="28.841362" />
                  <PolyStepSegment x="75.176192" y="28.833034" />
                  <PolyStepSegment x="75.190073" y="28.824705" />
                  <PolyStepSegment x="75.209507" y="28.816376" />
                  <PolyStepSegment x="75.22894" y="28.805271" />
                  <PolyStepSegment x="75.25115" y="28.794166" />
                  <PolyStepSegment x="75.306674" y="28.771957" />
                  <PolyStepSegment x="75.370527" y="28.755299" />
                  <PolyStepSegment x="75.445485" y="28.741418" />
                  <PolyStepSegment x="75.528772" y="28.735866" />
                  <PolyStepSegment x="75.553758" y="28.735866" />
                  <PolyStepSegment x="75.570415" y="28.738642" />
                  <PolyStepSegment x="75.592625" y="28.738642" />
                  <PolyStepSegment x="75.614835" y="28.741418" />
                  <PolyStepSegment x="75.670359" y="28.749747" />
                  <PolyStepSegment x="75.731436" y="28.760852" />
                  <PolyStepSegment x="75.795289" y="28.780285" />
                  <PolyStepSegment x="75.856366" y="28.805271" />
                  <PolyStepSegment x="75.884128" y="28.821929" />
                  <PolyStepSegment x="75.909114" y="28.841362" />
                  <PolyStepSegment x="75.91189" y="28.841362" />
                  <PolyStepSegment x="75.914667" y="28.846915" />
                  <PolyStepSegment x="75.928548" y="28.860796" />
                  <PolyStepSegment x="75.950757" y="28.883005" />
                  <PolyStepSegment x="75.972967" y="28.910768" />
                  <PolyStepSegment x="75.995177" y="28.946859" />
                  <PolyStepSegment x="76.017387" y="28.991278" />
                  <PolyStepSegment x="76.031268" y="29.038474" />
                  <PolyStepSegment x="76.03682" y="29.06346" />
                  <PolyStepSegment x="76.03682" y="29.088446" />
                  <PolyStepSegment x="76.03682" y="29.091222" />
                  <PolyStepSegment x="76.03682" y="29.105103" />
                  <PolyStepSegment x="76.034044" y="29.12176" />
                  <PolyStepSegment x="76.031268" y="29.141194" />
                  <PolyStepSegment x="76.022939" y="29.16618" />
                  <PolyStepSegment x="76.01461" y="29.193942" />
                  <PolyStepSegment x="76.000729" y="29.218928" />
                  <PolyStepSegment x="75.981296" y="29.243914" />
                  <PolyStepSegment x="75.97852" y="29.24669" />
                  <PolyStepSegment x="75.970191" y="29.255019" />
                  <PolyStepSegment x="75.95631" y="29.266124" />
                  <PolyStepSegment x="75.939653" y="29.282781" />
                  <PolyStepSegment x="75.91189" y="29.299438" />
                  <PolyStepSegment x="75.881352" y="29.318872" />
                  <PolyStepSegment x="75.842485" y="29.335529" />
                  <PolyStepSegment x="75.795289" y="29.354963" />
                  <PolyStepSegment x="75.789737" y="29.357739" />
                  <PolyStepSegment x="75.784184" y="29.357739" />
                  <PolyStepSegment x="75.775856" y="29.360515" />
                  <PolyStepSegment x="75.764751" y="29.363292" />
                  <PolyStepSegment x="75.748093" y="29.368844" />
                  <PolyStepSegment x="75.731436" y="29.374396" />
                  <PolyStepSegment x="75.709226" y="29.379949" />
                  <PolyStepSegment x="75.68424" y="29.388278" />
                  <PolyStepSegment x="75.653702" y="29.396606" />
                  <PolyStepSegment x="75.620387" y="29.404935" />
                  <PolyStepSegment x="75.58152" y="29.41604" />
                  <PolyStepSegment x="75.539877" y="29.427145" />
                  <PolyStepSegment x="75.492681" y="29.438249" />
                  <PolyStepSegment x="75.439933" y="29.452131" />
                  <PolyStepSegment x="75.381632" y="29.466012" />
                  <PolyStepSegment x="75.37608" y="29.466012" />
                  <PolyStepSegment x="75.362199" y="29.471564" />
                  <PolyStepSegment x="75.342765" y="29.477117" />
                  <PolyStepSegment x="75.315003" y="29.485445" />
                  <PolyStepSegment x="75.278912" y="29.493774" />
                  <PolyStepSegment x="75.240045" y="29.507655" />
                  <PolyStepSegment x="75.198402" y="29.521536" />
                  <PolyStepSegment x="75.153982" y="29.535417" />
                  <PolyStepSegment x="75.056815" y="29.574284" />
                  <PolyStepSegment x="74.959647" y="29.615928" />
                  <PolyStepSegment x="74.915227" y="29.640914" />
                  <PolyStepSegment x="74.870808" y="29.6659" />
                  <PolyStepSegment x="74.831941" y="29.690885" />
                  <PolyStepSegment x="74.798626" y="29.718648" />
                  <PolyStepSegment x="74.79585" y="29.721424" />
                  <PolyStepSegment x="74.787521" y="29.729753" />
                  <PolyStepSegment x="74.776416" y="29.740857" />
                  <PolyStepSegment x="74.762535" y="29.757515" />
                  <PolyStepSegment x="74.743102" y="29.776948" />
                  <PolyStepSegment x="74.723668" y="29.801934" />
                  <PolyStepSegment x="74.701458" y="29.829696" />
                  <PolyStepSegment x="74.682025" y="29.863011" />
                  <PolyStepSegment x="74.659815" y="29.899102" />
                  <PolyStepSegment x="74.637605" y="29.937969" />
                  <PolyStepSegment x="74.618172" y="29.982389" />
                  <PolyStepSegment x="74.598738" y="30.026808" />
                  <PolyStepSegment x="74.584857" y="30.074004" />
                  <PolyStepSegment x="74.573752" y="30.126752" />
                  <PolyStepSegment x="74.565424" y="30.1795" />
                  <PolyStepSegment x="74.562647" y="30.235025" />
                  <PolyStepSegment x="74.562647" y="30.237801" />
                  <PolyStepSegment x="74.562647" y="30.243353" />
                  <PolyStepSegment x="74.562647" y="30.254458" />
                  <PolyStepSegment x="74.565424" y="30.268339" />
                  <PolyStepSegment x="74.565424" y="30.284997" />
                  <PolyStepSegment x="74.5682" y="30.307206" />
                  <PolyStepSegment x="74.576529" y="30.354402" />
                  <PolyStepSegment x="74.59041" y="30.409926" />
                  <PolyStepSegment x="74.609843" y="30.47378" />
                  <PolyStepSegment x="74.637605" y="30.537633" />
                  <PolyStepSegment x="74.673696" y="30.601486" />
                  <PolyStepSegment x="74.673696" y="30.604262" />
                  <PolyStepSegment x="74.679249" y="30.609814" />
                  <PolyStepSegment x="74.684801" y="30.618143" />
                  <PolyStepSegment x="74.69313" y="30.629248" />
                  <PolyStepSegment x="74.720892" y="30.659786" />
                  <PolyStepSegment x="74.754207" y="30.698653" />
                  <PolyStepSegment x="74.801402" y="30.740297" />
                  <PolyStepSegment x="74.854151" y="30.78194" />
                  <PolyStepSegment x="74.92078" y="30.823583" />
                  <PolyStepSegment x="74.992962" y="30.859674" />
                  <PolyStepSegment x="74.995738" y="30.859674" />
                  <PolyStepSegment x="75.00129" y="30.86245" />
                  <PolyStepSegment x="75.015171" y="30.868003" />
                  <PolyStepSegment x="75.029052" y="30.873555" />
                  <PolyStepSegment x="75.051262" y="30.881884" />
                  <PolyStepSegment x="75.073472" y="30.887436" />
                  <PolyStepSegment x="75.101234" y="30.895765" />
                  <PolyStepSegment x="75.134549" y="30.90687" />
                  <PolyStepSegment x="75.17064" y="30.915199" />
                  <PolyStepSegment x="75.20673" y="30.923527" />
                  <PolyStepSegment x="75.248374" y="30.92908" />
                  <PolyStepSegment x="75.292793" y="30.937408" />
                  <PolyStepSegment x="75.342765" y="30.942961" />
                  <PolyStepSegment x="75.389961" y="30.948513" />
                  <PolyStepSegment x="75.498234" y="30.951289" />
                  <PolyStepSegment x="75.545429" y="30.951289" />
                  <PolyStepSegment x="75.575968" y="30.948513" />
                </Polygon>
              </Contour>
            </Features>
            <Features>
              <Contour>
                <Polygon>
                  <PolyBegin x="78.971285" y="30.90687" />
                  <PolyStepSegment x="79.015704" y="30.90687" />
                  <PolyStepSegment x="79.065676" y="30.904094" />
                  <PolyStepSegment x="79.171173" y="30.901317" />
                  <PolyStepSegment x="79.221145" y="30.895765" />
                  <PolyStepSegment x="79.271117" y="30.892989" />
                  <PolyStepSegment x="79.318312" y="30.890213" />
                  <PolyStepSegment x="79.359956" y="30.88466" />
                  <PolyStepSegment x="79.396046" y="30.876331" />
                  <PolyStepSegment x="79.426585" y="30.870779" />
                  <PolyStepSegment x="79.429361" y="30.870779" />
                  <PolyStepSegment x="79.43769" y="30.868003" />
                  <PolyStepSegment x="79.448795" y="30.865227" />
                  <PolyStepSegment x="79.462676" y="30.859674" />
                  <PolyStepSegment x="79.482109" y="30.851345" />
                  <PolyStepSegment x="79.504319" y="30.843017" />
                  <PolyStepSegment x="79.554291" y="30.818031" />
                  <PolyStepSegment x="79.612592" y="30.784716" />
                  <PolyStepSegment x="79.673668" y="30.740297" />
                  <PolyStepSegment x="79.706983" y="30.712534" />
                  <PolyStepSegment x="79.737522" y="30.684772" />
                  <PolyStepSegment x="79.76806" y="30.654234" />
                  <PolyStepSegment x="79.795822" y="30.618143" />
                  <PolyStepSegment x="79.798598" y="30.615367" />
                  <PolyStepSegment x="79.801375" y="30.609814" />
                  <PolyStepSegment x="79.809703" y="30.598709" />
                  <PolyStepSegment x="79.818032" y="30.584828" />
                  <PolyStepSegment x="79.831913" y="30.565395" />
                  <PolyStepSegment x="79.843018" y="30.540409" />
                  <PolyStepSegment x="79.856899" y="30.515423" />
                  <PolyStepSegment x="79.87078" y="30.484884" />
                  <PolyStepSegment x="79.884661" y="30.448794" />
                  <PolyStepSegment x="79.898542" y="30.412703" />
                  <PolyStepSegment x="79.912423" y="30.371059" />
                  <PolyStepSegment x="79.923528" y="30.32664" />
                  <PolyStepSegment x="79.931857" y="30.279444" />
                  <PolyStepSegment x="79.940186" y="30.229472" />
                  <PolyStepSegment x="79.942962" y="30.173948" />
                  <PolyStepSegment x="79.945738" y="30.118423" />
                  <PolyStepSegment x="79.945738" y="30.115647" />
                  <PolyStepSegment x="79.945738" y="30.107318" />
                  <PolyStepSegment x="79.945738" y="30.096214" />
                  <PolyStepSegment x="79.945738" y="30.079556" />
                  <PolyStepSegment x="79.942962" y="30.060123" />
                  <PolyStepSegment x="79.940186" y="30.035137" />
                  <PolyStepSegment x="79.937409" y="30.010151" />
                  <PolyStepSegment x="79.934633" y="29.979612" />
                  <PolyStepSegment x="79.923528" y="29.918536" />
                  <PolyStepSegment x="79.909647" y="29.851906" />
                  <PolyStepSegment x="79.887437" y="29.785277" />
                  <PolyStepSegment x="79.859675" y="29.721424" />
                  <PolyStepSegment x="79.859675" y="29.718648" />
                  <PolyStepSegment x="79.856899" y="29.715871" />
                  <PolyStepSegment x="79.851347" y="29.707543" />
                  <PolyStepSegment x="79.843018" y="29.696438" />
                  <PolyStepSegment x="79.826361" y="29.6659" />
                  <PolyStepSegment x="79.801375" y="29.629809" />
                  <PolyStepSegment x="79.76806" y="29.590942" />
                  <PolyStepSegment x="79.731969" y="29.549298" />
                  <PolyStepSegment x="79.68755" y="29.507655" />
                  <PolyStepSegment x="79.640354" y="29.468788" />
                  <PolyStepSegment x="79.637578" y="29.468788" />
                  <PolyStepSegment x="79.634801" y="29.466012" />
                  <PolyStepSegment x="79.618144" y="29.454907" />
                  <PolyStepSegment x="79.593158" y="29.438249" />
                  <PolyStepSegment x="79.557067" y="29.418816" />
                  <PolyStepSegment x="79.5182" y="29.399382" />
                  <PolyStepSegment x="79.473781" y="29.379949" />
                  <PolyStepSegment x="79.423809" y="29.363292" />
                  <PolyStepSegment x="79.373837" y="29.34941" />
                  <PolyStepSegment x="79.37106" y="29.34941" />
                  <PolyStepSegment x="79.365508" y="29.346634" />
                  <PolyStepSegment x="79.354403" y="29.346634" />
                  <PolyStepSegment x="79.340522" y="29.343858" />
                  <PolyStepSegment x="79.321088" y="29.341082" />
                  <PolyStepSegment x="79.296103" y="29.338306" />
                  <PolyStepSegment x="79.26834" y="29.335529" />
                  <PolyStepSegment x="79.237802" y="29.332753" />
                  <PolyStepSegment x="79.201711" y="29.327201" />
                  <PolyStepSegment x="79.160068" y="29.324424" />
                  <PolyStepSegment x="79.115648" y="29.321648" />
                  <PolyStepSegment x="79.068452" y="29.318872" />
                  <PolyStepSegment x="79.015704" y="29.316096" />
                  <PolyStepSegment x="78.96018" y="29.316096" />
                  <PolyStepSegment x="78.899103" y="29.31332" />
                  <PolyStepSegment x="78.499327" y="29.31332" />
                  <PolyStepSegment x="78.499327" y="28.347195" />
                  <PolyStepSegment x="77.98295" y="28.347195" />
                  <PolyStepSegment x="77.98295" y="30.909646" />
                  <PolyStepSegment x="78.926865" y="30.909646" />
                  <PolyStepSegment x="78.971285" y="30.90687" />
                </Polygon>
                <Cutout>
                  <PolyBegin x="78.846355" y="30.476556" />
                  <PolyStepSegment x="78.499327" y="30.476556" />
                  <PolyStepSegment x="78.499327" y="29.74641" />
                  <PolyStepSegment x="78.85746" y="29.74641" />
                  <PolyStepSegment x="78.885222" y="29.749186" />
                  <PolyStepSegment x="78.949075" y="29.751962" />
                  <PolyStepSegment x="79.015704" y="29.754739" />
                  <PolyStepSegment x="79.082334" y="29.763067" />
                  <PolyStepSegment x="79.115648" y="29.76862" />
                  <PolyStepSegment x="79.14341" y="29.771396" />
                  <PolyStepSegment x="79.168396" y="29.779725" />
                  <PolyStepSegment x="79.190606" y="29.785277" />
                  <PolyStepSegment x="79.196159" y="29.788053" />
                  <PolyStepSegment x="79.207263" y="29.793606" />
                  <PolyStepSegment x="79.226697" y="29.801934" />
                  <PolyStepSegment x="79.248907" y="29.815815" />
                  <PolyStepSegment x="79.273893" y="29.835249" />
                  <PolyStepSegment x="79.301655" y="29.857459" />
                  <PolyStepSegment x="79.329417" y="29.882445" />
                  <PolyStepSegment x="79.351627" y="29.912983" />
                  <PolyStepSegment x="79.354403" y="29.915759" />
                  <PolyStepSegment x="79.359956" y="29.92964" />
                  <PolyStepSegment x="79.37106" y="29.946298" />
                  <PolyStepSegment x="79.382165" y="29.971284" />
                  <PolyStepSegment x="79.39327" y="29.999046" />
                  <PolyStepSegment x="79.404375" y="30.032361" />
                  <PolyStepSegment x="79.409928" y="30.071228" />
                  <PolyStepSegment x="79.412704" y="30.112871" />
                  <PolyStepSegment x="79.412704" y="30.115647" />
                  <PolyStepSegment x="79.412704" y="30.118423" />
                  <PolyStepSegment x="79.412704" y="30.135081" />
                  <PolyStepSegment x="79.407151" y="30.162843" />
                  <PolyStepSegment x="79.401599" y="30.193381" />
                  <PolyStepSegment x="79.39327" y="30.229472" />
                  <PolyStepSegment x="79.376613" y="30.268339" />
                  <PolyStepSegment x="79.357179" y="30.307206" />
                  <PolyStepSegment x="79.329417" y="30.343297" />
                  <PolyStepSegment x="79.326641" y="30.346073" />
                  <PolyStepSegment x="79.315536" y="30.357178" />
                  <PolyStepSegment x="79.296103" y="30.373836" />
                  <PolyStepSegment x="79.271117" y="30.393269" />
                  <PolyStepSegment x="79.243354" y="30.412703" />
                  <PolyStepSegment x="79.207263" y="30.42936" />
                  <PolyStepSegment x="79.16562" y="30.446017" />
                  <PolyStepSegment x="79.121201" y="30.457122" />
                  <PolyStepSegment x="79.115648" y="30.457122" />
                  <PolyStepSegment x="79.101767" y="30.459898" />
                  <PolyStepSegment x="79.090662" y="30.462675" />
                  <PolyStepSegment x="79.076781" y="30.462675" />
                  <PolyStepSegment x="79.060124" y="30.465451" />
                  <PolyStepSegment x="79.04069" y="30.468227" />
                  <PolyStepSegment x="79.015704" y="30.468227" />
                  <PolyStepSegment x="78.987942" y="30.471003" />
                  <PolyStepSegment x="78.957404" y="30.471003" />
                  <PolyStepSegment x="78.924089" y="30.47378" />
                  <PolyStepSegment x="78.887998" y="30.47378" />
                  <PolyStepSegment x="78.846355" y="30.476556" />
                </Cutout>
              </Contour>
            </Features>
            <Features>
              <Contour>
                <Polygon>
                  <PolyBegin x="81.558722" y="30.948513" />
                  <PolyStepSegment x="81.597589" y="30.945737" />
                  <PolyStepSegment x="81.644785" y="30.940184" />
                  <PolyStepSegment x="81.700309" y="30.931856" />
                  <PolyStepSegment x="81.761386" y="30.920751" />
                  <PolyStepSegment x="81.828015" y="30.90687" />
                  <PolyStepSegment x="81.900197" y="30.887436" />
                  <PolyStepSegment x="81.972379" y="30.865227" />
                  <PolyStepSegment x="82.047337" y="30.837464" />
                  <PolyStepSegment x="82.125071" y="30.801373" />
                  <PolyStepSegment x="82.200029" y="30.762506" />
                  <PolyStepSegment x="82.27221" y="30.715311" />
                  <PolyStepSegment x="82.341616" y="30.659786" />
                  <PolyStepSegment x="82.408245" y="30.598709" />
                  <PolyStepSegment x="82.411021" y="30.595933" />
                  <PolyStepSegment x="82.422126" y="30.582052" />
                  <PolyStepSegment x="82.438784" y="30.562619" />
                  <PolyStepSegment x="82.460993" y="30.534856" />
                  <PolyStepSegment x="82.488756" y="30.498766" />
                  <PolyStepSegment x="82.516518" y="30.454346" />
                  <PolyStepSegment x="82.547056" y="30.404374" />
                  <PolyStepSegment x="82.580371" y="30.343297" />
                  <PolyStepSegment x="82.610909" y="30.279444" />
                  <PolyStepSegment x="82.641448" y="30.204486" />
                  <PolyStepSegment x="82.671986" y="30.123976" />
                  <PolyStepSegment x="82.696972" y="30.037913" />
                  <PolyStepSegment x="82.719182" y="29.943522" />
                  <PolyStepSegment x="82.735839" y="29.843578" />
                  <PolyStepSegment x="82.746944" y="29.735305" />
                  <PolyStepSegment x="82.74972" y="29.62148" />
                  <PolyStepSegment x="82.74972" y="29.618704" />
                  <PolyStepSegment x="82.74972" y="29.613151" />
                  <PolyStepSegment x="82.74972" y="29.604823" />
                  <PolyStepSegment x="82.74972" y="29.593718" />
                  <PolyStepSegment x="82.74972" y="29.579837" />
                  <PolyStepSegment x="82.746944" y="29.563179" />
                  <PolyStepSegment x="82.744168" y="29.51876" />
                  <PolyStepSegment x="82.738615" y="29.466012" />
                  <PolyStepSegment x="82.733063" y="29.407711" />
                  <PolyStepSegment x="82.721958" y="29.338306" />
                  <PolyStepSegment x="82.708077" y="29.266124" />
                  <PolyStepSegment x="82.688643" y="29.191166" />
                  <PolyStepSegment x="82.666434" y="29.110656" />
                  <PolyStepSegment x="82.638671" y="29.030145" />
                  <PolyStepSegment x="82.608133" y="28.949635" />
                  <PolyStepSegment x="82.569266" y="28.869124" />
                  <PolyStepSegment x="82.52207" y="28.79139" />
                  <PolyStepSegment x="82.472098" y="28.719208" />
                  <PolyStepSegment x="82.411021" y="28.649803" />
                  <PolyStepSegment x="82.408245" y="28.647027" />
                  <PolyStepSegment x="82.394364" y="28.635922" />
                  <PolyStepSegment x="82.377707" y="28.616488" />
                  <PolyStepSegment x="82.349945" y="28.594279" />
                  <PolyStepSegment x="82.31663" y="28.569293" />
                  <PolyStepSegment x="82.274987" y="28.538754" />
                  <PolyStepSegment x="82.227791" y="28.508216" />
                  <PolyStepSegment x="82.172266" y="28.474901" />
                  <PolyStepSegment x="82.11119" y="28.441586" />
                  <PolyStepSegment x="82.04456" y="28.411048" />
                  <PolyStepSegment x="81.969602" y="28.38051" />
                  <PolyStepSegment x="81.889092" y="28.355524" />
                  <PolyStepSegment x="81.803029" y="28.333314" />
                  <PolyStepSegment x="81.711414" y="28.31388" />
                  <PolyStepSegment x="81.61147" y="28.302776" />
                  <PolyStepSegment x="81.50875" y="28.299999" />
                  <PolyStepSegment x="81.483764" y="28.299999" />
                  <PolyStepSegment x="81.453225" y="28.302776" />
                  <PolyStepSegment x="81.414358" y="28.305552" />
                  <PolyStepSegment x="81.367163" y="28.311104" />
                  <PolyStepSegment x="81.308862" y="28.319433" />
                  <PolyStepSegment x="81.247785" y="28.327761" />
                  <PolyStepSegment x="81.181156" y="28.344419" />
                  <PolyStepSegment x="81.108974" y="28.361076" />
                  <PolyStepSegment x="81.036792" y="28.386062" />
                  <PolyStepSegment x="80.959058" y="28.413824" />
                  <PolyStepSegment x="80.8841" y="28.447139" />
                  <PolyStepSegment x="80.809142" y="28.486006" />
                  <PolyStepSegment x="80.736961" y="28.533202" />
                  <PolyStepSegment x="80.667555" y="28.58595" />
                  <PolyStepSegment x="80.600926" y="28.647027" />
                  <PolyStepSegment x="80.59815" y="28.652579" />
                  <PolyStepSegment x="80.587045" y="28.663684" />
                  <PolyStepSegment x="80.570388" y="28.683118" />
                  <PolyStepSegment x="80.548178" y="28.71088" />
                  <PolyStepSegment x="80.523192" y="28.746971" />
                  <PolyStepSegment x="80.49543" y="28.79139" />
                  <PolyStepSegment x="80.464891" y="28.841362" />
                  <PolyStepSegment x="80.434353" y="28.899663" />
                  <PolyStepSegment x="80.401038" y="28.963516" />
                  <PolyStepSegment x="80.3705" y="29.035698" />
                  <PolyStepSegment x="80.342737" y="29.113432" />
                  <PolyStepSegment x="80.317751" y="29.199495" />
                  <PolyStepSegment x="80.295542" y="29.29111" />
                  <PolyStepSegment x="80.278884" y="29.391054" />
                  <PolyStepSegment x="80.26778" y="29.49655" />
                  <PolyStepSegment x="80.265003" y="29.607599" />
                  <PolyStepSegment x="80.265003" y="29.613151" />
                  <PolyStepSegment x="80.265003" y="29.624256" />
                  <PolyStepSegment x="80.265003" y="29.646466" />
                  <PolyStepSegment x="80.26778" y="29.674228" />
                  <PolyStepSegment x="80.26778" y="29.707543" />
                  <PolyStepSegment x="80.270556" y="29.74641" />
                  <PolyStepSegment x="80.276108" y="29.788053" />
                  <PolyStepSegment x="80.278884" y="29.838025" />
                  <PolyStepSegment x="80.287213" y="29.887997" />
                  <PolyStepSegment x="80.292765" y="29.940745" />
                  <PolyStepSegment x="80.314975" y="30.051794" />
                  <PolyStepSegment x="80.342737" y="30.160067" />
                  <PolyStepSegment x="80.362171" y="30.215591" />
                  <PolyStepSegment x="80.381605" y="30.265563" />
                  <PolyStepSegment x="80.381605" y="30.268339" />
                  <PolyStepSegment x="80.384381" y="30.273892" />
                  <PolyStepSegment x="80.389933" y="30.284997" />
                  <PolyStepSegment x="80.398262" y="30.298878" />
                  <PolyStepSegment x="80.406591" y="30.315535" />
                  <PolyStepSegment x="80.417695" y="30.334969" />
                  <PolyStepSegment x="80.442681" y="30.38494" />
                  <PolyStepSegment x="80.475996" y="30.437689" />
                  <PolyStepSegment x="80.517639" y="30.498766" />
                  <PolyStepSegment x="80.564835" y="30.557066" />
                  <PolyStepSegment x="80.617583" y="30.618143" />
                  <PolyStepSegment x="80.620359" y="30.620919" />
                  <PolyStepSegment x="80.625912" y="30.623695" />
                  <PolyStepSegment x="80.634241" y="30.632024" />
                  <PolyStepSegment x="80.645345" y="30.643129" />
                  <PolyStepSegment x="80.659227" y="30.65701" />
                  <PolyStepSegment x="80.675884" y="30.670891" />
                  <PolyStepSegment x="80.717527" y="30.704206" />
                  <PolyStepSegment x="80.764723" y="30.743073" />
                  <PolyStepSegment x="80.823024" y="30.78194" />
                  <PolyStepSegment x="80.8841" y="30.818031" />
                  <PolyStepSegment x="80.95073" y="30.848569" />
                  <PolyStepSegment x="80.953506" y="30.848569" />
                  <PolyStepSegment x="80.961835" y="30.854122" />
                  <PolyStepSegment x="80.975716" y="30.856898" />
                  <PolyStepSegment x="80.992373" y="30.865227" />
                  <PolyStepSegment x="81.014583" y="30.873555" />
                  <PolyStepSegment x="81.042345" y="30.881884" />
                  <PolyStepSegment x="81.072883" y="30.890213" />
                  <PolyStepSegment x="81.108974" y="30.901317" />
                  <PolyStepSegment x="81.147841" y="30.909646" />
                  <PolyStepSegment x="81.189485" y="30.917975" />
                  <PolyStepSegment x="81.23668" y="30.926303" />
                  <PolyStepSegment x="81.283876" y="30.934632" />
                  <PolyStepSegment x="81.389372" y="30.945737" />
                  <PolyStepSegment x="81.503197" y="30.951289" />
                  <PolyStepSegment x="81.528183" y="30.951289" />
                  <PolyStepSegment x="81.558722" y="30.948513" />
                </Polygon>
                <Cutout>
                  <PolyBegin x="81.50875" y="30.50987" />
                  <PolyStepSegment x="81.478211" y="30.50987" />
                  <PolyStepSegment x="81.456002" y="30.507094" />
                  <PolyStepSegment x="81.428239" y="30.504318" />
                  <PolyStepSegment x="81.397701" y="30.498766" />
                  <PolyStepSegment x="81.36161" y="30.490437" />
                  <PolyStepSegment x="81.325519" y="30.482108" />
                  <PolyStepSegment x="81.283876" y="30.471003" />
                  <PolyStepSegment x="81.242233" y="30.457122" />
                  <PolyStepSegment x="81.200589" y="30.437689" />
                  <PolyStepSegment x="81.15617" y="30.415479" />
                  <PolyStepSegment x="81.114527" y="30.390493" />
                  <PolyStepSegment x="81.070107" y="30.359955" />
                  <PolyStepSegment x="81.03124" y="30.32664" />
                  <PolyStepSegment x="80.992373" y="30.287773" />
                  <PolyStepSegment x="80.989597" y="30.284997" />
                  <PolyStepSegment x="80.984044" y="30.276668" />
                  <PolyStepSegment x="80.975716" y="30.265563" />
                  <PolyStepSegment x="80.961835" y="30.246129" />
                  <PolyStepSegment x="80.947953" y="30.22392" />
                  <PolyStepSegment x="80.931296" y="30.196158" />
                  <PolyStepSegment x="80.914639" y="30.162843" />
                  <PolyStepSegment x="80.895205" y="30.123976" />
                  <PolyStepSegment x="80.878548" y="30.079556" />
                  <PolyStepSegment x="80.859114" y="30.029584" />
                  <PolyStepSegment x="80.842457" y="29.976836" />
                  <PolyStepSegment x="80.828576" y="29.915759" />
                  <PolyStepSegment x="80.814695" y="29.851906" />
                  <PolyStepSegment x="80.806366" y="29.782501" />
                  <PolyStepSegment x="80.800814" y="29.707543" />
                  <PolyStepSegment x="80.798038" y="29.627032" />
                  <PolyStepSegment x="80.798038" y="29.62148" />
                  <PolyStepSegment x="80.798038" y="29.607599" />
                  <PolyStepSegment x="80.800814" y="29.585389" />
                  <PolyStepSegment x="80.800814" y="29.554851" />
                  <PolyStepSegment x="80.80359" y="29.51876" />
                  <PolyStepSegment x="80.809142" y="29.477117" />
                  <PolyStepSegment x="80.814695" y="29.429921" />
                  <PolyStepSegment x="80.823024" y="29.379949" />
                  <PolyStepSegment x="80.834128" y="29.327201" />
                  <PolyStepSegment x="80.84801" y="29.274452" />
                  <PolyStepSegment x="80.861891" y="29.218928" />
                  <PolyStepSegment x="80.881324" y="29.163404" />
                  <PolyStepSegment x="80.90631" y="29.110656" />
                  <PolyStepSegment x="80.931296" y="29.060684" />
                  <PolyStepSegment x="80.961835" y="29.010712" />
                  <PolyStepSegment x="80.997925" y="28.966292" />
                  <PolyStepSegment x="81.000702" y="28.963516" />
                  <PolyStepSegment x="81.006254" y="28.957963" />
                  <PolyStepSegment x="81.017359" y="28.946859" />
                  <PolyStepSegment x="81.034016" y="28.930201" />
                  <PolyStepSegment x="81.05345" y="28.913544" />
                  <PolyStepSegment x="81.078436" y="28.89411" />
                  <PolyStepSegment x="81.106198" y="28.874677" />
                  <PolyStepSegment x="81.136736" y="28.855243" />
                  <PolyStepSegment x="81.172827" y="28.833034" />
                  <PolyStepSegment x="81.211694" y="28.8136" />
                  <PolyStepSegment x="81.253338" y="28.794166" />
                  <PolyStepSegment x="81.297757" y="28.777509" />
                  <PolyStepSegment x="81.344953" y="28.763628" />
                  <PolyStepSegment x="81.397701" y="28.752523" />
                  <PolyStepSegment x="81.453225" y="28.744194" />
                  <PolyStepSegment x="81.50875" y="28.741418" />
                  <PolyStepSegment x="81.522631" y="28.741418" />
                  <PolyStepSegment x="81.539288" y="28.744194" />
                  <PolyStepSegment x="81.561498" y="28.744194" />
                  <PolyStepSegment x="81.586484" y="28.746971" />
                  <PolyStepSegment x="81.617022" y="28.752523" />
                  <PolyStepSegment x="81.650337" y="28.760852" />
                  <PolyStepSegment x="81.689204" y="28.76918" />
                  <PolyStepSegment x="81.728071" y="28.780285" />
                  <PolyStepSegment x="81.766938" y="28.796943" />
                  <PolyStepSegment x="81.811358" y="28.8136" />
                  <PolyStepSegment x="81.853001" y="28.83581" />
                  <PolyStepSegment x="81.894644" y="28.860796" />
                  <PolyStepSegment x="81.936288" y="28.891334" />
                  <PolyStepSegment x="81.977931" y="28.924649" />
                  <PolyStepSegment x="82.016798" y="28.963516" />
                  <PolyStepSegment x="82.019574" y="28.966292" />
                  <PolyStepSegment x="82.025127" y="28.974621" />
                  <PolyStepSegment x="82.036232" y="28.985726" />
                  <PolyStepSegment x="82.047337" y="29.005159" />
                  <PolyStepSegment x="82.063994" y="29.027369" />
                  <PolyStepSegment x="82.080651" y="29.057907" />
                  <PolyStepSegment x="82.097308" y="29.091222" />
                  <PolyStepSegment x="82.116742" y="29.130089" />
                  <PolyStepSegment x="82.136176" y="29.174509" />
                  <PolyStepSegment x="82.152833" y="29.224481" />
                  <PolyStepSegment x="82.16949" y="29.280005" />
                  <PolyStepSegment x="82.186148" y="29.338306" />
                  <PolyStepSegment x="82.197252" y="29.404935" />
                  <PolyStepSegment x="82.208357" y="29.47434" />
                  <PolyStepSegment x="82.21391" y="29.552074" />
                  <PolyStepSegment x="82.216686" y="29.632585" />
                  <PolyStepSegment x="82.216686" y="29.638137" />
                  <PolyStepSegment x="82.216686" y="29.652018" />
                  <PolyStepSegment x="82.216686" y="29.674228" />
                  <PolyStepSegment x="82.21391" y="29.704767" />
                  <PolyStepSegment x="82.211134" y="29.740857" />
                  <PolyStepSegment x="82.205581" y="29.782501" />
                  <PolyStepSegment x="82.200029" y="29.829696" />
                  <PolyStepSegment x="82.1917" y="29.879668" />
                  <PolyStepSegment x="82.183371" y="29.932417" />
                  <PolyStepSegment x="82.16949" y="29.987941" />
                  <PolyStepSegment x="82.152833" y="30.043465" />
                  <PolyStepSegment x="82.136176" y="30.096214" />
                  <PolyStepSegment x="82.11119" y="30.148962" />
                  <PolyStepSegment x="82.086204" y="30.198934" />
                  <PolyStepSegment x="82.055665" y="30.248906" />
                  <PolyStepSegment x="82.022351" y="30.290549" />
                  <PolyStepSegment x="82.019574" y="30.293325" />
                  <PolyStepSegment x="82.014022" y="30.298878" />
                  <PolyStepSegment x="82.002917" y="30.309983" />
                  <PolyStepSegment x="81.98626" y="30.323864" />
                  <PolyStepSegment x="81.966826" y="30.340521" />
                  <PolyStepSegment x="81.944616" y="30.359955" />
                  <PolyStepSegment x="81.916854" y="30.379388" />
                  <PolyStepSegment x="81.886316" y="30.401598" />
                  <PolyStepSegment x="81.850225" y="30.421031" />
                  <PolyStepSegment x="81.811358" y="30.440465" />
                  <PolyStepSegment x="81.769715" y="30.459898" />
                  <PolyStepSegment x="81.722519" y="30.476556" />
                  <PolyStepSegment x="81.675323" y="30.490437" />
                  <PolyStepSegment x="81.622575" y="30.501542" />
                  <PolyStepSegment x="81.56705" y="30.507094" />
                  <PolyStepSegment x="81.50875" y="30.50987" />
                </Cutout>
              </Contour>
            </Features>
            <Features>
              <Contour>
                <Polygon>
                  <PolyBegin x="84.129502" y="30.948513" />
                  <PolyStepSegment x="84.171145" y="30.945737" />
                  <PolyStepSegment x="84.215564" y="30.940184" />
                  <PolyStepSegment x="84.268313" y="30.934632" />
                  <PolyStepSegment x="84.323837" y="30.923527" />
                  <PolyStepSegment x="84.379361" y="30.912422" />
                  <PolyStepSegment x="84.440438" y="30.898541" />
                  <PolyStepSegment x="84.501515" y="30.881884" />
                  <PolyStepSegment x="84.559816" y="30.86245" />
                  <PolyStepSegment x="84.618116" y="30.837464" />
                  <PolyStepSegment x="84.676417" y="30.806926" />
                  <PolyStepSegment x="84.729165" y="30.776388" />
                  <PolyStepSegment x="84.776361" y="30.73752" />
                  <PolyStepSegment x="84.779137" y="30.734744" />
                  <PolyStepSegment x="84.787466" y="30.729192" />
                  <PolyStepSegment x="84.798571" y="30.715311" />
                  <PolyStepSegment x="84.815228" y="30.698653" />
                  <PolyStepSegment x="84.834661" y="30.67922" />
                  <PolyStepSegment x="84.854095" y="30.651458" />
                  <PolyStepSegment x="84.876305" y="30.620919" />
                  <PolyStepSegment x="84.901291" y="30.587605" />
                  <PolyStepSegment x="84.9235" y="30.548737" />
                  <PolyStepSegment x="84.94571" y="30.507094" />
                  <PolyStepSegment x="84.96792" y="30.459898" />
                  <PolyStepSegment x="84.987354" y="30.409926" />
                  <PolyStepSegment x="85.006787" y="30.357178" />
                  <PolyStepSegment x="85.020668" y="30.298878" />
                  <PolyStepSegment x="85.028997" y="30.237801" />
                  <PolyStepSegment x="85.034549" y="30.173948" />
                  <PolyStepSegment x="84.518172" y="30.154514" />
                  <PolyStepSegment x="84.518172" y="30.15729" />
                  <PolyStepSegment x="84.515396" y="30.162843" />
                  <PolyStepSegment x="84.515396" y="30.173948" />
                  <PolyStepSegment x="84.51262" y="30.185053" />
                  <PolyStepSegment x="84.507067" y="30.20171" />
                  <PolyStepSegment x="84.501515" y="30.221144" />
                  <PolyStepSegment x="84.487634" y="30.262787" />
                  <PolyStepSegment x="84.4682" y="30.307206" />
                  <PolyStepSegment x="84.443214" y="30.354402" />
                  <PolyStepSegment x="84.412676" y="30.398822" />
                  <PolyStepSegment x="84.373809" y="30.434912" />
                  <PolyStepSegment x="84.368256" y="30.437689" />
                  <PolyStepSegment x="84.354375" y="30.448794" />
                  <PolyStepSegment x="84.329389" y="30.462675" />
                  <PolyStepSegment x="84.293299" y="30.479332" />
                  <PolyStepSegment x="84.246103" y="30.495989" />
                  <PolyStepSegment x="84.190578" y="30.50987" />
                  <PolyStepSegment x="84.123949" y="30.520975" />
                  <PolyStepSegment x="84.046215" y="30.523752" />
                  <PolyStepSegment x="84.010124" y="30.523752" />
                  <PolyStepSegment x="83.990691" y="30.520975" />
                  <PolyStepSegment x="83.968481" y="30.518199" />
                  <PolyStepSegment x="83.915733" y="30.512647" />
                  <PolyStepSegment x="83.860208" y="30.501542" />
                  <PolyStepSegment x="83.799131" y="30.484884" />
                  <PolyStepSegment x="83.743607" y="30.459898" />
                  <PolyStepSegment x="83.690859" y="30.42936" />
                  <PolyStepSegment x="83.688083" y="30.426584" />
                  <PolyStepSegment x="83.679754" y="30.418255" />
                  <PolyStepSegment x="83.665873" y="30.404374" />
                  <PolyStepSegment x="83.651992" y="30.387717" />
                  <PolyStepSegment x="83.635334" y="30.365507" />
                  <PolyStepSegment x="83.62423" y="30.337745" />
                  <PolyStepSegment x="83.613125" y="30.307206" />
                  <PolyStepSegment x="83.610348" y="30.271115" />
                  <PolyStepSegment x="83.610348" y="30.268339" />
                  <PolyStepSegment x="83.610348" y="30.257234" />
                  <PolyStepSegment x="83.613125" y="30.237801" />
                  <PolyStepSegment x="83.618677" y="30.218367" />
                  <PolyStepSegment x="83.629782" y="30.193381" />
                  <PolyStepSegment x="83.640887" y="30.165619" />
                  <PolyStepSegment x="83.66032" y="30.140633" />
                  <PolyStepSegment x="83.685306" y="30.115647" />
                  <PolyStepSegment x="83.690859" y="30.112871" />
                  <PolyStepSegment x="83.696411" y="30.107318" />
                  <PolyStepSegment x="83.707516" y="30.101766" />
                  <PolyStepSegment x="83.718621" y="30.093437" />
                  <PolyStepSegment x="83.735278" y="30.085109" />
                  <PolyStepSegment x="83.757488" y="30.074004" />
                  <PolyStepSegment x="83.782474" y="30.062899" />
                  <PolyStepSegment x="83.810236" y="30.051794" />
                  <PolyStepSegment x="83.843551" y="30.037913" />
                  <PolyStepSegment x="83.882418" y="30.024032" />
                  <PolyStepSegment x="83.926837" y="30.010151" />
                  <PolyStepSegment x="83.976809" y="29.993493" />
                  <PolyStepSegment x="84.032334" y="29.976836" />
                  <PolyStepSegment x="84.093411" y="29.960179" />
                  <PolyStepSegment x="84.16004" y="29.943522" />
                  <PolyStepSegment x="84.165592" y="29.943522" />
                  <PolyStepSegment x="84.176697" y="29.940745" />
                  <PolyStepSegment x="84.196131" y="29.935193" />
                  <PolyStepSegment x="84.221117" y="29.92964" />
                  <PolyStepSegment x="84.254431" y="29.921312" />
                  <PolyStepSegment x="84.287746" y="29.910207" />
                  <PolyStepSegment x="84.329389" y="29.899102" />
                  <PolyStepSegment x="84.371033" y="29.887997" />
                  <PolyStepSegment x="84.462648" y="29.860235" />
                  <PolyStepSegment x="84.554263" y="29.829696" />
                  <PolyStepSegment x="84.598683" y="29.813039" />
                  <PolyStepSegment x="84.643102" y="29.796382" />
                  <PolyStepSegment x="84.681969" y="29.776948" />
                  <PolyStepSegment x="84.71806" y="29.760291" />
                  <PolyStepSegment x="84.720836" y="29.760291" />
                  <PolyStepSegment x="84.726389" y="29.754739" />
                  <PolyStepSegment x="84.734717" y="29.749186" />
                  <PolyStepSegment x="84.748599" y="29.743634" />
                  <PolyStepSegment x="84.781913" y="29.721424" />
                  <PolyStepSegment x="84.823557" y="29.693662" />
                  <PolyStepSegment x="84.867976" y="29.654795" />
                  <PolyStepSegment x="84.915172" y="29.610375" />
                  <PolyStepSegment x="84.962368" y="29.557627" />
                  <PolyStepSegment x="85.004011" y="29.499326" />
                  <PolyStepSegment x="85.004011" y="29.49655" />
                  <PolyStepSegment x="85.009563" y="29.490998" />
                  <PolyStepSegment x="85.01234" y="29.482669" />
                  <PolyStepSegment x="85.020668" y="29.468788" />
                  <PolyStepSegment x="85.028997" y="29.452131" />
                  <PolyStepSegment x="85.037325" y="29.432697" />
                  <PolyStepSegment x="85.045654" y="29.410487" />
                  <PolyStepSegment x="85.056759" y="29.385501" />
                  <PolyStepSegment x="85.065088" y="29.357739" />
                  <PolyStepSegment x="85.073416" y="29.327201" />
                  <PolyStepSegment x="85.090074" y="29.257795" />
                  <PolyStepSegment x="85.101179" y="29.177285" />
                  <PolyStepSegment x="85.106731" y="29.091222" />
                  <PolyStepSegment x="85.106731" y="29.088446" />
                  <PolyStepSegment x="85.106731" y="29.082893" />
                  <PolyStepSegment x="85.106731" y="29.069012" />
                  <PolyStepSegment x="85.103955" y="29.055131" />
                  <PolyStepSegment x="85.103955" y="29.035698" />
                  <PolyStepSegment x="85.101179" y="29.010712" />
                  <PolyStepSegment x="85.095626" y="28.985726" />
                  <PolyStepSegment x="85.090074" y="28.957963" />
                  <PolyStepSegment x="85.076193" y="28.89411" />
                  <PolyStepSegment x="85.053983" y="28.824705" />
                  <PolyStepSegment x="85.023444" y="28.752523" />
                  <PolyStepSegment x="85.004011" y="28.713656" />
                  <PolyStepSegment x="84.981801" y="28.677565" />
                  <PolyStepSegment x="84.981801" y="28.674789" />
                  <PolyStepSegment x="84.976249" y="28.669237" />
                  <PolyStepSegment x="84.96792" y="28.658132" />
                  <PolyStepSegment x="84.959591" y="28.647027" />
                  <PolyStepSegment x="84.94571" y="28.630369" />
                  <PolyStepSegment x="84.931829" y="28.610936" />
                  <PolyStepSegment x="84.892962" y="28.569293" />
                  <PolyStepSegment x="84.84299" y="28.524873" />
                  <PolyStepSegment x="84.784689" y="28.474901" />
                  <PolyStepSegment x="84.715284" y="28.430482" />
                  <PolyStepSegment x="84.634774" y="28.391615" />
                  <PolyStepSegment x="84.631997" y="28.391615" />
                  <PolyStepSegment x="84.623669" y="28.388838" />
                  <PolyStepSegment x="84.612564" y="28.383286" />
                  <PolyStepSegment x="84.595906" y="28.377733" />
                  <PolyStepSegment x="84.573697" y="28.369405" />
                  <PolyStepSegment x="84.545935" y="28.363852" />
                  <PolyStepSegment x="84.515396" y="28.355524" />
                  <PolyStepSegment x="84.482081" y="28.347195" />
                  <PolyStepSegment x="84.443214" y="28.33609" />
                  <PolyStepSegment x="84.401571" y="28.327761" />
                  <PolyStepSegment x="84.354375" y="28.322209" />
                  <PolyStepSegment x="84.304403" y="28.31388" />
                  <PolyStepSegment x="84.254431" y="28.308328" />
                  <PolyStepSegment x="84.196131" y="28.302776" />
                  <PolyStepSegment x="84.13783" y="28.299999" />
                  <PolyStepSegment x="84.054544" y="28.299999" />
                  <PolyStepSegment x="84.029558" y="28.302776" />
                  <PolyStepSegment x="83.996243" y="28.302776" />
                  <PolyStepSegment x="83.957376" y="28.305552" />
                  <PolyStepSegment x="83.91018" y="28.311104" />
                  <PolyStepSegment x="83.857432" y="28.319433" />
                  <PolyStepSegment x="83.801908" y="28.327761" />
                  <PolyStepSegment x="83.740831" y="28.338866" />
                  <PolyStepSegment x="83.679754" y="28.355524" />
                  <PolyStepSegment x="83.618677" y="28.372181" />
                  <PolyStepSegment x="83.5576" y="28.394391" />
                  <PolyStepSegment x="83.496523" y="28.419377" />
                  <PolyStepSegment x="83.438223" y="28.449915" />
                  <PolyStepSegment x="83.382698" y="28.48323" />
                  <PolyStepSegment x="83.32995" y="28.522097" />
                  <PolyStepSegment x="83.327174" y="28.524873" />
                  <PolyStepSegment x="83.318845" y="28.533202" />
                  <PolyStepSegment x="83.304964" y="28.547083" />
                  <PolyStepSegment x="83.288307" y="28.56374" />
                  <PolyStepSegment x="83.268873" y="28.588726" />
                  <PolyStepSegment x="83.243887" y="28.616488" />
                  <PolyStepSegment x="83.218901" y="28.649803" />
                  <PolyStepSegment x="83.193915" y="28.68867" />
                  <PolyStepSegment x="83.166153" y="28.73309" />
                  <PolyStepSegment x="83.138391" y="28.780285" />
                  <PolyStepSegment x="83.113405" y="28.83581" />
                  <PolyStepSegment x="83.088419" y="28.89411" />
                  <PolyStepSegment x="83.066209" y="28.957963" />
                  <PolyStepSegment x="83.046776" y="29.024593" />
                  <PolyStepSegment x="83.030118" y="29.099551" />
                  <PolyStepSegment x="83.019014" y="29.177285" />
                  <PolyStepSegment x="83.521509" y="29.227257" />
                  <PolyStepSegment x="83.521509" y="29.224481" />
                  <PolyStepSegment x="83.524286" y="29.216152" />
                  <PolyStepSegment x="83.527062" y="29.202271" />
                  <PolyStepSegment x="83.529838" y="29.185613" />
                  <PolyStepSegment x="83.53539" y="29.163404" />
                  <PolyStepSegment x="83.543719" y="29.141194" />
                  <PolyStepSegment x="83.560376" y="29.08567" />
                  <PolyStepSegment x="83.585362" y="29.024593" />
                  <PolyStepSegment x="83.618677" y="28.96074" />
                  <PolyStepSegment x="83.657544" y="28.902439" />
                  <PolyStepSegment x="83.679754" y="28.877453" />
                  <PolyStepSegment x="83.70474" y="28.852467" />
                  <PolyStepSegment x="83.707516" y="28.852467" />
                  <PolyStepSegment x="83.710292" y="28.846915" />
                  <PolyStepSegment x="83.718621" y="28.841362" />
                  <PolyStepSegment x="83.729726" y="28.833034" />
                  <PolyStepSegment x="83.743607" y="28.824705" />
                  <PolyStepSegment x="83.76304" y="28.816376" />
                  <PolyStepSegment x="83.782474" y="28.805271" />
                  <PolyStepSegment x="83.804684" y="28.794166" />
                  <PolyStepSegment x="83.860208" y="28.771957" />
                  <PolyStepSegment x="83.924061" y="28.755299" />
                  <PolyStepSegment x="83.999019" y="28.741418" />
                  <PolyStepSegment x="84.082306" y="28.735866" />
                  <PolyStepSegment x="84.107292" y="28.735866" />
                  <PolyStepSegment x="84.123949" y="28.738642" />
                  <PolyStepSegment x="84.146159" y="28.738642" />
                  <PolyStepSegment x="84.168369" y="28.741418" />
                  <PolyStepSegment x="84.223893" y="28.749747" />
                  <PolyStepSegment x="84.28497" y="28.760852" />
                  <PolyStepSegment x="84.348823" y="28.780285" />
                  <PolyStepSegment x="84.4099" y="28.805271" />
                  <PolyStepSegment x="84.437662" y="28.821929" />
                  <PolyStepSegment x="84.462648" y="28.841362" />
                  <PolyStepSegment x="84.465424" y="28.841362" />
                  <PolyStepSegment x="84.4682" y="28.846915" />
                  <PolyStepSegment x="84.482081" y="28.860796" />
                  <PolyStepSegment x="84.504291" y="28.883005" />
                  <PolyStepSegment x="84.526501" y="28.910768" />
                  <PolyStepSegment x="84.548711" y="28.946859" />
                  <PolyStepSegment x="84.570921" y="28.991278" />
                  <PolyStepSegment x="84.584802" y="29.038474" />
                  <PolyStepSegment x="84.590354" y="29.06346" />
                  <PolyStepSegment x="84.590354" y="29.088446" />
                  <PolyStepSegment x="84.590354" y="29.091222" />
                  <PolyStepSegment x="84.590354" y="29.105103" />
                  <PolyStepSegment x="84.587578" y="29.12176" />
                  <PolyStepSegment x="84.584802" y="29.141194" />
                  <PolyStepSegment x="84.576473" y="29.16618" />
                  <PolyStepSegment x="84.568144" y="29.193942" />
                  <PolyStepSegment x="84.554263" y="29.218928" />
                  <PolyStepSegment x="84.53483" y="29.243914" />
                  <PolyStepSegment x="84.532053" y="29.24669" />
                  <PolyStepSegment x="84.523725" y="29.255019" />
                  <PolyStepSegment x="84.509844" y="29.266124" />
                  <PolyStepSegment x="84.493186" y="29.282781" />
                  <PolyStepSegment x="84.465424" y="29.299438" />
                  <PolyStepSegment x="84.434886" y="29.318872" />
                  <PolyStepSegment x="84.396019" y="29.335529" />
                  <PolyStepSegment x="84.348823" y="29.354963" />
                  <PolyStepSegment x="84.34327" y="29.357739" />
                  <PolyStepSegment x="84.337718" y="29.357739" />
                  <PolyStepSegment x="84.329389" y="29.360515" />
                  <PolyStepSegment x="84.318284" y="29.363292" />
                  <PolyStepSegment x="84.301627" y="29.368844" />
                  <PolyStepSegment x="84.28497" y="29.374396" />
                  <PolyStepSegment x="84.26276" y="29.379949" />
                  <PolyStepSegment x="84.237774" y="29.388278" />
                  <PolyStepSegment x="84.207236" y="29.396606" />
                  <PolyStepSegment x="84.173921" y="29.404935" />
                  <PolyStepSegment x="84.135054" y="29.41604" />
                  <PolyStepSegment x="84.093411" y="29.427145" />
                  <PolyStepSegment x="84.046215" y="29.438249" />
                  <PolyStepSegment x="83.993467" y="29.452131" />
                  <PolyStepSegment x="83.935166" y="29.466012" />
                  <PolyStepSegment x="83.929614" y="29.466012" />
                  <PolyStepSegment x="83.915733" y="29.471564" />
                  <PolyStepSegment x="83.896299" y="29.477117" />
                  <PolyStepSegment x="83.868537" y="29.485445" />
                  <PolyStepSegment x="83.832446" y="29.493774" />
                  <PolyStepSegment x="83.793579" y="29.507655" />
                  <PolyStepSegment x="83.751936" y="29.521536" />
                  <PolyStepSegment x="83.707516" y="29.535417" />
                  <PolyStepSegment x="83.610348" y="29.574284" />
                  <PolyStepSegment x="83.513181" y="29.615928" />
                  <PolyStepSegment x="83.468761" y="29.640914" />
                  <PolyStepSegment x="83.424342" y="29.6659" />
                  <PolyStepSegment x="83.385475" y="29.690885" />
                  <PolyStepSegment x="83.35216" y="29.718648" />
                  <PolyStepSegment x="83.349384" y="29.721424" />
                  <PolyStepSegment x="83.341055" y="29.729753" />
                  <PolyStepSegment x="83.32995" y="29.740857" />
                  <PolyStepSegment x="83.316069" y="29.757515" />
                  <PolyStepSegment x="83.296636" y="29.776948" />
                  <PolyStepSegment x="83.277202" y="29.801934" />
                  <PolyStepSegment x="83.254992" y="29.829696" />
                  <PolyStepSegment x="83.235559" y="29.863011" />
                  <PolyStepSegment x="83.213349" y="29.899102" />
                  <PolyStepSegment x="83.191139" y="29.937969" />
                  <PolyStepSegment x="83.171706" y="29.982389" />
                  <PolyStepSegment x="83.152272" y="30.026808" />
                  <PolyStepSegment x="83.138391" y="30.074004" />
                  <PolyStepSegment x="83.127286" y="30.126752" />
                  <PolyStepSegment x="83.118957" y="30.1795" />
                  <PolyStepSegment x="83.116181" y="30.235025" />
                  <PolyStepSegment x="83.116181" y="30.237801" />
                  <PolyStepSegment x="83.116181" y="30.243353" />
                  <PolyStepSegment x="83.116181" y="30.254458" />
                  <PolyStepSegment x="83.118957" y="30.268339" />
                  <PolyStepSegment x="83.118957" y="30.284997" />
                  <PolyStepSegment x="83.121734" y="30.307206" />
                  <PolyStepSegment x="83.130062" y="30.354402" />
                  <PolyStepSegment x="83.143943" y="30.409926" />
                  <PolyStepSegment x="83.163377" y="30.47378" />
                  <PolyStepSegment x="83.191139" y="30.537633" />
                  <PolyStepSegment x="83.22723" y="30.601486" />
                  <PolyStepSegment x="83.22723" y="30.604262" />
                  <PolyStepSegment x="83.232782" y="30.609814" />
                  <PolyStepSegment x="83.238335" y="30.618143" />
                  <PolyStepSegment x="83.246664" y="30.629248" />
                  <PolyStepSegment x="83.274426" y="30.659786" />
                  <PolyStepSegment x="83.30774" y="30.698653" />
                  <PolyStepSegment x="83.354936" y="30.740297" />
                  <PolyStepSegment x="83.407684" y="30.78194" />
                  <PolyStepSegment x="83.474314" y="30.823583" />
                  <PolyStepSegment x="83.546495" y="30.859674" />
                  <PolyStepSegment x="83.549272" y="30.859674" />
                  <PolyStepSegment x="83.554824" y="30.86245" />
                  <PolyStepSegment x="83.568705" y="30.868003" />
                  <PolyStepSegment x="83.582586" y="30.873555" />
                  <PolyStepSegment x="83.604796" y="30.881884" />
                  <PolyStepSegment x="83.627006" y="30.887436" />
                  <PolyStepSegment x="83.654768" y="30.895765" />
                  <PolyStepSegment x="83.688083" y="30.90687" />
                  <PolyStepSegment x="83.724173" y="30.915199" />
                  <PolyStepSegment x="83.760264" y="30.923527" />
                  <PolyStepSegment x="83.801908" y="30.92908" />
                  <PolyStepSegment x="83.846327" y="30.937408" />
                  <PolyStepSegment x="83.896299" y="30.942961" />
                  <PolyStepSegment x="83.943495" y="30.948513" />
                  <PolyStepSegment x="84.051767" y="30.951289" />
                  <PolyStepSegment x="84.098963" y="30.951289" />
                  <PolyStepSegment x="84.129502" y="30.948513" />
                </Polygon>
              </Contour>
            </Features>
            <Features>
              <Contour>
                <Polygon>
                  <PolyBegin x="118.01049" y="30.948513" />
                  <PolyStepSegment x="118.052134" y="30.945737" />
                  <PolyStepSegment x="118.096553" y="30.940184" />
                  <PolyStepSegment x="118.149301" y="30.934632" />
                  <PolyStepSegment x="118.204826" y="30.923527" />
                  <PolyStepSegment x="118.26035" y="30.912422" />
                  <PolyStepSegment x="118.321427" y="30.898541" />
                  <PolyStepSegment x="118.382504" y="30.881884" />
                  <PolyStepSegment x="118.440805" y="30.86245" />
                  <PolyStepSegment x="118.499105" y="30.837464" />
                  <PolyStepSegment x="118.557406" y="30.806926" />
                  <PolyStepSegment x="118.610154" y="30.776388" />
                  <PolyStepSegment x="118.65735" y="30.73752" />
                  <PolyStepSegment x="118.660126" y="30.734744" />
                  <PolyStepSegment x="118.668455" y="30.729192" />
                  <PolyStepSegment x="118.679559" y="30.715311" />
                  <PolyStepSegment x="118.696217" y="30.698653" />
                  <PolyStepSegment x="118.71565" y="30.67922" />
                  <PolyStepSegment x="118.735084" y="30.651458" />
                  <PolyStepSegment x="118.757294" y="30.620919" />
                  <PolyStepSegment x="118.78228" y="30.587605" />
                  <PolyStepSegment x="118.804489" y="30.548737" />
                  <PolyStepSegment x="118.826699" y="30.507094" />
                  <PolyStepSegment x="118.848909" y="30.459898" />
                  <PolyStepSegment x="118.868342" y="30.409926" />
                  <PolyStepSegment x="118.887776" y="30.357178" />
                  <PolyStepSegment x="118.901657" y="30.298878" />
                  <PolyStepSegment x="118.909986" y="30.237801" />
                  <PolyStepSegment x="118.915538" y="30.173948" />
                  <PolyStepSegment x="118.399161" y="30.154514" />
                  <PolyStepSegment x="118.399161" y="30.15729" />
                  <PolyStepSegment x="118.396385" y="30.162843" />
                  <PolyStepSegment x="118.396385" y="30.173948" />
                  <PolyStepSegment x="118.393609" y="30.185053" />
                  <PolyStepSegment x="118.388056" y="30.20171" />
                  <PolyStepSegment x="118.382504" y="30.221144" />
                  <PolyStepSegment x="118.368623" y="30.262787" />
                  <PolyStepSegment x="118.349189" y="30.307206" />
                  <PolyStepSegment x="118.324203" y="30.354402" />
                  <PolyStepSegment x="118.293665" y="30.398822" />
                  <PolyStepSegment x="118.254798" y="30.434912" />
                  <PolyStepSegment x="118.249245" y="30.437689" />
                  <PolyStepSegment x="118.235364" y="30.448794" />
                  <PolyStepSegment x="118.210378" y="30.462675" />
                  <PolyStepSegment x="118.174287" y="30.479332" />
                  <PolyStepSegment x="118.127092" y="30.495989" />
                  <PolyStepSegment x="118.071567" y="30.50987" />
                  <PolyStepSegment x="118.004938" y="30.520975" />
                  <PolyStepSegment x="117.927204" y="30.523752" />
                  <PolyStepSegment x="117.891113" y="30.523752" />
                  <PolyStepSegment x="117.871679" y="30.520975" />
                  <PolyStepSegment x="117.84947" y="30.518199" />
                  <PolyStepSegment x="117.796721" y="30.512647" />
                  <PolyStepSegment x="117.741197" y="30.501542" />
                  <PolyStepSegment x="117.68012" y="30.484884" />
                  <PolyStepSegment x="117.624596" y="30.459898" />
                  <PolyStepSegment x="117.571848" y="30.42936" />
                  <PolyStepSegment x="117.569071" y="30.426584" />
                  <PolyStepSegment x="117.560743" y="30.418255" />
                  <PolyStepSegment x="117.546862" y="30.404374" />
                  <PolyStepSegment x="117.532981" y="30.387717" />
                  <PolyStepSegment x="117.516323" y="30.365507" />
                  <PolyStepSegment x="117.505218" y="30.337745" />
                  <PolyStepSegment x="117.494114" y="30.307206" />
                  <PolyStepSegment x="117.491337" y="30.271115" />
                  <PolyStepSegment x="117.491337" y="30.268339" />
                  <PolyStepSegment x="117.491337" y="30.257234" />
                  <PolyStepSegment x="117.494114" y="30.237801" />
                  <PolyStepSegment x="117.499666" y="30.218367" />
                  <PolyStepSegment x="117.510771" y="30.193381" />
                  <PolyStepSegment x="117.521876" y="30.165619" />
                  <PolyStepSegment x="117.541309" y="30.140633" />
                  <PolyStepSegment x="117.566295" y="30.115647" />
                  <PolyStepSegment x="117.571848" y="30.112871" />
                  <PolyStepSegment x="117.5774" y="30.107318" />
                  <PolyStepSegment x="117.588505" y="30.101766" />
                  <PolyStepSegment x="117.59961" y="30.093437" />
                  <PolyStepSegment x="117.616267" y="30.085109" />
                  <PolyStepSegment x="117.638477" y="30.074004" />
                  <PolyStepSegment x="117.663463" y="30.062899" />
                  <PolyStepSegment x="117.691225" y="30.051794" />
                  <PolyStepSegment x="117.72454" y="30.037913" />
                  <PolyStepSegment x="117.763407" y="30.024032" />
                  <PolyStepSegment x="117.807826" y="30.010151" />
                  <PolyStepSegment x="117.857798" y="29.993493" />
                  <PolyStepSegment x="117.913323" y="29.976836" />
                  <PolyStepSegment x="117.9744" y="29.960179" />
                  <PolyStepSegment x="118.041029" y="29.943522" />
                  <PolyStepSegment x="118.046581" y="29.943522" />
                  <PolyStepSegment x="118.057686" y="29.940745" />
                  <PolyStepSegment x="118.07712" y="29.935193" />
                  <PolyStepSegment x="118.102106" y="29.92964" />
                  <PolyStepSegment x="118.13542" y="29.921312" />
                  <PolyStepSegment x="118.168735" y="29.910207" />
                  <PolyStepSegment x="118.210378" y="29.899102" />
                  <PolyStepSegment x="118.252022" y="29.887997" />
                  <PolyStepSegment x="118.343637" y="29.860235" />
                  <PolyStepSegment x="118.435252" y="29.829696" />
                  <PolyStepSegment x="118.479672" y="29.813039" />
                  <PolyStepSegment x="118.524091" y="29.796382" />
                  <PolyStepSegment x="118.562958" y="29.776948" />
                  <PolyStepSegment x="118.599049" y="29.760291" />
                  <PolyStepSegment x="118.601825" y="29.760291" />
                  <PolyStepSegment x="118.607378" y="29.754739" />
                  <PolyStepSegment x="118.615706" y="29.749186" />
                  <PolyStepSegment x="118.629587" y="29.743634" />
                  <PolyStepSegment x="118.662902" y="29.721424" />
                  <PolyStepSegment x="118.704545" y="29.693662" />
                  <PolyStepSegment x="118.748965" y="29.654795" />
                  <PolyStepSegment x="118.796161" y="29.610375" />
                  <PolyStepSegment x="118.843356" y="29.557627" />
                  <PolyStepSegment x="118.885" y="29.499326" />
                  <PolyStepSegment x="118.885" y="29.49655" />
                  <PolyStepSegment x="118.890552" y="29.490998" />
                  <PolyStepSegment x="118.893328" y="29.482669" />
                  <PolyStepSegment x="118.901657" y="29.468788" />
                  <PolyStepSegment x="118.909986" y="29.452131" />
                  <PolyStepSegment x="118.918314" y="29.432697" />
                  <PolyStepSegment x="118.926643" y="29.410487" />
                  <PolyStepSegment x="118.937748" y="29.385501" />
                  <PolyStepSegment x="118.946077" y="29.357739" />
                  <PolyStepSegment x="118.954405" y="29.327201" />
                  <PolyStepSegment x="118.971063" y="29.257795" />
                  <PolyStepSegment x="118.982167" y="29.177285" />
                  <PolyStepSegment x="118.98772" y="29.091222" />
                  <PolyStepSegment x="118.98772" y="29.088446" />
                  <PolyStepSegment x="118.98772" y="29.082893" />
                  <PolyStepSegment x="118.98772" y="29.069012" />
                  <PolyStepSegment x="118.984944" y="29.055131" />
                  <PolyStepSegment x="118.984944" y="29.035698" />
                  <PolyStepSegment x="118.982167" y="29.010712" />
                  <PolyStepSegment x="118.976615" y="28.985726" />
                  <PolyStepSegment x="118.971063" y="28.957963" />
                  <PolyStepSegment x="118.957181" y="28.89411" />
                  <PolyStepSegment x="118.934972" y="28.824705" />
                  <PolyStepSegment x="118.904433" y="28.752523" />
                  <PolyStepSegment x="118.885" y="28.713656" />
                  <PolyStepSegment x="118.86279" y="28.677565" />
                  <PolyStepSegment x="118.86279" y="28.674789" />
                  <PolyStepSegment x="118.857238" y="28.669237" />
                  <PolyStepSegment x="118.848909" y="28.658132" />
                  <PolyStepSegment x="118.84058" y="28.647027" />
                  <PolyStepSegment x="118.826699" y="28.630369" />
                  <PolyStepSegment x="118.812818" y="28.610936" />
                  <PolyStepSegment x="118.773951" y="28.569293" />
                  <PolyStepSegment x="118.723979" y="28.524873" />
                  <PolyStepSegment x="118.665678" y="28.474901" />
                  <PolyStepSegment x="118.596273" y="28.430482" />
                  <PolyStepSegment x="118.515762" y="28.391615" />
                  <PolyStepSegment x="118.512986" y="28.391615" />
                  <PolyStepSegment x="118.504658" y="28.388838" />
                  <PolyStepSegment x="118.493553" y="28.383286" />
                  <PolyStepSegment x="118.476895" y="28.377733" />
                  <PolyStepSegment x="118.454686" y="28.369405" />
                  <PolyStepSegment x="118.426923" y="28.363852" />
                  <PolyStepSegment x="118.396385" y="28.355524" />
                  <PolyStepSegment x="118.36307" y="28.347195" />
                  <PolyStepSegment x="118.324203" y="28.33609" />
                  <PolyStepSegment x="118.28256" y="28.327761" />
                  <PolyStepSegment x="118.235364" y="28.322209" />
                  <PolyStepSegment x="118.185392" y="28.31388" />
                  <PolyStepSegment x="118.13542" y="28.308328" />
                  <PolyStepSegment x="118.07712" y="28.302776" />
                  <PolyStepSegment x="118.018819" y="28.299999" />
                  <PolyStepSegment x="117.935532" y="28.299999" />
                  <PolyStepSegment x="117.910546" y="28.302776" />
                  <PolyStepSegment x="117.877232" y="28.302776" />
                  <PolyStepSegment x="117.838365" y="28.305552" />
                  <PolyStepSegment x="117.791169" y="28.311104" />
                  <PolyStepSegment x="117.738421" y="28.319433" />
                  <PolyStepSegment x="117.682896" y="28.327761" />
                  <PolyStepSegment x="117.62182" y="28.338866" />
                  <PolyStepSegment x="117.560743" y="28.355524" />
                  <PolyStepSegment x="117.499666" y="28.372181" />
                  <PolyStepSegment x="117.438589" y="28.394391" />
                  <PolyStepSegment x="117.377512" y="28.419377" />
                  <PolyStepSegment x="117.319212" y="28.449915" />
                  <PolyStepSegment x="117.263687" y="28.48323" />
                  <PolyStepSegment x="117.210939" y="28.522097" />
                  <PolyStepSegment x="117.208163" y="28.524873" />
                  <PolyStepSegment x="117.199834" y="28.533202" />
                  <PolyStepSegment x="117.185953" y="28.547083" />
                  <PolyStepSegment x="117.169296" y="28.56374" />
                  <PolyStepSegment x="117.149862" y="28.588726" />
                  <PolyStepSegment x="117.124876" y="28.616488" />
                  <PolyStepSegment x="117.09989" y="28.649803" />
                  <PolyStepSegment x="117.074904" y="28.68867" />
                  <PolyStepSegment x="117.047142" y="28.73309" />
                  <PolyStepSegment x="117.01938" y="28.780285" />
                  <PolyStepSegment x="116.994394" y="28.83581" />
                  <PolyStepSegment x="116.969408" y="28.89411" />
                  <PolyStepSegment x="116.947198" y="28.957963" />
                  <PolyStepSegment x="116.927765" y="29.024593" />
                  <PolyStepSegment x="116.911107" y="29.099551" />
                  <PolyStepSegment x="116.900002" y="29.177285" />
                  <PolyStepSegment x="117.402498" y="29.227257" />
                  <PolyStepSegment x="117.402498" y="29.224481" />
                  <PolyStepSegment x="117.405274" y="29.216152" />
                  <PolyStepSegment x="117.408051" y="29.202271" />
                  <PolyStepSegment x="117.410827" y="29.185613" />
                  <PolyStepSegment x="117.416379" y="29.163404" />
                  <PolyStepSegment x="117.424708" y="29.141194" />
                  <PolyStepSegment x="117.441365" y="29.08567" />
                  <PolyStepSegment x="117.466351" y="29.024593" />
                  <PolyStepSegment x="117.499666" y="28.96074" />
                  <PolyStepSegment x="117.538533" y="28.902439" />
                  <PolyStepSegment x="117.560743" y="28.877453" />
                  <PolyStepSegment x="117.585729" y="28.852467" />
                  <PolyStepSegment x="117.588505" y="28.852467" />
                  <PolyStepSegment x="117.591281" y="28.846915" />
                  <PolyStepSegment x="117.59961" y="28.841362" />
                  <PolyStepSegment x="117.610715" y="28.833034" />
                  <PolyStepSegment x="117.624596" y="28.824705" />
                  <PolyStepSegment x="117.644029" y="28.816376" />
                  <PolyStepSegment x="117.663463" y="28.805271" />
                  <PolyStepSegment x="117.685673" y="28.794166" />
                  <PolyStepSegment x="117.741197" y="28.771957" />
                  <PolyStepSegment x="117.80505" y="28.755299" />
                  <PolyStepSegment x="117.880008" y="28.741418" />
                  <PolyStepSegment x="117.963295" y="28.735866" />
                  <PolyStepSegment x="117.988281" y="28.735866" />
                  <PolyStepSegment x="118.004938" y="28.738642" />
                  <PolyStepSegment x="118.027148" y="28.738642" />
                  <PolyStepSegment x="118.049358" y="28.741418" />
                  <PolyStepSegment x="118.104882" y="28.749747" />
                  <PolyStepSegment x="118.165959" y="28.760852" />
                  <PolyStepSegment x="118.229812" y="28.780285" />
                  <PolyStepSegment x="118.290889" y="28.805271" />
                  <PolyStepSegment x="118.318651" y="28.821929" />
                  <PolyStepSegment x="118.343637" y="28.841362" />
                  <PolyStepSegment x="118.346413" y="28.841362" />
                  <PolyStepSegment x="118.349189" y="28.846915" />
                  <PolyStepSegment x="118.36307" y="28.860796" />
                  <PolyStepSegment x="118.38528" y="28.883005" />
                  <PolyStepSegment x="118.40749" y="28.910768" />
                  <PolyStepSegment x="118.4297" y="28.946859" />
                  <PolyStepSegment x="118.451909" y="28.991278" />
                  <PolyStepSegment x="118.46579" y="29.038474" />
                  <PolyStepSegment x="118.471343" y="29.06346" />
                  <PolyStepSegment x="118.471343" y="29.088446" />
                  <PolyStepSegment x="118.471343" y="29.091222" />
                  <PolyStepSegment x="118.471343" y="29.105103" />
                  <PolyStepSegment x="118.468567" y="29.12176" />
                  <PolyStepSegment x="118.46579" y="29.141194" />
                  <PolyStepSegment x="118.457462" y="29.16618" />
                  <PolyStepSegment x="118.449133" y="29.193942" />
                  <PolyStepSegment x="118.435252" y="29.218928" />
                  <PolyStepSegment x="118.415819" y="29.243914" />
                  <PolyStepSegment x="118.413042" y="29.24669" />
                  <PolyStepSegment x="118.404714" y="29.255019" />
                  <PolyStepSegment x="118.390833" y="29.266124" />
                  <PolyStepSegment x="118.374175" y="29.282781" />
                  <PolyStepSegment x="118.346413" y="29.299438" />
                  <PolyStepSegment x="118.315875" y="29.318872" />
                  <PolyStepSegment x="118.277008" y="29.335529" />
                  <PolyStepSegment x="118.229812" y="29.354963" />
                  <PolyStepSegment x="118.224259" y="29.357739" />
                  <PolyStepSegment x="118.218707" y="29.357739" />
                  <PolyStepSegment x="118.210378" y="29.360515" />
                  <PolyStepSegment x="118.199273" y="29.363292" />
                  <PolyStepSegment x="118.182616" y="29.368844" />
                  <PolyStepSegment x="118.165959" y="29.374396" />
                  <PolyStepSegment x="118.143749" y="29.379949" />
                  <PolyStepSegment x="118.118763" y="29.388278" />
                  <PolyStepSegment x="118.088225" y="29.396606" />
                  <PolyStepSegment x="118.05491" y="29.404935" />
                  <PolyStepSegment x="118.016043" y="29.41604" />
                  <PolyStepSegment x="117.9744" y="29.427145" />
                  <PolyStepSegment x="117.927204" y="29.438249" />
                  <PolyStepSegment x="117.874456" y="29.452131" />
                  <PolyStepSegment x="117.816155" y="29.466012" />
                  <PolyStepSegment x="117.810603" y="29.466012" />
                  <PolyStepSegment x="117.796721" y="29.471564" />
                  <PolyStepSegment x="117.777288" y="29.477117" />
                  <PolyStepSegment x="117.749526" y="29.485445" />
                  <PolyStepSegment x="117.713435" y="29.493774" />
                  <PolyStepSegment x="117.674568" y="29.507655" />
                  <PolyStepSegment x="117.632924" y="29.521536" />
                  <PolyStepSegment x="117.588505" y="29.535417" />
                  <PolyStepSegment x="117.491337" y="29.574284" />
                  <PolyStepSegment x="117.39417" y="29.615928" />
                  <PolyStepSegment x="117.34975" y="29.640914" />
                  <PolyStepSegment x="117.305331" y="29.6659" />
                  <PolyStepSegment x="117.266463" y="29.690885" />
                  <PolyStepSegment x="117.233149" y="29.718648" />
                  <PolyStepSegment x="117.230373" y="29.721424" />
                  <PolyStepSegment x="117.222044" y="29.729753" />
                  <PolyStepSegment x="117.210939" y="29.740857" />
                  <PolyStepSegment x="117.197058" y="29.757515" />
                  <PolyStepSegment x="117.177624" y="29.776948" />
                  <PolyStepSegment x="117.158191" y="29.801934" />
                  <PolyStepSegment x="117.135981" y="29.829696" />
                  <PolyStepSegment x="117.116548" y="29.863011" />
                  <PolyStepSegment x="117.094338" y="29.899102" />
                  <PolyStepSegment x="117.072128" y="29.937969" />
                  <PolyStepSegment x="117.052695" y="29.982389" />
                  <PolyStepSegment x="117.033261" y="30.026808" />
                  <PolyStepSegment x="117.01938" y="30.074004" />
                  <PolyStepSegment x="117.008275" y="30.126752" />
                  <PolyStepSegment x="116.999946" y="30.1795" />
                  <PolyStepSegment x="116.99717" y="30.235025" />
                  <PolyStepSegment x="116.99717" y="30.237801" />
                  <PolyStepSegment x="116.99717" y="30.243353" />
                  <PolyStepSegment x="116.99717" y="30.254458" />
                  <PolyStepSegment x="116.999946" y="30.268339" />
                  <PolyStepSegment x="116.999946" y="30.284997" />
                  <PolyStepSegment x="117.002723" y="30.307206" />
                  <PolyStepSegment x="117.011051" y="30.354402" />
                  <PolyStepSegment x="117.024932" y="30.409926" />
                  <PolyStepSegment x="117.044366" y="30.47378" />
                  <PolyStepSegment x="117.072128" y="30.537633" />
                  <PolyStepSegment x="117.108219" y="30.601486" />
                  <PolyStepSegment x="117.108219" y="30.604262" />
                  <PolyStepSegment x="117.113771" y="30.609814" />
                  <PolyStepSegment x="117.119324" y="30.618143" />
                  <PolyStepSegment x="117.127652" y="30.629248" />
                  <PolyStepSegment x="117.155415" y="30.659786" />
                  <PolyStepSegment x="117.188729" y="30.698653" />
                  <PolyStepSegment x="117.235925" y="30.740297" />
                  <PolyStepSegment x="117.288673" y="30.78194" />
                  <PolyStepSegment x="117.355302" y="30.823583" />
                  <PolyStepSegment x="117.427484" y="30.859674" />
                  <PolyStepSegment x="117.43026" y="30.859674" />
                  <PolyStepSegment x="117.435813" y="30.86245" />
                  <PolyStepSegment x="117.449694" y="30.868003" />
                  <PolyStepSegment x="117.463575" y="30.873555" />
                  <PolyStepSegment x="117.485785" y="30.881884" />
                  <PolyStepSegment x="117.507995" y="30.887436" />
                  <PolyStepSegment x="117.535757" y="30.895765" />
                  <PolyStepSegment x="117.569071" y="30.90687" />
                  <PolyStepSegment x="117.605162" y="30.915199" />
                  <PolyStepSegment x="117.641253" y="30.923527" />
                  <PolyStepSegment x="117.682896" y="30.92908" />
                  <PolyStepSegment x="117.727316" y="30.937408" />
                  <PolyStepSegment x="117.777288" y="30.942961" />
                  <PolyStepSegment x="117.824484" y="30.948513" />
                  <PolyStepSegment x="117.932756" y="30.951289" />
                  <PolyStepSegment x="117.979952" y="30.951289" />
                  <PolyStepSegment x="118.01049" y="30.948513" />
                </Polygon>
              </Contour>
            </Features>
            <Features>
              <Contour>
                <Polygon>
                  <PolyBegin x="121.461332" y="28.347195" />
                  <PolyStepSegment x="120.944955" y="28.347195" />
                  <PolyStepSegment x="119.906649" y="30.029584" />
                  <PolyStepSegment x="119.906649" y="28.347195" />
                  <PolyStepSegment x="119.429139" y="28.347195" />
                  <PolyStepSegment x="119.429139" y="30.909646" />
                  <PolyStepSegment x="119.928858" y="30.909646" />
                  <PolyStepSegment x="120.983822" y="29.18839" />
                  <PolyStepSegment x="120.983822" y="30.909646" />
                  <PolyStepSegment x="121.461332" y="30.909646" />
                  <PolyStepSegment x="121.461332" y="28.347195" />
                </Polygon>
              </Contour>
            </Features>
            <Features>
              <Contour>
                <Polygon>
                  <PolyBegin x="122.9827" y="30.948513" />
                  <PolyStepSegment x="123.024344" y="30.945737" />
                  <PolyStepSegment x="123.068763" y="30.940184" />
                  <PolyStepSegment x="123.121511" y="30.934632" />
                  <PolyStepSegment x="123.177036" y="30.923527" />
                  <PolyStepSegment x="123.23256" y="30.912422" />
                  <PolyStepSegment x="123.293637" y="30.898541" />
                  <PolyStepSegment x="123.354714" y="30.881884" />
                  <PolyStepSegment x="123.413015" y="30.86245" />
                  <PolyStepSegment x="123.471315" y="30.837464" />
                  <PolyStepSegment x="123.529616" y="30.806926" />
                  <PolyStepSegment x="123.582364" y="30.776388" />
                  <PolyStepSegment x="123.62956" y="30.73752" />
                  <PolyStepSegment x="123.632336" y="30.734744" />
                  <PolyStepSegment x="123.640665" y="30.729192" />
                  <PolyStepSegment x="123.651769" y="30.715311" />
                  <PolyStepSegment x="123.668427" y="30.698653" />
                  <PolyStepSegment x="123.68786" y="30.67922" />
                  <PolyStepSegment x="123.707294" y="30.651458" />
                  <PolyStepSegment x="123.729504" y="30.620919" />
                  <PolyStepSegment x="123.75449" y="30.587605" />
                  <PolyStepSegment x="123.776699" y="30.548737" />
                  <PolyStepSegment x="123.798909" y="30.507094" />
                  <PolyStepSegment x="123.821119" y="30.459898" />
                  <PolyStepSegment x="123.840552" y="30.409926" />
                  <PolyStepSegment x="123.859986" y="30.357178" />
                  <PolyStepSegment x="123.873867" y="30.298878" />
                  <PolyStepSegment x="123.882196" y="30.237801" />
                  <PolyStepSegment x="123.887748" y="30.173948" />
                  <PolyStepSegment x="123.371371" y="30.154514" />
                  <PolyStepSegment x="123.371371" y="30.15729" />
                  <PolyStepSegment x="123.368595" y="30.162843" />
                  <PolyStepSegment x="123.368595" y="30.173948" />
                  <PolyStepSegment x="123.365819" y="30.185053" />
                  <PolyStepSegment x="123.360266" y="30.20171" />
                  <PolyStepSegment x="123.354714" y="30.221144" />
                  <PolyStepSegment x="123.340833" y="30.262787" />
                  <PolyStepSegment x="123.321399" y="30.307206" />
                  <PolyStepSegment x="123.296413" y="30.354402" />
                  <PolyStepSegment x="123.265875" y="30.398822" />
                  <PolyStepSegment x="123.227008" y="30.434912" />
                  <PolyStepSegment x="123.221455" y="30.437689" />
                  <PolyStepSegment x="123.207574" y="30.448794" />
                  <PolyStepSegment x="123.182588" y="30.462675" />
                  <PolyStepSegment x="123.146497" y="30.479332" />
                  <PolyStepSegment x="123.099302" y="30.495989" />
                  <PolyStepSegment x="123.043777" y="30.50987" />
                  <PolyStepSegment x="122.977148" y="30.520975" />
                  <PolyStepSegment x="122.899414" y="30.523752" />
                  <PolyStepSegment x="122.863323" y="30.523752" />
                  <PolyStepSegment x="122.843889" y="30.520975" />
                  <PolyStepSegment x="122.82168" y="30.518199" />
                  <PolyStepSegment x="122.768932" y="30.512647" />
                  <PolyStepSegment x="122.713407" y="30.501542" />
                  <PolyStepSegment x="122.65233" y="30.484884" />
                  <PolyStepSegment x="122.596806" y="30.459898" />
                  <PolyStepSegment x="122.544058" y="30.42936" />
                  <PolyStepSegment x="122.541281" y="30.426584" />
                  <PolyStepSegment x="122.532953" y="30.418255" />
                  <PolyStepSegment x="122.519072" y="30.404374" />
                  <PolyStepSegment x="122.505191" y="30.387717" />
                  <PolyStepSegment x="122.488533" y="30.365507" />
                  <PolyStepSegment x="122.477428" y="30.337745" />
                  <PolyStepSegment x="122.466324" y="30.307206" />
                  <PolyStepSegment x="122.463547" y="30.271115" />
                  <PolyStepSegment x="122.463547" y="30.268339" />
                  <PolyStepSegment x="122.463547" y="30.257234" />
                  <PolyStepSegment x="122.466324" y="30.237801" />
                  <PolyStepSegment x="122.471876" y="30.218367" />
                  <PolyStepSegment x="122.482981" y="30.193381" />
                  <PolyStepSegment x="122.494086" y="30.165619" />
                  <PolyStepSegment x="122.513519" y="30.140633" />
                  <PolyStepSegment x="122.538505" y="30.115647" />
                  <PolyStepSegment x="122.544058" y="30.112871" />
                  <PolyStepSegment x="122.54961" y="30.107318" />
                  <PolyStepSegment x="122.560715" y="30.101766" />
                  <PolyStepSegment x="122.57182" y="30.093437" />
                  <PolyStepSegment x="122.588477" y="30.085109" />
                  <PolyStepSegment x="122.610687" y="30.074004" />
                  <PolyStepSegment x="122.635673" y="30.062899" />
                  <PolyStepSegment x="122.663435" y="30.051794" />
                  <PolyStepSegment x="122.69675" y="30.037913" />
                  <PolyStepSegment x="122.735617" y="30.024032" />
                  <PolyStepSegment x="122.780036" y="30.010151" />
                  <PolyStepSegment x="122.830008" y="29.993493" />
                  <PolyStepSegment x="122.885533" y="29.976836" />
                  <PolyStepSegment x="122.94661" y="29.960179" />
                  <PolyStepSegment x="123.013239" y="29.943522" />
                  <PolyStepSegment x="123.018791" y="29.943522" />
                  <PolyStepSegment x="123.029896" y="29.940745" />
                  <PolyStepSegment x="123.04933" y="29.935193" />
                  <PolyStepSegment x="123.074316" y="29.92964" />
                  <PolyStepSegment x="123.10763" y="29.921312" />
                  <PolyStepSegment x="123.140945" y="29.910207" />
                  <PolyStepSegment x="123.182588" y="29.899102" />
                  <PolyStepSegment x="123.224232" y="29.887997" />
                  <PolyStepSegment x="123.315847" y="29.860235" />
                  <PolyStepSegment x="123.407462" y="29.829696" />
                  <PolyStepSegment x="123.451882" y="29.813039" />
                  <PolyStepSegment x="123.496301" y="29.796382" />
                  <PolyStepSegment x="123.535168" y="29.776948" />
                  <PolyStepSegment x="123.571259" y="29.760291" />
                  <PolyStepSegment x="123.574035" y="29.760291" />
                  <PolyStepSegment x="123.579588" y="29.754739" />
                  <PolyStepSegment x="123.587916" y="29.749186" />
                  <PolyStepSegment x="123.601797" y="29.743634" />
                  <PolyStepSegment x="123.635112" y="29.721424" />
                  <PolyStepSegment x="123.676755" y="29.693662" />
                  <PolyStepSegment x="123.721175" y="29.654795" />
                  <PolyStepSegment x="123.768371" y="29.610375" />
                  <PolyStepSegment x="123.815566" y="29.557627" />
                  <PolyStepSegment x="123.85721" y="29.499326" />
                  <PolyStepSegment x="123.85721" y="29.49655" />
                  <PolyStepSegment x="123.862762" y="29.490998" />
                  <PolyStepSegment x="123.865538" y="29.482669" />
                  <PolyStepSegment x="123.873867" y="29.468788" />
                  <PolyStepSegment x="123.882196" y="29.452131" />
                  <PolyStepSegment x="123.890524" y="29.432697" />
                  <PolyStepSegment x="123.898853" y="29.410487" />
                  <PolyStepSegment x="123.909958" y="29.385501" />
                  <PolyStepSegment x="123.918287" y="29.357739" />
                  <PolyStepSegment x="123.926615" y="29.327201" />
                  <PolyStepSegment x="123.943273" y="29.257795" />
                  <PolyStepSegment x="123.954377" y="29.177285" />
                  <PolyStepSegment x="123.95993" y="29.091222" />
                  <PolyStepSegment x="123.95993" y="29.088446" />
                  <PolyStepSegment x="123.95993" y="29.082893" />
                  <PolyStepSegment x="123.95993" y="29.069012" />
                  <PolyStepSegment x="123.957154" y="29.055131" />
                  <PolyStepSegment x="123.957154" y="29.035698" />
                  <PolyStepSegment x="123.954377" y="29.010712" />
                  <PolyStepSegment x="123.948825" y="28.985726" />
                  <PolyStepSegment x="123.943273" y="28.957963" />
                  <PolyStepSegment x="123.929391" y="28.89411" />
                  <PolyStepSegment x="123.907182" y="28.824705" />
                  <PolyStepSegment x="123.876643" y="28.752523" />
                  <PolyStepSegment x="123.85721" y="28.713656" />
                  <PolyStepSegment x="123.835" y="28.677565" />
                  <PolyStepSegment x="123.835" y="28.674789" />
                  <PolyStepSegment x="123.829448" y="28.669237" />
                  <PolyStepSegment x="123.821119" y="28.658132" />
                  <PolyStepSegment x="123.81279" y="28.647027" />
                  <PolyStepSegment x="123.798909" y="28.630369" />
                  <PolyStepSegment x="123.785028" y="28.610936" />
                  <PolyStepSegment x="123.746161" y="28.569293" />
                  <PolyStepSegment x="123.696189" y="28.524873" />
                  <PolyStepSegment x="123.637888" y="28.474901" />
                  <PolyStepSegment x="123.568483" y="28.430482" />
                  <PolyStepSegment x="123.487972" y="28.391615" />
                  <PolyStepSegment x="123.485196" y="28.391615" />
                  <PolyStepSegment x="123.476868" y="28.388838" />
                  <PolyStepSegment x="123.465763" y="28.383286" />
                  <PolyStepSegment x="123.449105" y="28.377733" />
                  <PolyStepSegment x="123.426896" y="28.369405" />
                  <PolyStepSegment x="123.399133" y="28.363852" />
                  <PolyStepSegment x="123.368595" y="28.355524" />
                  <PolyStepSegment x="123.33528" y="28.347195" />
                  <PolyStepSegment x="123.296413" y="28.33609" />
                  <PolyStepSegment x="123.25477" y="28.327761" />
                  <PolyStepSegment x="123.207574" y="28.322209" />
                  <PolyStepSegment x="123.157602" y="28.31388" />
                  <PolyStepSegment x="123.10763" y="28.308328" />
                  <PolyStepSegment x="123.04933" y="28.302776" />
                  <PolyStepSegment x="122.991029" y="28.299999" />
                  <PolyStepSegment x="122.907742" y="28.299999" />
                  <PolyStepSegment x="122.882757" y="28.302776" />
                  <PolyStepSegment x="122.849442" y="28.302776" />
                  <PolyStepSegment x="122.810575" y="28.305552" />
                  <PolyStepSegment x="122.763379" y="28.311104" />
                  <PolyStepSegment x="122.710631" y="28.319433" />
                  <PolyStepSegment x="122.655106" y="28.327761" />
                  <PolyStepSegment x="122.59403" y="28.338866" />
                  <PolyStepSegment x="122.532953" y="28.355524" />
                  <PolyStepSegment x="122.471876" y="28.372181" />
                  <PolyStepSegment x="122.410799" y="28.394391" />
                  <PolyStepSegment x="122.349722" y="28.419377" />
                  <PolyStepSegment x="122.291422" y="28.449915" />
                  <PolyStepSegment x="122.235897" y="28.48323" />
                  <PolyStepSegment x="122.183149" y="28.522097" />
                  <PolyStepSegment x="122.180373" y="28.524873" />
                  <PolyStepSegment x="122.172044" y="28.533202" />
                  <PolyStepSegment x="122.158163" y="28.547083" />
                  <PolyStepSegment x="122.141506" y="28.56374" />
                  <PolyStepSegment x="122.122072" y="28.588726" />
                  <PolyStepSegment x="122.097086" y="28.616488" />
                  <PolyStepSegment x="122.0721" y="28.649803" />
                  <PolyStepSegment x="122.047114" y="28.68867" />
                  <PolyStepSegment x="122.019352" y="28.73309" />
                  <PolyStepSegment x="121.99159" y="28.780285" />
                  <PolyStepSegment x="121.966604" y="28.83581" />
                  <PolyStepSegment x="121.941618" y="28.89411" />
                  <PolyStepSegment x="121.919408" y="28.957963" />
                  <PolyStepSegment x="121.899975" y="29.024593" />
                  <PolyStepSegment x="121.883317" y="29.099551" />
                  <PolyStepSegment x="121.872212" y="29.177285" />
                  <PolyStepSegment x="122.374708" y="29.227257" />
                  <PolyStepSegment x="122.374708" y="29.224481" />
                  <PolyStepSegment x="122.377484" y="29.216152" />
                  <PolyStepSegment x="122.380261" y="29.202271" />
                  <PolyStepSegment x="122.383037" y="29.185613" />
                  <PolyStepSegment x="122.388589" y="29.163404" />
                  <PolyStepSegment x="122.396918" y="29.141194" />
                  <PolyStepSegment x="122.413575" y="29.08567" />
                  <PolyStepSegment x="122.438561" y="29.024593" />
                  <PolyStepSegment x="122.471876" y="28.96074" />
                  <PolyStepSegment x="122.510743" y="28.902439" />
                  <PolyStepSegment x="122.532953" y="28.877453" />
                  <PolyStepSegment x="122.557939" y="28.852467" />
                  <PolyStepSegment x="122.560715" y="28.852467" />
                  <PolyStepSegment x="122.563491" y="28.846915" />
                  <PolyStepSegment x="122.57182" y="28.841362" />
                  <PolyStepSegment x="122.582925" y="28.833034" />
                  <PolyStepSegment x="122.596806" y="28.824705" />
                  <PolyStepSegment x="122.616239" y="28.816376" />
                  <PolyStepSegment x="122.635673" y="28.805271" />
                  <PolyStepSegment x="122.657883" y="28.794166" />
                  <PolyStepSegment x="122.713407" y="28.771957" />
                  <PolyStepSegment x="122.77726" y="28.755299" />
                  <PolyStepSegment x="122.852218" y="28.741418" />
                  <PolyStepSegment x="122.935505" y="28.735866" />
                  <PolyStepSegment x="122.960491" y="28.735866" />
                  <PolyStepSegment x="122.977148" y="28.738642" />
                  <PolyStepSegment x="122.999358" y="28.738642" />
                  <PolyStepSegment x="123.021568" y="28.741418" />
                  <PolyStepSegment x="123.077092" y="28.749747" />
                  <PolyStepSegment x="123.138169" y="28.760852" />
                  <PolyStepSegment x="123.202022" y="28.780285" />
                  <PolyStepSegment x="123.263099" y="28.805271" />
                  <PolyStepSegment x="123.290861" y="28.821929" />
                  <PolyStepSegment x="123.315847" y="28.841362" />
                  <PolyStepSegment x="123.318623" y="28.841362" />
                  <PolyStepSegment x="123.321399" y="28.846915" />
                  <PolyStepSegment x="123.33528" y="28.860796" />
                  <PolyStepSegment x="123.35749" y="28.883005" />
                  <PolyStepSegment x="123.3797" y="28.910768" />
                  <PolyStepSegment x="123.40191" y="28.946859" />
                  <PolyStepSegment x="123.424119" y="28.991278" />
                  <PolyStepSegment x="123.438001" y="29.038474" />
                  <PolyStepSegment x="123.443553" y="29.06346" />
                  <PolyStepSegment x="123.443553" y="29.088446" />
                  <PolyStepSegment x="123.443553" y="29.091222" />
                  <PolyStepSegment x="123.443553" y="29.105103" />
                  <PolyStepSegment x="123.440777" y="29.12176" />
                  <PolyStepSegment x="123.438001" y="29.141194" />
                  <PolyStepSegment x="123.429672" y="29.16618" />
                  <PolyStepSegment x="123.421343" y="29.193942" />
                  <PolyStepSegment x="123.407462" y="29.218928" />
                  <PolyStepSegment x="123.388029" y="29.243914" />
                  <PolyStepSegment x="123.385252" y="29.24669" />
                  <PolyStepSegment x="123.376924" y="29.255019" />
                  <PolyStepSegment x="123.363043" y="29.266124" />
                  <PolyStepSegment x="123.346385" y="29.282781" />
                  <PolyStepSegment x="123.318623" y="29.299438" />
                  <PolyStepSegment x="123.288085" y="29.318872" />
                  <PolyStepSegment x="123.249218" y="29.335529" />
                  <PolyStepSegment x="123.202022" y="29.354963" />
                  <PolyStepSegment x="123.196469" y="29.357739" />
                  <PolyStepSegment x="123.190917" y="29.357739" />
                  <PolyStepSegment x="123.182588" y="29.360515" />
                  <PolyStepSegment x="123.171483" y="29.363292" />
                  <PolyStepSegment x="123.154826" y="29.368844" />
                  <PolyStepSegment x="123.138169" y="29.374396" />
                  <PolyStepSegment x="123.115959" y="29.379949" />
                  <PolyStepSegment x="123.090973" y="29.388278" />
                  <PolyStepSegment x="123.060435" y="29.396606" />
                  <PolyStepSegment x="123.02712" y="29.404935" />
                  <PolyStepSegment x="122.988253" y="29.41604" />
                  <PolyStepSegment x="122.94661" y="29.427145" />
                  <PolyStepSegment x="122.899414" y="29.438249" />
                  <PolyStepSegment x="122.846666" y="29.452131" />
                  <PolyStepSegment x="122.788365" y="29.466012" />
                  <PolyStepSegment x="122.782813" y="29.466012" />
                  <PolyStepSegment x="122.768932" y="29.471564" />
                  <PolyStepSegment x="122.749498" y="29.477117" />
                  <PolyStepSegment x="122.721736" y="29.485445" />
                  <PolyStepSegment x="122.685645" y="29.493774" />
                  <PolyStepSegment x="122.646778" y="29.507655" />
                  <PolyStepSegment x="122.605135" y="29.521536" />
                  <PolyStepSegment x="122.560715" y="29.535417" />
                  <PolyStepSegment x="122.463547" y="29.574284" />
                  <PolyStepSegment x="122.36638" y="29.615928" />
                  <PolyStepSegment x="122.32196" y="29.640914" />
                  <PolyStepSegment x="122.277541" y="29.6659" />
                  <PolyStepSegment x="122.238673" y="29.690885" />
                  <PolyStepSegment x="122.205359" y="29.718648" />
                  <PolyStepSegment x="122.202583" y="29.721424" />
                  <PolyStepSegment x="122.194254" y="29.729753" />
                  <PolyStepSegment x="122.183149" y="29.740857" />
                  <PolyStepSegment x="122.169268" y="29.757515" />
                  <PolyStepSegment x="122.149834" y="29.776948" />
                  <PolyStepSegment x="122.130401" y="29.801934" />
                  <PolyStepSegment x="122.108191" y="29.829696" />
                  <PolyStepSegment x="122.088758" y="29.863011" />
                  <PolyStepSegment x="122.066548" y="29.899102" />
                  <PolyStepSegment x="122.044338" y="29.937969" />
                  <PolyStepSegment x="122.024905" y="29.982389" />
                  <PolyStepSegment x="122.005471" y="30.026808" />
                  <PolyStepSegment x="121.99159" y="30.074004" />
                  <PolyStepSegment x="121.980485" y="30.126752" />
                  <PolyStepSegment x="121.972156" y="30.1795" />
                  <PolyStepSegment x="121.96938" y="30.235025" />
                  <PolyStepSegment x="121.96938" y="30.237801" />
                  <PolyStepSegment x="121.96938" y="30.243353" />
                  <PolyStepSegment x="121.96938" y="30.254458" />
                  <PolyStepSegment x="121.972156" y="30.268339" />
                  <PolyStepSegment x="121.972156" y="30.284997" />
                  <PolyStepSegment x="121.974933" y="30.307206" />
                  <PolyStepSegment x="121.983261" y="30.354402" />
                  <PolyStepSegment x="121.997142" y="30.409926" />
                  <PolyStepSegment x="122.016576" y="30.47378" />
                  <PolyStepSegment x="122.044338" y="30.537633" />
                  <PolyStepSegment x="122.080429" y="30.601486" />
                  <PolyStepSegment x="122.080429" y="30.604262" />
                  <PolyStepSegment x="122.085981" y="30.609814" />
                  <PolyStepSegment x="122.091534" y="30.618143" />
                  <PolyStepSegment x="122.099862" y="30.629248" />
                  <PolyStepSegment x="122.127625" y="30.659786" />
                  <PolyStepSegment x="122.160939" y="30.698653" />
                  <PolyStepSegment x="122.208135" y="30.740297" />
                  <PolyStepSegment x="122.260883" y="30.78194" />
                  <PolyStepSegment x="122.327513" y="30.823583" />
                  <PolyStepSegment x="122.399694" y="30.859674" />
                  <PolyStepSegment x="122.40247" y="30.859674" />
                  <PolyStepSegment x="122.408023" y="30.86245" />
                  <PolyStepSegment x="122.421904" y="30.868003" />
                  <PolyStepSegment x="122.435785" y="30.873555" />
                  <PolyStepSegment x="122.457995" y="30.881884" />
                  <PolyStepSegment x="122.480205" y="30.887436" />
                  <PolyStepSegment x="122.507967" y="30.895765" />
                  <PolyStepSegment x="122.541281" y="30.90687" />
                  <PolyStepSegment x="122.577372" y="30.915199" />
                  <PolyStepSegment x="122.613463" y="30.923527" />
                  <PolyStepSegment x="122.655106" y="30.92908" />
                  <PolyStepSegment x="122.699526" y="30.937408" />
                  <PolyStepSegment x="122.749498" y="30.942961" />
                  <PolyStepSegment x="122.796694" y="30.948513" />
                  <PolyStepSegment x="122.904966" y="30.951289" />
                  <PolyStepSegment x="122.952162" y="30.951289" />
                  <PolyStepSegment x="122.9827" y="30.948513" />
                </Polygon>
              </Contour>
            </Features>
            <Features>
              <Contour>
                <Polygon>
                  <PolyBegin x="127.427429" y="28.347195" />
                  <PolyStepSegment x="126.911052" y="28.347195" />
                  <PolyStepSegment x="125.872745" y="30.029584" />
                  <PolyStepSegment x="125.872745" y="28.347195" />
                  <PolyStepSegment x="125.395236" y="28.347195" />
                  <PolyStepSegment x="125.395236" y="30.909646" />
                  <PolyStepSegment x="125.894955" y="30.909646" />
                  <PolyStepSegment x="126.949919" y="29.18839" />
                  <PolyStepSegment x="126.949919" y="30.909646" />
                  <PolyStepSegment x="127.427429" y="30.909646" />
                  <PolyStepSegment x="127.427429" y="28.347195" />
                </Polygon>
              </Contour>
            </Features>
            <Features>
              <Contour>
                <Polygon>
                  <PolyBegin x="129.873278" y="30.476556" />
                  <PolyStepSegment x="128.490721" y="30.476556" />
                  <PolyStepSegment x="128.490721" y="29.910207" />
                  <PolyStepSegment x="129.776111" y="29.910207" />
                  <PolyStepSegment x="129.776111" y="29.477117" />
                  <PolyStepSegment x="128.490721" y="29.477117" />
                  <PolyStepSegment x="128.490721" y="28.780285" />
                  <PolyStepSegment x="129.92325" y="28.780285" />
                  <PolyStepSegment x="129.92325" y="28.347195" />
                  <PolyStepSegment x="127.974344" y="28.347195" />
                  <PolyStepSegment x="127.974344" y="30.909646" />
                  <PolyStepSegment x="129.873278" y="30.909646" />
                  <PolyStepSegment x="129.873278" y="30.476556" />
                </Polygon>
              </Contour>
            </Features>
            <Features>
              <Contour>
                <Polygon>
                  <PolyBegin x="131.622297" y="30.948513" />
                  <PolyStepSegment x="131.66394" y="30.945737" />
                  <PolyStepSegment x="131.711136" y="30.940184" />
                  <PolyStepSegment x="131.761108" y="30.934632" />
                  <PolyStepSegment x="131.816632" y="30.926303" />
                  <PolyStepSegment x="131.874933" y="30.915199" />
                  <PolyStepSegment x="131.93601" y="30.901317" />
                  <PolyStepSegment x="131.997087" y="30.887436" />
                  <PolyStepSegment x="132.06094" y="30.868003" />
                  <PolyStepSegment x="132.122017" y="30.843017" />
                  <PolyStepSegment x="132.180317" y="30.818031" />
                  <PolyStepSegment x="132.235842" y="30.787492" />
                  <PolyStepSegment x="132.28859" y="30.751402" />
                  <PolyStepSegment x="132.291366" y="30.748625" />
                  <PolyStepSegment x="132.299695" y="30.743073" />
                  <PolyStepSegment x="132.313576" y="30.731968" />
                  <PolyStepSegment x="132.333009" y="30.715311" />
                  <PolyStepSegment x="132.352443" y="30.693101" />
                  <PolyStepSegment x="132.377429" y="30.670891" />
                  <PolyStepSegment x="132.405191" y="30.640353" />
                  <PolyStepSegment x="132.432953" y="30.607038" />
                  <PolyStepSegment x="132.463492" y="30.570947" />
                  <PolyStepSegment x="132.491254" y="30.529304" />
                  <PolyStepSegment x="132.521792" y="30.482108" />
                  <PolyStepSegment x="132.549555" y="30.434912" />
                  <PolyStepSegment x="132.574541" y="30.382164" />
                  <PolyStepSegment x="132.599527" y="30.323864" />
                  <PolyStepSegment x="132.61896" y="30.262787" />
                  <PolyStepSegment x="132.635617" y="30.198934" />
                  <PolyStepSegment x="132.122017" y="30.101766" />
                  <PolyStepSegment x="132.122017" y="30.104542" />
                  <PolyStepSegment x="132.11924" y="30.110095" />
                  <PolyStepSegment x="132.116464" y="30.1212" />
                  <PolyStepSegment x="132.110912" y="30.132304" />
                  <PolyStepSegment x="132.105359" y="30.148962" />
                  <PolyStepSegment x="132.097031" y="30.168395" />
                  <PolyStepSegment x="132.074821" y="30.210039" />
                  <PolyStepSegment x="132.047059" y="30.257234" />
                  <PolyStepSegment x="132.010968" y="30.307206" />
                  <PolyStepSegment x="131.969325" y="30.354402" />
                  <PolyStepSegment x="131.916576" y="30.398822" />
                  <PolyStepSegment x="131.9138" y="30.398822" />
                  <PolyStepSegment x="131.911024" y="30.404374" />
                  <PolyStepSegment x="131.902695" y="30.409926" />
                  <PolyStepSegment x="131.888814" y="30.415479" />
                  <PolyStepSegment x="131.874933" y="30.423808" />
                  <PolyStepSegment x="131.858276" y="30.434912" />
                  <PolyStepSegment x="131.836066" y="30.443241" />
                  <PolyStepSegment x="131.813856" y="30.454346" />
                  <PolyStepSegment x="131.761108" y="30.47378" />
                  <PolyStepSegment x="131.697255" y="30.493213" />
                  <PolyStepSegment x="131.625073" y="30.504318" />
                  <PolyStepSegment x="131.544563" y="30.50987" />
                  <PolyStepSegment x="131.511248" y="30.50987" />
                  <PolyStepSegment x="131.489039" y="30.507094" />
                  <PolyStepSegment x="131.461276" y="30.504318" />
                  <PolyStepSegment x="131.427962" y="30.498766" />
                  <PolyStepSegment x="131.389095" y="30.490437" />
                  <PolyStepSegment x="131.350228" y="30.482108" />
                  <PolyStepSegment x="131.308584" y="30.471003" />
                  <PolyStepSegment x="131.264165" y="30.457122" />
                  <PolyStepSegment x="131.219745" y="30.440465" />
                  <PolyStepSegment x="131.175326" y="30.418255" />
                  <PolyStepSegment x="131.130906" y="30.393269" />
                  <PolyStepSegment x="131.086487" y="30.365507" />
                  <PolyStepSegment x="131.044843" y="30.332192" />
                  <PolyStepSegment x="131.005976" y="30.293325" />
                  <PolyStepSegment x="131.0032" y="30.290549" />
                  <PolyStepSegment x="130.997648" y="30.28222" />
                  <PolyStepSegment x="130.986543" y="30.271115" />
                  <PolyStepSegment x="130.975438" y="30.251682" />
                  <PolyStepSegment x="130.95878" y="30.229472" />
                  <PolyStepSegment x="130.942123" y="30.20171" />
                  <PolyStepSegment x="130.925466" y="30.171172" />
                  <PolyStepSegment x="130.906032" y="30.132304" />
                  <PolyStepSegment x="130.886599" y="30.090661" />
                  <PolyStepSegment x="130.869941" y="30.043465" />
                  <PolyStepSegment x="130.853284" y="29.990717" />
                  <PolyStepSegment x="130.836627" y="29.932417" />
                  <PolyStepSegment x="130.825522" y="29.87134" />
                  <PolyStepSegment x="130.814417" y="29.804711" />
                  <PolyStepSegment x="130.808865" y="29.732529" />
                  <PolyStepSegment x="130.806088" y="29.654795" />
                  <PolyStepSegment x="130.806088" y="29.649242" />
                  <PolyStepSegment x="130.806088" y="29.635361" />
                  <PolyStepSegment x="130.808865" y="29.610375" />
                  <PolyStepSegment x="130.808865" y="29.579837" />
                  <PolyStepSegment x="130.811641" y="29.54097" />
                  <PolyStepSegment x="130.817193" y="29.499326" />
                  <PolyStepSegment x="130.822746" y="29.449354" />
                  <PolyStepSegment x="130.831074" y="29.396606" />
                  <PolyStepSegment x="130.842179" y="29.343858" />
                  <PolyStepSegment x="130.85606" y="29.285557" />
                  <PolyStepSegment x="130.872718" y="29.230033" />
                  <PolyStepSegment x="130.892151" y="29.171732" />
                  <PolyStepSegment x="130.914361" y="29.116208" />
                  <PolyStepSegment x="130.942123" y="29.06346" />
                  <PolyStepSegment x="130.972662" y="29.013488" />
                  <PolyStepSegment x="131.008752" y="28.969068" />
                  <PolyStepSegment x="131.011529" y="28.966292" />
                  <PolyStepSegment x="131.017081" y="28.96074" />
                  <PolyStepSegment x="131.030962" y="28.946859" />
                  <PolyStepSegment x="131.044843" y="28.932977" />
                  <PolyStepSegment x="131.067053" y="28.91632" />
                  <PolyStepSegment x="131.089263" y="28.896887" />
                  <PolyStepSegment x="131.119801" y="28.877453" />
                  <PolyStepSegment x="131.15034" y="28.855243" />
                  <PolyStepSegment x="131.186431" y="28.833034" />
                  <PolyStepSegment x="131.228074" y="28.8136" />
                  <PolyStepSegment x="131.269717" y="28.794166" />
                  <PolyStepSegment x="131.316913" y="28.777509" />
                  <PolyStepSegment x="131.369661" y="28.763628" />
                  <PolyStepSegment x="131.422409" y="28.752523" />
                  <PolyStepSegment x="131.477934" y="28.744194" />
                  <PolyStepSegment x="131.53901" y="28.741418" />
                  <PolyStepSegment x="131.566773" y="28.741418" />
                  <PolyStepSegment x="131.580654" y="28.744194" />
                  <PolyStepSegment x="131.600087" y="28.744194" />
                  <PolyStepSegment x="131.641731" y="28.749747" />
                  <PolyStepSegment x="131.691703" y="28.758076" />
                  <PolyStepSegment x="131.744451" y="28.76918" />
                  <PolyStepSegment x="131.802751" y="28.783062" />
                  <PolyStepSegment x="131.863828" y="28.805271" />
                  <PolyStepSegment x="131.866604" y="28.805271" />
                  <PolyStepSegment x="131.872157" y="28.808048" />
                  <PolyStepSegment x="131.880486" y="28.810824" />
                  <PolyStepSegment x="131.89159" y="28.816376" />
                  <PolyStepSegment x="131.922129" y="28.830257" />
                  <PolyStepSegment x="131.960996" y="28.849691" />
                  <PolyStepSegment x="132.005415" y="28.871901" />
                  <PolyStepSegment x="132.052611" y="28.896887" />
                  <PolyStepSegment x="132.099807" y="28.924649" />
                  <PolyStepSegment x="132.147003" y="28.957963" />
                  <PolyStepSegment x="132.147003" y="29.285557" />
                  <PolyStepSegment x="131.555668" y="29.285557" />
                  <PolyStepSegment x="131.555668" y="29.718648" />
                  <PolyStepSegment x="132.668932" y="29.718648" />
                  <PolyStepSegment x="132.668932" y="28.694223" />
                  <PolyStepSegment x="132.666156" y="28.691446" />
                  <PolyStepSegment x="132.660603" y="28.68867" />
                  <PolyStepSegment x="132.652275" y="28.680341" />
                  <PolyStepSegment x="132.638394" y="28.669237" />
                  <PolyStepSegment x="132.621736" y="28.655355" />
                  <PolyStepSegment x="132.602303" y="28.638698" />
                  <PolyStepSegment x="132.577317" y="28.622041" />
                  <PolyStepSegment x="132.549555" y="28.602607" />
                  <PolyStepSegment x="132.51624" y="28.580397" />
                  <PolyStepSegment x="132.482925" y="28.558188" />
                  <PolyStepSegment x="132.444058" y="28.535978" />
                  <PolyStepSegment x="132.399639" y="28.513768" />
                  <PolyStepSegment x="132.355219" y="28.488782" />
                  <PolyStepSegment x="132.305247" y="28.466572" />
                  <PolyStepSegment x="132.252499" y="28.441586" />
                  <PolyStepSegment x="132.196975" y="28.419377" />
                  <PolyStepSegment x="132.194198" y="28.419377" />
                  <PolyStepSegment x="132.183094" y="28.413824" />
                  <PolyStepSegment x="132.166436" y="28.408272" />
                  <PolyStepSegment x="132.144226" y="28.399943" />
                  <PolyStepSegment x="132.116464" y="28.391615" />
                  <PolyStepSegment x="132.08315" y="28.38051" />
                  <PolyStepSegment x="132.044283" y="28.372181" />
                  <PolyStepSegment x="132.002639" y="28.361076" />
                  <PolyStepSegment x="131.95822" y="28.349971" />
                  <PolyStepSegment x="131.908248" y="28.338866" />
                  <PolyStepSegment x="131.858276" y="28.327761" />
                  <PolyStepSegment x="131.802751" y="28.319433" />
                  <PolyStepSegment x="131.688926" y="28.305552" />
                  <PolyStepSegment x="131.630626" y="28.302776" />
                  <PolyStepSegment x="131.572325" y="28.299999" />
                  <PolyStepSegment x="131.533458" y="28.299999" />
                  <PolyStepSegment x="131.505696" y="28.302776" />
                  <PolyStepSegment x="131.469605" y="28.305552" />
                  <PolyStepSegment x="131.427962" y="28.308328" />
                  <PolyStepSegment x="131.383542" y="28.31388" />
                  <PolyStepSegment x="131.33357" y="28.322209" />
                  <PolyStepSegment x="131.280822" y="28.330538" />
                  <PolyStepSegment x="131.225298" y="28.341643" />
                  <PolyStepSegment x="131.166997" y="28.355524" />
                  <PolyStepSegment x="131.10592" y="28.369405" />
                  <PolyStepSegment x="131.044843" y="28.388838" />
                  <PolyStepSegment x="130.986543" y="28.411048" />
                  <PolyStepSegment x="130.928242" y="28.436034" />
                  <PolyStepSegment x="130.869941" y="28.466572" />
                  <PolyStepSegment x="130.867165" y="28.469349" />
                  <PolyStepSegment x="130.85606" y="28.474901" />
                  <PolyStepSegment x="130.842179" y="28.48323" />
                  <PolyStepSegment x="130.819969" y="28.497111" />
                  <PolyStepSegment x="130.79776" y="28.516544" />
                  <PolyStepSegment x="130.767221" y="28.535978" />
                  <PolyStepSegment x="130.736683" y="28.560964" />
                  <PolyStepSegment x="130.703368" y="28.591502" />
                  <PolyStepSegment x="130.667277" y="28.622041" />
                  <PolyStepSegment x="130.631187" y="28.658132" />
                  <PolyStepSegment x="130.592319" y="28.699775" />
                  <PolyStepSegment x="130.556229" y="28.741418" />
                  <PolyStepSegment x="130.520138" y="28.788614" />
                  <PolyStepSegment x="130.484047" y="28.838586" />
                  <PolyStepSegment x="130.453508" y="28.891334" />
                  <PolyStepSegment x="130.42297" y="28.949635" />
                  <PolyStepSegment x="130.420194" y="28.952411" />
                  <PolyStepSegment x="130.417418" y="28.963516" />
                  <PolyStepSegment x="130.409089" y="28.980173" />
                  <PolyStepSegment x="130.40076" y="29.005159" />
                  <PolyStepSegment x="130.389655" y="29.032921" />
                  <PolyStepSegment x="130.375774" y="29.069012" />
                  <PolyStepSegment x="130.361893" y="29.107879" />
                  <PolyStepSegment x="130.348012" y="29.152299" />
                  <PolyStepSegment x="130.334131" y="29.202271" />
                  <PolyStepSegment x="130.32025" y="29.255019" />
                  <PolyStepSegment x="130.309145" y="29.310543" />
                  <PolyStepSegment x="130.295264" y="29.368844" />
                  <PolyStepSegment x="130.286935" y="29.432697" />
                  <PolyStepSegment x="130.278607" y="29.49655" />
                  <PolyStepSegment x="130.27583" y="29.563179" />
                  <PolyStepSegment x="130.273054" y="29.632585" />
                  <PolyStepSegment x="130.273054" y="29.638137" />
                  <PolyStepSegment x="130.273054" y="29.649242" />
                  <PolyStepSegment x="130.273054" y="29.671452" />
                  <PolyStepSegment x="130.27583" y="29.699214" />
                  <PolyStepSegment x="130.278607" y="29.735305" />
                  <PolyStepSegment x="130.281383" y="29.776948" />
                  <PolyStepSegment x="130.286935" y="29.821368" />
                  <PolyStepSegment x="130.295264" y="29.87134" />
                  <PolyStepSegment x="130.303593" y="29.924088" />
                  <PolyStepSegment x="130.314697" y="29.982389" />
                  <PolyStepSegment x="130.328579" y="30.040689" />
                  <PolyStepSegment x="130.34246" y="30.101766" />
                  <PolyStepSegment x="130.361893" y="30.162843" />
                  <PolyStepSegment x="130.384103" y="30.22392" />
                  <PolyStepSegment x="130.409089" y="30.284997" />
                  <PolyStepSegment x="130.439627" y="30.343297" />
                  <PolyStepSegment x="130.442404" y="30.346073" />
                  <PolyStepSegment x="130.447956" y="30.357178" />
                  <PolyStepSegment x="130.456285" y="30.373836" />
                  <PolyStepSegment x="130.470166" y="30.396045" />
                  <PolyStepSegment x="130.489599" y="30.421031" />
                  <PolyStepSegment x="130.509033" y="30.45157" />
                  <PolyStepSegment x="130.534019" y="30.484884" />
                  <PolyStepSegment x="130.564557" y="30.520975" />
                  <PolyStepSegment x="130.595096" y="30.559842" />
                  <PolyStepSegment x="130.633963" y="30.598709" />
                  <PolyStepSegment x="130.67283" y="30.637577" />
                  <PolyStepSegment x="130.717249" y="30.67922" />
                  <PolyStepSegment x="130.764445" y="30.718087" />
                  <PolyStepSegment x="130.817193" y="30.754178" />
                  <PolyStepSegment x="130.872718" y="30.790269" />
                  <PolyStepSegment x="130.931018" y="30.823583" />
                  <PolyStepSegment x="130.933795" y="30.826359" />
                  <PolyStepSegment x="130.942123" y="30.829136" />
                  <PolyStepSegment x="130.956004" y="30.834688" />
                  <PolyStepSegment x="130.975438" y="30.843017" />
                  <PolyStepSegment x="131.000424" y="30.854122" />
                  <PolyStepSegment x="131.028186" y="30.865227" />
                  <PolyStepSegment x="131.061501" y="30.876331" />
                  <PolyStepSegment x="131.100368" y="30.887436" />
                  <PolyStepSegment x="131.142011" y="30.898541" />
                  <PolyStepSegment x="131.189207" y="30.909646" />
                  <PolyStepSegment x="131.239179" y="30.920751" />
                  <PolyStepSegment x="131.294703" y="30.931856" />
                  <PolyStepSegment x="131.353004" y="30.940184" />
                  <PolyStepSegment x="131.414081" y="30.945737" />
                  <PolyStepSegment x="131.477934" y="30.951289" />
                  <PolyStepSegment x="131.591759" y="30.951289" />
                  <PolyStepSegment x="131.622297" y="30.948513" />
                </Polygon>
              </Contour>
            </Features>
            <Features>
              <Contour>
                <Polygon>
                  <PolyBegin x="76.549438" y="65.156451" />
                  <PolyStepSegment x="76.582753" y="65.153675" />
                  <PolyStepSegment x="76.62162" y="65.150898" />
                  <PolyStepSegment x="76.668815" y="65.145346" />
                  <PolyStepSegment x="76.721564" y="65.137017" />
                  <PolyStepSegment x="76.777088" y="65.123136" />
                  <PolyStepSegment x="76.835389" y="65.109255" />
                  <PolyStepSegment x="76.896465" y="65.089822" />
                  <PolyStepSegment x="76.960319" y="65.067612" />
                  <PolyStepSegment x="77.024172" y="65.03985" />
                  <PolyStepSegment x="77.088025" y="65.009311" />
                  <PolyStepSegment x="77.151878" y="64.970444" />
                  <PolyStepSegment x="77.210178" y="64.928801" />
                  <PolyStepSegment x="77.268479" y="64.878829" />
                  <PolyStepSegment x="77.271255" y="64.876053" />
                  <PolyStepSegment x="77.276808" y="64.8705" />
                  <PolyStepSegment x="77.285136" y="64.862172" />
                  <PolyStepSegment x="77.296241" y="64.84829" />
                  <PolyStepSegment x="77.312898" y="64.831633" />
                  <PolyStepSegment x="77.329556" y="64.8122" />
                  <PolyStepSegment x="77.346213" y="64.787214" />
                  <PolyStepSegment x="77.368423" y="64.759451" />
                  <PolyStepSegment x="77.387856" y="64.726137" />
                  <PolyStepSegment x="77.410066" y="64.692822" />
                  <PolyStepSegment x="77.432276" y="64.653955" />
                  <PolyStepSegment x="77.454486" y="64.612312" />
                  <PolyStepSegment x="77.473919" y="64.565116" />
                  <PolyStepSegment x="77.496129" y="64.51792" />
                  <PolyStepSegment x="77.515563" y="64.465172" />
                  <PolyStepSegment x="77.53222" y="64.409648" />
                  <PolyStepSegment x="77.021395" y="64.287494" />
                  <PolyStepSegment x="77.021395" y="64.29027" />
                  <PolyStepSegment x="77.018619" y="64.295823" />
                  <PolyStepSegment x="77.015843" y="64.306928" />
                  <PolyStepSegment x="77.013067" y="64.320809" />
                  <PolyStepSegment x="77.007514" y="64.337466" />
                  <PolyStepSegment x="76.999186" y="64.356899" />
                  <PolyStepSegment x="76.979752" y="64.401319" />
                  <PolyStepSegment x="76.954766" y="64.451291" />
                  <PolyStepSegment x="76.921451" y="64.504039" />
                  <PolyStepSegment x="76.879808" y="64.554011" />
                  <PolyStepSegment x="76.829836" y="64.601207" />
                  <PolyStepSegment x="76.82706" y="64.603983" />
                  <PolyStepSegment x="76.824284" y="64.606759" />
                  <PolyStepSegment x="76.815955" y="64.612312" />
                  <PolyStepSegment x="76.80485" y="64.62064" />
                  <PolyStepSegment x="76.790969" y="64.628969" />
                  <PolyStepSegment x="76.774312" y="64.637298" />
                  <PolyStepSegment x="76.732668" y="64.659507" />
                  <PolyStepSegment x="76.67992" y="64.681717" />
                  <PolyStepSegment x="76.62162" y="64.698375" />
                  <PolyStepSegment x="76.55499" y="64.712256" />
                  <PolyStepSegment x="76.480032" y="64.717808" />
                  <PolyStepSegment x="76.45227" y="64.717808" />
                  <PolyStepSegment x="76.432837" y="64.715032" />
                  <PolyStepSegment x="76.407851" y="64.712256" />
                  <PolyStepSegment x="76.380089" y="64.706703" />
                  <PolyStepSegment x="76.34955" y="64.701151" />
                  <PolyStepSegment x="76.316235" y="64.692822" />
                  <PolyStepSegment x="76.280145" y="64.681717" />
                  <PolyStepSegment x="76.241278" y="64.667836" />
                  <PolyStepSegment x="76.20241" y="64.651179" />
                  <PolyStepSegment x="76.163543" y="64.631745" />
                  <PolyStepSegment x="76.124676" y="64.606759" />
                  <PolyStepSegment x="76.088585" y="64.578997" />
                  <PolyStepSegment x="76.049718" y="64.548459" />
                  <PolyStepSegment x="76.016404" y="64.512368" />
                  <PolyStepSegment x="76.013627" y="64.509592" />
                  <PolyStepSegment x="76.008075" y="64.504039" />
                  <PolyStepSegment x="75.999746" y="64.490158" />
                  <PolyStepSegment x="75.988642" y="64.473501" />
                  <PolyStepSegment x="75.97476" y="64.451291" />
                  <PolyStepSegment x="75.960879" y="64.423529" />
                  <PolyStepSegment x="75.944222" y="64.390214" />
                  <PolyStepSegment x="75.930341" y="64.351347" />
                  <PolyStepSegment x="75.913684" y="64.309704" />
                  <PolyStepSegment x="75.897026" y="64.259732" />
                  <PolyStepSegment x="75.883145" y="64.206984" />
                  <PolyStepSegment x="75.869264" y="64.145907" />
                  <PolyStepSegment x="75.858159" y="64.079277" />
                  <PolyStepSegment x="75.849831" y="64.009872" />
                  <PolyStepSegment x="75.844278" y="63.932138" />
                  <PolyStepSegment x="75.841502" y="63.848851" />
                  <PolyStepSegment x="75.841502" y="63.843299" />
                  <PolyStepSegment x="75.841502" y="63.826641" />
                  <PolyStepSegment x="75.841502" y="63.801655" />
                  <PolyStepSegment x="75.844278" y="63.771117" />
                  <PolyStepSegment x="75.847054" y="63.729474" />
                  <PolyStepSegment x="75.849831" y="63.685054" />
                  <PolyStepSegment x="75.855383" y="63.635082" />
                  <PolyStepSegment x="75.863712" y="63.579558" />
                  <PolyStepSegment x="75.883145" y="63.465733" />
                  <PolyStepSegment x="75.897026" y="63.410208" />
                  <PolyStepSegment x="75.913684" y="63.351908" />
                  <PolyStepSegment x="75.933117" y="63.296383" />
                  <PolyStepSegment x="75.958103" y="63.246411" />
                  <PolyStepSegment x="75.983089" y="63.199216" />
                  <PolyStepSegment x="76.013627" y="63.157572" />
                  <PolyStepSegment x="76.016404" y="63.154796" />
                  <PolyStepSegment x="76.021956" y="63.149244" />
                  <PolyStepSegment x="76.033061" y="63.138139" />
                  <PolyStepSegment x="76.044166" y="63.124258" />
                  <PolyStepSegment x="76.063599" y="63.110377" />
                  <PolyStepSegment x="76.083033" y="63.093719" />
                  <PolyStepSegment x="76.108019" y="63.074286" />
                  <PolyStepSegment x="76.135781" y="63.054852" />
                  <PolyStepSegment x="76.16632" y="63.035419" />
                  <PolyStepSegment x="76.20241" y="63.015985" />
                  <PolyStepSegment x="76.238501" y="62.999328" />
                  <PolyStepSegment x="76.280145" y="62.985447" />
                  <PolyStepSegment x="76.321788" y="62.971566" />
                  <PolyStepSegment x="76.368984" y="62.960461" />
                  <PolyStepSegment x="76.418956" y="62.954908" />
                  <PolyStepSegment x="76.468928" y="62.952132" />
                  <PolyStepSegment x="76.488361" y="62.952132" />
                  <PolyStepSegment x="76.502242" y="62.954908" />
                  <PolyStepSegment x="76.521676" y="62.954908" />
                  <PolyStepSegment x="76.541109" y="62.960461" />
                  <PolyStepSegment x="76.591081" y="62.968789" />
                  <PolyStepSegment x="76.646606" y="62.985447" />
                  <PolyStepSegment x="76.704906" y="63.007657" />
                  <PolyStepSegment x="76.763207" y="63.040971" />
                  <PolyStepSegment x="76.793745" y="63.060405" />
                  <PolyStepSegment x="76.821508" y="63.082614" />
                  <PolyStepSegment x="76.824284" y="63.085391" />
                  <PolyStepSegment x="76.82706" y="63.088167" />
                  <PolyStepSegment x="76.835389" y="63.096496" />
                  <PolyStepSegment x="76.846494" y="63.1076" />
                  <PolyStepSegment x="76.857598" y="63.121482" />
                  <PolyStepSegment x="76.871479" y="63.138139" />
                  <PolyStepSegment x="76.888137" y="63.160349" />
                  <PolyStepSegment x="76.904794" y="63.182558" />
                  <PolyStepSegment x="76.921451" y="63.210321" />
                  <PolyStepSegment x="76.940885" y="63.240859" />
                  <PolyStepSegment x="76.957542" y="63.274174" />
                  <PolyStepSegment x="76.976976" y="63.313041" />
                  <PolyStepSegment x="76.993633" y="63.351908" />
                  <PolyStepSegment x="77.01029" y="63.396327" />
                  <PolyStepSegment x="77.024172" y="63.446299" />
                  <PolyStepSegment x="77.038053" y="63.496271" />
                  <PolyStepSegment x="77.540548" y="63.340803" />
                  <PolyStepSegment x="77.540548" y="63.335251" />
                  <PolyStepSegment x="77.534996" y="63.321369" />
                  <PolyStepSegment x="77.529444" y="63.301936" />
                  <PolyStepSegment x="77.518339" y="63.271397" />
                  <PolyStepSegment x="77.504458" y="63.238083" />
                  <PolyStepSegment x="77.490577" y="63.19644" />
                  <PolyStepSegment x="77.471143" y="63.15202" />
                  <PolyStepSegment x="77.448933" y="63.104824" />
                  <PolyStepSegment x="77.423947" y="63.054852" />
                  <PolyStepSegment x="77.396185" y="63.002104" />
                  <PolyStepSegment x="77.36287" y="62.949356" />
                  <PolyStepSegment x="77.329556" y="62.899384" />
                  <PolyStepSegment x="77.290689" y="62.846636" />
                  <PolyStepSegment x="77.249045" y="62.79944" />
                  <PolyStepSegment x="77.204626" y="62.755021" />
                  <PolyStepSegment x="77.154654" y="62.713377" />
                  <PolyStepSegment x="77.151878" y="62.710601" />
                  <PolyStepSegment x="77.143549" y="62.705049" />
                  <PolyStepSegment x="77.126892" y="62.693944" />
                  <PolyStepSegment x="77.107458" y="62.682839" />
                  <PolyStepSegment x="77.079696" y="62.666182" />
                  <PolyStepSegment x="77.049158" y="62.649524" />
                  <PolyStepSegment x="77.013067" y="62.630091" />
                  <PolyStepSegment x="76.968647" y="62.613433" />
                  <PolyStepSegment x="76.924228" y="62.594" />
                  <PolyStepSegment x="76.871479" y="62.574566" />
                  <PolyStepSegment x="76.815955" y="62.557909" />
                  <PolyStepSegment x="76.754878" y="62.541252" />
                  <PolyStepSegment x="76.691025" y="62.530147" />
                  <PolyStepSegment x="76.62162" y="62.519042" />
                  <PolyStepSegment x="76.549438" y="62.513489" />
                  <PolyStepSegment x="76.47448" y="62.510713" />
                  <PolyStepSegment x="76.45227" y="62.510713" />
                  <PolyStepSegment x="76.424508" y="62.513489" />
                  <PolyStepSegment x="76.388417" y="62.516266" />
                  <PolyStepSegment x="76.346774" y="62.521818" />
                  <PolyStepSegment x="76.296802" y="62.530147" />
                  <PolyStepSegment x="76.238501" y="62.538475" />
                  <PolyStepSegment x="76.177424" y="62.555133" />
                  <PolyStepSegment x="76.113571" y="62.57179" />
                  <PolyStepSegment x="76.044166" y="62.596776" />
                  <PolyStepSegment x="75.97476" y="62.624538" />
                  <PolyStepSegment x="75.905355" y="62.657853" />
                  <PolyStepSegment x="75.835949" y="62.69672" />
                  <PolyStepSegment x="75.766544" y="62.743916" />
                  <PolyStepSegment x="75.699915" y="62.796664" />
                  <PolyStepSegment x="75.636062" y="62.857741" />
                  <PolyStepSegment x="75.633285" y="62.860517" />
                  <PolyStepSegment x="75.62218" y="62.874398" />
                  <PolyStepSegment x="75.605523" y="62.893832" />
                  <PolyStepSegment x="75.58609" y="62.921594" />
                  <PolyStepSegment x="75.561104" y="62.957685" />
                  <PolyStepSegment x="75.533341" y="62.999328" />
                  <PolyStepSegment x="75.502803" y="63.0493" />
                  <PolyStepSegment x="75.472265" y="63.1076" />
                  <PolyStepSegment x="75.441726" y="63.171454" />
                  <PolyStepSegment x="75.411188" y="63.243635" />
                  <PolyStepSegment x="75.383426" y="63.321369" />
                  <PolyStepSegment x="75.35844" y="63.407432" />
                  <PolyStepSegment x="75.339006" y="63.499047" />
                  <PolyStepSegment x="75.322349" y="63.596215" />
                  <PolyStepSegment x="75.311244" y="63.698935" />
                  <PolyStepSegment x="75.308468" y="63.809984" />
                  <PolyStepSegment x="75.308468" y="63.81276" />
                  <PolyStepSegment x="75.308468" y="63.818313" />
                  <PolyStepSegment x="75.308468" y="63.826641" />
                  <PolyStepSegment x="75.308468" y="63.837746" />
                  <PolyStepSegment x="75.308468" y="63.854404" />
                  <PolyStepSegment x="75.311244" y="63.871061" />
                  <PolyStepSegment x="75.31402" y="63.91548" />
                  <PolyStepSegment x="75.319572" y="63.968229" />
                  <PolyStepSegment x="75.325125" y="64.032082" />
                  <PolyStepSegment x="75.33623" y="64.101487" />
                  <PolyStepSegment x="75.350111" y="64.173669" />
                  <PolyStepSegment x="75.366768" y="64.254179" />
                  <PolyStepSegment x="75.388978" y="64.33469" />
                  <PolyStepSegment x="75.413964" y="64.417976" />
                  <PolyStepSegment x="75.447279" y="64.501263" />
                  <PolyStepSegment x="75.483369" y="64.581773" />
                  <PolyStepSegment x="75.527789" y="64.659507" />
                  <PolyStepSegment x="75.577761" y="64.734465" />
                  <PolyStepSegment x="75.636062" y="64.803871" />
                  <PolyStepSegment x="75.638838" y="64.806647" />
                  <PolyStepSegment x="75.652719" y="64.820528" />
                  <PolyStepSegment x="75.669376" y="64.837186" />
                  <PolyStepSegment x="75.697138" y="64.859395" />
                  <PolyStepSegment x="75.730453" y="64.887158" />
                  <PolyStepSegment x="75.76932" y="64.917696" />
                  <PolyStepSegment x="75.816516" y="64.948234" />
                  <PolyStepSegment x="75.869264" y="64.981549" />
                  <PolyStepSegment x="75.927565" y="65.014864" />
                  <PolyStepSegment x="75.994194" y="65.048178" />
                  <PolyStepSegment x="76.063599" y="65.07594" />
                  <PolyStepSegment x="76.141334" y="65.103703" />
                  <PolyStepSegment x="76.22462" y="65.125912" />
                  <PolyStepSegment x="76.313459" y="65.145346" />
                  <PolyStepSegment x="76.407851" y="65.156451" />
                  <PolyStepSegment x="76.505018" y="65.159227" />
                  <PolyStepSegment x="76.527228" y="65.159227" />
                  <PolyStepSegment x="76.549438" y="65.156451" />
                </Polygon>
              </Contour>
            </Features>
            <Features>
              <Contour>
                <Polygon>
                  <PolyBegin x="80.297335" y="62.555133" />
                  <PolyStepSegment x="79.733762" y="62.555133" />
                  <PolyStepSegment x="79.508888" y="63.138139" />
                  <PolyStepSegment x="78.484463" y="63.138139" />
                  <PolyStepSegment x="78.270694" y="62.555133" />
                  <PolyStepSegment x="77.723779" y="62.555133" />
                  <PolyStepSegment x="78.720442" y="65.117584" />
                  <PolyStepSegment x="79.270134" y="65.117584" />
                  <PolyStepSegment x="80.297335" y="62.555133" />
                </Polygon>
                <Cutout>
                  <PolyBegin x="78.989735" y="64.520696" />
                  <PolyStepSegment x="78.642708" y="63.571229" />
                  <PolyStepSegment x="79.345092" y="63.571229" />
                  <PolyStepSegment x="78.989735" y="64.520696" />
                </Cutout>
              </Contour>
            </Features>
            <Features>
              <Contour>
                <Polygon>
                  <PolyBegin x="81.099663" y="62.988223" />
                  <PolyStepSegment x="82.385052" y="62.988223" />
                  <PolyStepSegment x="82.385052" y="62.555133" />
                  <PolyStepSegment x="80.583286" y="62.555133" />
                  <PolyStepSegment x="80.583286" y="65.095374" />
                  <PolyStepSegment x="81.099663" y="65.095374" />
                  <PolyStepSegment x="81.099663" y="62.988223" />
                </Polygon>
              </Contour>
            </Features>
            <Features>
              <Contour>
                <Polygon>
                  <PolyBegin x="84.278434" y="62.988223" />
                  <PolyStepSegment x="85.563824" y="62.988223" />
                  <PolyStepSegment x="85.563824" y="62.555133" />
                  <PolyStepSegment x="83.762058" y="62.555133" />
                  <PolyStepSegment x="83.762058" y="65.095374" />
                  <PolyStepSegment x="84.278434" y="65.095374" />
                  <PolyStepSegment x="84.278434" y="62.988223" />
                </Polygon>
              </Contour>
            </Features>
            <Features>
              <Contour>
                <Polygon>
                  <PolyBegin x="87.121284" y="65.156451" />
                  <PolyStepSegment x="87.160151" y="65.153675" />
                  <PolyStepSegment x="87.207347" y="65.148122" />
                  <PolyStepSegment x="87.262871" y="65.139794" />
                  <PolyStepSegment x="87.323948" y="65.128689" />
                  <PolyStepSegment x="87.390577" y="65.114808" />
                  <PolyStepSegment x="87.462759" y="65.095374" />
                  <PolyStepSegment x="87.53494" y="65.073164" />
                  <PolyStepSegment x="87.609898" y="65.045402" />
                  <PolyStepSegment x="87.687633" y="65.009311" />
                  <PolyStepSegment x="87.762591" y="64.970444" />
                  <PolyStepSegment x="87.834772" y="64.923248" />
                  <PolyStepSegment x="87.904178" y="64.867724" />
                  <PolyStepSegment x="87.970807" y="64.806647" />
                  <PolyStepSegment x="87.973583" y="64.803871" />
                  <PolyStepSegment x="87.984688" y="64.78999" />
                  <PolyStepSegment x="88.001345" y="64.770556" />
                  <PolyStepSegment x="88.023555" y="64.742794" />
                  <PolyStepSegment x="88.051317" y="64.706703" />
                  <PolyStepSegment x="88.07908" y="64.662284" />
                  <PolyStepSegment x="88.109618" y="64.612312" />
                  <PolyStepSegment x="88.142933" y="64.551235" />
                  <PolyStepSegment x="88.173471" y="64.487382" />
                  <PolyStepSegment x="88.20401" y="64.412424" />
                  <PolyStepSegment x="88.234548" y="64.331914" />
                  <PolyStepSegment x="88.259534" y="64.245851" />
                  <PolyStepSegment x="88.281744" y="64.151459" />
                  <PolyStepSegment x="88.298401" y="64.051515" />
                  <PolyStepSegment x="88.309506" y="63.943243" />
                  <PolyStepSegment x="88.312282" y="63.829418" />
                  <PolyStepSegment x="88.312282" y="63.826641" />
                  <PolyStepSegment x="88.312282" y="63.821089" />
                  <PolyStepSegment x="88.312282" y="63.81276" />
                  <PolyStepSegment x="88.312282" y="63.801655" />
                  <PolyStepSegment x="88.312282" y="63.787774" />
                  <PolyStepSegment x="88.309506" y="63.771117" />
                  <PolyStepSegment x="88.30673" y="63.726698" />
                  <PolyStepSegment x="88.301177" y="63.673949" />
                  <PolyStepSegment x="88.295625" y="63.615649" />
                  <PolyStepSegment x="88.28452" y="63.546243" />
                  <PolyStepSegment x="88.270639" y="63.474062" />
                  <PolyStepSegment x="88.251205" y="63.399104" />
                  <PolyStepSegment x="88.228996" y="63.318593" />
                  <PolyStepSegment x="88.201233" y="63.238083" />
                  <PolyStepSegment x="88.170695" y="63.157572" />
                  <PolyStepSegment x="88.131828" y="63.077062" />
                  <PolyStepSegment x="88.084632" y="62.999328" />
                  <PolyStepSegment x="88.03466" y="62.927146" />
                  <PolyStepSegment x="87.973583" y="62.857741" />
                  <PolyStepSegment x="87.970807" y="62.854964" />
                  <PolyStepSegment x="87.956926" y="62.84386" />
                  <PolyStepSegment x="87.940269" y="62.824426" />
                  <PolyStepSegment x="87.912506" y="62.802216" />
                  <PolyStepSegment x="87.879192" y="62.77723" />
                  <PolyStepSegment x="87.837548" y="62.746692" />
                  <PolyStepSegment x="87.790353" y="62.716153" />
                  <PolyStepSegment x="87.734828" y="62.682839" />
                  <PolyStepSegment x="87.673752" y="62.649524" />
                  <PolyStepSegment x="87.607122" y="62.618986" />
                  <PolyStepSegment x="87.532164" y="62.588447" />
                  <PolyStepSegment x="87.451654" y="62.563461" />
                  <PolyStepSegment x="87.365591" y="62.541252" />
                  <PolyStepSegment x="87.273976" y="62.521818" />
                  <PolyStepSegment x="87.174032" y="62.510713" />
                  <PolyStepSegment x="87.071312" y="62.507937" />
                  <PolyStepSegment x="87.046326" y="62.507937" />
                  <PolyStepSegment x="87.015787" y="62.510713" />
                  <PolyStepSegment x="86.97692" y="62.513489" />
                  <PolyStepSegment x="86.929725" y="62.519042" />
                  <PolyStepSegment x="86.871424" y="62.52737" />
                  <PolyStepSegment x="86.810347" y="62.535699" />
                  <PolyStepSegment x="86.743718" y="62.552356" />
                  <PolyStepSegment x="86.671536" y="62.569014" />
                  <PolyStepSegment x="86.599354" y="62.594" />
                  <PolyStepSegment x="86.52162" y="62.621762" />
                  <PolyStepSegment x="86.446662" y="62.655077" />
                  <PolyStepSegment x="86.371704" y="62.693944" />
                  <PolyStepSegment x="86.299523" y="62.741139" />
                  <PolyStepSegment x="86.230117" y="62.793888" />
                  <PolyStepSegment x="86.163488" y="62.854964" />
                  <PolyStepSegment x="86.160712" y="62.860517" />
                  <PolyStepSegment x="86.149607" y="62.871622" />
                  <PolyStepSegment x="86.132949" y="62.891055" />
                  <PolyStepSegment x="86.11074" y="62.918818" />
                  <PolyStepSegment x="86.085754" y="62.954908" />
                  <PolyStepSegment x="86.057991" y="62.999328" />
                  <PolyStepSegment x="86.027453" y="63.0493" />
                  <PolyStepSegment x="85.996915" y="63.1076" />
                  <PolyStepSegment x="85.9636" y="63.171454" />
                  <PolyStepSegment x="85.933062" y="63.243635" />
                  <PolyStepSegment x="85.905299" y="63.321369" />
                  <PolyStepSegment x="85.880313" y="63.407432" />
                  <PolyStepSegment x="85.858104" y="63.499047" />
                  <PolyStepSegment x="85.841446" y="63.598991" />
                  <PolyStepSegment x="85.830341" y="63.704488" />
                  <PolyStepSegment x="85.827565" y="63.815537" />
                  <PolyStepSegment x="85.827565" y="63.821089" />
                  <PolyStepSegment x="85.827565" y="63.832194" />
                  <PolyStepSegment x="85.827565" y="63.854404" />
                  <PolyStepSegment x="85.830341" y="63.882166" />
                  <PolyStepSegment x="85.830341" y="63.91548" />
                  <PolyStepSegment x="85.833118" y="63.954348" />
                  <PolyStepSegment x="85.83867" y="63.995991" />
                  <PolyStepSegment x="85.841446" y="64.045963" />
                  <PolyStepSegment x="85.849775" y="64.095935" />
                  <PolyStepSegment x="85.855327" y="64.148683" />
                  <PolyStepSegment x="85.877537" y="64.259732" />
                  <PolyStepSegment x="85.905299" y="64.368004" />
                  <PolyStepSegment x="85.924733" y="64.423529" />
                  <PolyStepSegment x="85.944166" y="64.473501" />
                  <PolyStepSegment x="85.944166" y="64.476277" />
                  <PolyStepSegment x="85.946943" y="64.481829" />
                  <PolyStepSegment x="85.952495" y="64.492934" />
                  <PolyStepSegment x="85.960824" y="64.506815" />
                  <PolyStepSegment x="85.969152" y="64.523473" />
                  <PolyStepSegment x="85.980257" y="64.542906" />
                  <PolyStepSegment x="86.005243" y="64.592878" />
                  <PolyStepSegment x="86.038558" y="64.645626" />
                  <PolyStepSegment x="86.080201" y="64.706703" />
                  <PolyStepSegment x="86.127397" y="64.765004" />
                  <PolyStepSegment x="86.180145" y="64.826081" />
                  <PolyStepSegment x="86.182921" y="64.828857" />
                  <PolyStepSegment x="86.188474" y="64.831633" />
                  <PolyStepSegment x="86.196802" y="64.839962" />
                  <PolyStepSegment x="86.207907" y="64.851067" />
                  <PolyStepSegment x="86.221788" y="64.864948" />
                  <PolyStepSegment x="86.238446" y="64.878829" />
                  <PolyStepSegment x="86.280089" y="64.912143" />
                  <PolyStepSegment x="86.327285" y="64.951011" />
                  <PolyStepSegment x="86.385585" y="64.989878" />
                  <PolyStepSegment x="86.446662" y="65.025968" />
                  <PolyStepSegment x="86.513292" y="65.056507" />
                  <PolyStepSegment x="86.516068" y="65.056507" />
                  <PolyStepSegment x="86.524396" y="65.062059" />
                  <PolyStepSegment x="86.538278" y="65.064836" />
                  <PolyStepSegment x="86.554935" y="65.073164" />
                  <PolyStepSegment x="86.577145" y="65.081493" />
                  <PolyStepSegment x="86.604907" y="65.089822" />
                  <PolyStepSegment x="86.635445" y="65.09815" />
                  <PolyStepSegment x="86.671536" y="65.109255" />
                  <PolyStepSegment x="86.710403" y="65.117584" />
                  <PolyStepSegment x="86.752046" y="65.125912" />
                  <PolyStepSegment x="86.799242" y="65.134241" />
                  <PolyStepSegment x="86.846438" y="65.14257" />
                  <PolyStepSegment x="86.951934" y="65.153675" />
                  <PolyStepSegment x="87.065759" y="65.159227" />
                  <PolyStepSegment x="87.090745" y="65.159227" />
                  <PolyStepSegment x="87.121284" y="65.156451" />
                </Polygon>
                <Cutout>
                  <PolyBegin x="87.071312" y="64.717808" />
                  <PolyStepSegment x="87.040773" y="64.717808" />
                  <PolyStepSegment x="87.018564" y="64.715032" />
                  <PolyStepSegment x="86.990801" y="64.712256" />
                  <PolyStepSegment x="86.960263" y="64.706703" />
                  <PolyStepSegment x="86.924172" y="64.698375" />
                  <PolyStepSegment x="86.888081" y="64.690046" />
                  <PolyStepSegment x="86.846438" y="64.678941" />
                  <PolyStepSegment x="86.804795" y="64.66506" />
                  <PolyStepSegment x="86.763151" y="64.645626" />
                  <PolyStepSegment x="86.718732" y="64.623417" />
                  <PolyStepSegment x="86.677089" y="64.598431" />
                  <PolyStepSegment x="86.632669" y="64.567892" />
                  <PolyStepSegment x="86.593802" y="64.534578" />
                  <PolyStepSegment x="86.554935" y="64.49571" />
                  <PolyStepSegment x="86.552159" y="64.492934" />
                  <PolyStepSegment x="86.546606" y="64.484606" />
                  <PolyStepSegment x="86.538278" y="64.473501" />
                  <PolyStepSegment x="86.524396" y="64.454067" />
                  <PolyStepSegment x="86.510515" y="64.431857" />
                  <PolyStepSegment x="86.493858" y="64.404095" />
                  <PolyStepSegment x="86.477201" y="64.370781" />
                  <PolyStepSegment x="86.457767" y="64.331914" />
                  <PolyStepSegment x="86.44111" y="64.287494" />
                  <PolyStepSegment x="86.421676" y="64.237522" />
                  <PolyStepSegment x="86.405019" y="64.184774" />
                  <PolyStepSegment x="86.391138" y="64.123697" />
                  <PolyStepSegment x="86.377257" y="64.059844" />
                  <PolyStepSegment x="86.368928" y="63.990438" />
                  <PolyStepSegment x="86.363376" y="63.91548" />
                  <PolyStepSegment x="86.360599" y="63.83497" />
                  <PolyStepSegment x="86.360599" y="63.829418" />
                  <PolyStepSegment x="86.360599" y="63.815537" />
                  <PolyStepSegment x="86.363376" y="63.793327" />
                  <PolyStepSegment x="86.363376" y="63.762788" />
                  <PolyStepSegment x="86.366152" y="63.726698" />
                  <PolyStepSegment x="86.371704" y="63.685054" />
                  <PolyStepSegment x="86.377257" y="63.637858" />
                  <PolyStepSegment x="86.385585" y="63.587887" />
                  <PolyStepSegment x="86.39669" y="63.535138" />
                  <PolyStepSegment x="86.410571" y="63.48239" />
                  <PolyStepSegment x="86.424452" y="63.426866" />
                  <PolyStepSegment x="86.443886" y="63.371341" />
                  <PolyStepSegment x="86.468872" y="63.318593" />
                  <PolyStepSegment x="86.493858" y="63.268621" />
                  <PolyStepSegment x="86.524396" y="63.218649" />
                  <PolyStepSegment x="86.560487" y="63.17423" />
                  <PolyStepSegment x="86.563263" y="63.171454" />
                  <PolyStepSegment x="86.568816" y="63.165901" />
                  <PolyStepSegment x="86.579921" y="63.154796" />
                  <PolyStepSegment x="86.596578" y="63.138139" />
                  <PolyStepSegment x="86.616012" y="63.121482" />
                  <PolyStepSegment x="86.640998" y="63.102048" />
                  <PolyStepSegment x="86.66876" y="63.082614" />
                  <PolyStepSegment x="86.699298" y="63.063181" />
                  <PolyStepSegment x="86.735389" y="63.040971" />
                  <PolyStepSegment x="86.774256" y="63.021538" />
                  <PolyStepSegment x="86.8159" y="63.002104" />
                  <PolyStepSegment x="86.860319" y="62.985447" />
                  <PolyStepSegment x="86.907515" y="62.971566" />
                  <PolyStepSegment x="86.960263" y="62.960461" />
                  <PolyStepSegment x="87.015787" y="62.952132" />
                  <PolyStepSegment x="87.071312" y="62.949356" />
                  <PolyStepSegment x="87.085193" y="62.949356" />
                  <PolyStepSegment x="87.10185" y="62.952132" />
                  <PolyStepSegment x="87.12406" y="62.952132" />
                  <PolyStepSegment x="87.149046" y="62.954908" />
                  <PolyStepSegment x="87.179584" y="62.960461" />
                  <PolyStepSegment x="87.212899" y="62.968789" />
                  <PolyStepSegment x="87.251766" y="62.977118" />
                  <PolyStepSegment x="87.290633" y="62.988223" />
                  <PolyStepSegment x="87.3295" y="63.00488" />
                  <PolyStepSegment x="87.37392" y="63.021538" />
                  <PolyStepSegment x="87.415563" y="63.043747" />
                  <PolyStepSegment x="87.457206" y="63.068733" />
                  <PolyStepSegment x="87.49885" y="63.099272" />
                  <PolyStepSegment x="87.540493" y="63.132586" />
                  <PolyStepSegment x="87.57936" y="63.171454" />
                  <PolyStepSegment x="87.582136" y="63.17423" />
                  <PolyStepSegment x="87.587689" y="63.182558" />
                  <PolyStepSegment x="87.598794" y="63.193663" />
                  <PolyStepSegment x="87.609898" y="63.213097" />
                  <PolyStepSegment x="87.626556" y="63.235307" />
                  <PolyStepSegment x="87.643213" y="63.265845" />
                  <PolyStepSegment x="87.65987" y="63.29916" />
                  <PolyStepSegment x="87.679304" y="63.338027" />
                  <PolyStepSegment x="87.698737" y="63.382446" />
                  <PolyStepSegment x="87.715395" y="63.432418" />
                  <PolyStepSegment x="87.732052" y="63.487943" />
                  <PolyStepSegment x="87.748709" y="63.546243" />
                  <PolyStepSegment x="87.759814" y="63.612873" />
                  <PolyStepSegment x="87.770919" y="63.682278" />
                  <PolyStepSegment x="87.776472" y="63.760012" />
                  <PolyStepSegment x="87.779248" y="63.840523" />
                  <PolyStepSegment x="87.779248" y="63.846075" />
                  <PolyStepSegment x="87.779248" y="63.859956" />
                  <PolyStepSegment x="87.779248" y="63.882166" />
                  <PolyStepSegment x="87.776472" y="63.912704" />
                  <PolyStepSegment x="87.773695" y="63.948795" />
                  <PolyStepSegment x="87.768143" y="63.990438" />
                  <PolyStepSegment x="87.762591" y="64.037634" />
                  <PolyStepSegment x="87.754262" y="64.087606" />
                  <PolyStepSegment x="87.745933" y="64.140354" />
                  <PolyStepSegment x="87.732052" y="64.195879" />
                  <PolyStepSegment x="87.715395" y="64.251403" />
                  <PolyStepSegment x="87.698737" y="64.304151" />
                  <PolyStepSegment x="87.673752" y="64.356899" />
                  <PolyStepSegment x="87.648766" y="64.406871" />
                  <PolyStepSegment x="87.618227" y="64.456843" />
                  <PolyStepSegment x="87.584912" y="64.498487" />
                  <PolyStepSegment x="87.582136" y="64.501263" />
                  <PolyStepSegment x="87.576584" y="64.506815" />
                  <PolyStepSegment x="87.565479" y="64.51792" />
                  <PolyStepSegment x="87.548822" y="64.531801" />
                  <PolyStepSegment x="87.529388" y="64.548459" />
                  <PolyStepSegment x="87.507178" y="64.567892" />
                  <PolyStepSegment x="87.479416" y="64.587326" />
                  <PolyStepSegment x="87.448878" y="64.609535" />
                  <PolyStepSegment x="87.412787" y="64.628969" />
                  <PolyStepSegment x="87.37392" y="64.648403" />
                  <PolyStepSegment x="87.332276" y="64.667836" />
                  <PolyStepSegment x="87.285081" y="64.684493" />
                  <PolyStepSegment x="87.237885" y="64.698375" />
                  <PolyStepSegment x="87.185137" y="64.709479" />
                  <PolyStepSegment x="87.129612" y="64.715032" />
                  <PolyStepSegment x="87.071312" y="64.717808" />
                </Cutout>
              </Contour>
            </Features>
            <Features>
              <Contour>
                <Polygon>
                  <PolyBegin x="91.030201" y="62.555133" />
                  <PolyStepSegment x="90.466629" y="62.555133" />
                  <PolyStepSegment x="90.241755" y="63.138139" />
                  <PolyStepSegment x="89.21733" y="63.138139" />
                  <PolyStepSegment x="89.003561" y="62.555133" />
                  <PolyStepSegment x="88.456646" y="62.555133" />
                  <PolyStepSegment x="89.453309" y="65.117584" />
                  <PolyStepSegment x="90.003" y="65.117584" />
                  <PolyStepSegment x="91.030201" y="62.555133" />
                </Polygon>
                <Cutout>
                  <PolyBegin x="89.722602" y="64.520696" />
                  <PolyStepSegment x="89.375574" y="63.571229" />
                  <PolyStepSegment x="90.077958" y="63.571229" />
                  <PolyStepSegment x="89.722602" y="64.520696" />
                </Cutout>
              </Contour>
            </Features>
            <Features>
              <Contour>
                <Polygon>
                  <PolyBegin x="92.326696" y="65.114808" />
                  <PolyStepSegment x="92.390549" y="65.114808" />
                  <PolyStepSegment x="92.42664" y="65.112031" />
                  <PolyStepSegment x="92.504374" y="65.106479" />
                  <PolyStepSegment x="92.584885" y="65.095374" />
                  <PolyStepSegment x="92.662619" y="65.084269" />
                  <PolyStepSegment x="92.69871" y="65.07594" />
                  <PolyStepSegment x="92.732024" y="65.067612" />
                  <PolyStepSegment x="92.734801" y="65.067612" />
                  <PolyStepSegment x="92.743129" y="65.064836" />
                  <PolyStepSegment x="92.754234" y="65.059283" />
                  <PolyStepSegment x="92.770891" y="65.053731" />
                  <PolyStepSegment x="92.790325" y="65.048178" />
                  <PolyStepSegment x="92.812535" y="65.037073" />
                  <PolyStepSegment x="92.865283" y="65.012087" />
                  <PolyStepSegment x="92.92636" y="64.981549" />
                  <PolyStepSegment x="92.990213" y="64.939906" />
                  <PolyStepSegment x="93.054066" y="64.889934" />
                  <PolyStepSegment x="93.117919" y="64.831633" />
                  <PolyStepSegment x="93.120695" y="64.828857" />
                  <PolyStepSegment x="93.126248" y="64.823304" />
                  <PolyStepSegment x="93.134576" y="64.814976" />
                  <PolyStepSegment x="93.145681" y="64.801095" />
                  <PolyStepSegment x="93.156786" y="64.784437" />
                  <PolyStepSegment x="93.173443" y="64.765004" />
                  <PolyStepSegment x="93.190101" y="64.742794" />
                  <PolyStepSegment x="93.209534" y="64.715032" />
                  <PolyStepSegment x="93.228968" y="64.68727" />
                  <PolyStepSegment x="93.248401" y="64.656731" />
                  <PolyStepSegment x="93.290045" y="64.58455" />
                  <PolyStepSegment x="93.328912" y="64.504039" />
                  <PolyStepSegment x="93.362226" y="64.4152" />
                  <PolyStepSegment x="93.362226" y="64.412424" />
                  <PolyStepSegment x="93.365002" y="64.404095" />
                  <PolyStepSegment x="93.370555" y="64.390214" />
                  <PolyStepSegment x="93.376107" y="64.370781" />
                  <PolyStepSegment x="93.38166" y="64.348571" />
                  <PolyStepSegment x="93.389988" y="64.318032" />
                  <PolyStepSegment x="93.398317" y="64.284718" />
                  <PolyStepSegment x="93.406646" y="64.248627" />
                  <PolyStepSegment x="93.412198" y="64.206984" />
                  <PolyStepSegment x="93.420527" y="64.159788" />
                  <PolyStepSegment x="93.428856" y="64.109816" />
                  <PolyStepSegment x="93.434408" y="64.057068" />
                  <PolyStepSegment x="93.43996" y="63.998767" />
                  <PolyStepSegment x="93.445513" y="63.940466" />
                  <PolyStepSegment x="93.448289" y="63.876613" />
                  <PolyStepSegment x="93.448289" y="63.809984" />
                  <PolyStepSegment x="93.448289" y="63.807208" />
                  <PolyStepSegment x="93.448289" y="63.796103" />
                  <PolyStepSegment x="93.448289" y="63.779446" />
                  <PolyStepSegment x="93.448289" y="63.757236" />
                  <PolyStepSegment x="93.445513" y="63.729474" />
                  <PolyStepSegment x="93.445513" y="63.698935" />
                  <PolyStepSegment x="93.442737" y="63.662844" />
                  <PolyStepSegment x="93.437184" y="63.623977" />
                  <PolyStepSegment x="93.428856" y="63.537915" />
                  <PolyStepSegment x="93.414974" y="63.446299" />
                  <PolyStepSegment x="93.395541" y="63.354684" />
                  <PolyStepSegment x="93.367779" y="63.265845" />
                  <PolyStepSegment x="93.367779" y="63.263069" />
                  <PolyStepSegment x="93.362226" y="63.25474" />
                  <PolyStepSegment x="93.356674" y="63.238083" />
                  <PolyStepSegment x="93.351121" y="63.218649" />
                  <PolyStepSegment x="93.340017" y="63.19644" />
                  <PolyStepSegment x="93.328912" y="63.168677" />
                  <PolyStepSegment x="93.315031" y="63.138139" />
                  <PolyStepSegment x="93.298373" y="63.104824" />
                  <PolyStepSegment x="93.259506" y="63.032643" />
                  <PolyStepSegment x="93.21231" y="62.957685" />
                  <PolyStepSegment x="93.156786" y="62.882727" />
                  <PolyStepSegment x="93.092933" y="62.813321" />
                  <PolyStepSegment x="93.090157" y="62.810545" />
                  <PolyStepSegment x="93.08738" y="62.807769" />
                  <PolyStepSegment x="93.079052" y="62.79944" />
                  <PolyStepSegment x="93.067947" y="62.791111" />
                  <PolyStepSegment x="93.054066" y="62.780007" />
                  <PolyStepSegment x="93.040185" y="62.766125" />
                  <PolyStepSegment x="93.020751" y="62.752244" />
                  <PolyStepSegment x="92.998541" y="62.738363" />
                  <PolyStepSegment x="92.945793" y="62.705049" />
                  <PolyStepSegment x="92.884716" y="62.671734" />
                  <PolyStepSegment x="92.812535" y="62.638419" />
                  <PolyStepSegment x="92.732024" y="62.607881" />
                  <PolyStepSegment x="92.729248" y="62.607881" />
                  <PolyStepSegment x="92.723696" y="62.605105" />
                  <PolyStepSegment x="92.715367" y="62.602328" />
                  <PolyStepSegment x="92.701486" y="62.599552" />
                  <PolyStepSegment x="92.684829" y="62.596776" />
                  <PolyStepSegment x="92.662619" y="62.591224" />
                  <PolyStepSegment x="92.637633" y="62.585671" />
                  <PolyStepSegment x="92.609871" y="62.582895" />
                  <PolyStepSegment x="92.579332" y="62.577342" />
                  <PolyStepSegment x="92.546018" y="62.57179" />
                  <PolyStepSegment x="92.507151" y="62.566238" />
                  <PolyStepSegment x="92.465507" y="62.563461" />
                  <PolyStepSegment x="92.423864" y="62.560685" />
                  <PolyStepSegment x="92.376668" y="62.557909" />
                  <PolyStepSegment x="92.326696" y="62.555133" />
                  <PolyStepSegment x="91.302271" y="62.555133" />
                  <PolyStepSegment x="91.302271" y="65.117584" />
                  <PolyStepSegment x="92.298934" y="65.117584" />
                  <PolyStepSegment x="92.326696" y="65.114808" />
                </Polygon>
                <Cutout>
                  <PolyBegin x="92.157347" y="64.684493" />
                  <PolyStepSegment x="91.818648" y="64.684493" />
                  <PolyStepSegment x="91.818648" y="62.988223" />
                  <PolyStepSegment x="92.2795" y="62.988223" />
                  <PolyStepSegment x="92.32392" y="62.990999" />
                  <PolyStepSegment x="92.376668" y="62.993775" />
                  <PolyStepSegment x="92.429416" y="62.996552" />
                  <PolyStepSegment x="92.476612" y="63.002104" />
                  <PolyStepSegment x="92.498822" y="63.007657" />
                  <PolyStepSegment x="92.518255" y="63.010433" />
                  <PolyStepSegment x="92.521032" y="63.010433" />
                  <PolyStepSegment x="92.523808" y="63.013209" />
                  <PolyStepSegment x="92.540465" y="63.015985" />
                  <PolyStepSegment x="92.562675" y="63.024314" />
                  <PolyStepSegment x="92.590437" y="63.035419" />
                  <PolyStepSegment x="92.623752" y="63.052076" />
                  <PolyStepSegment x="92.659843" y="63.07151" />
                  <PolyStepSegment x="92.693157" y="63.093719" />
                  <PolyStepSegment x="92.726472" y="63.118705" />
                  <PolyStepSegment x="92.729248" y="63.121482" />
                  <PolyStepSegment x="92.740353" y="63.132586" />
                  <PolyStepSegment x="92.75701" y="63.15202" />
                  <PolyStepSegment x="92.773668" y="63.177006" />
                  <PolyStepSegment x="92.795877" y="63.213097" />
                  <PolyStepSegment x="92.818087" y="63.25474" />
                  <PolyStepSegment x="92.840297" y="63.304712" />
                  <PolyStepSegment x="92.862507" y="63.365789" />
                  <PolyStepSegment x="92.862507" y="63.368565" />
                  <PolyStepSegment x="92.865283" y="63.374118" />
                  <PolyStepSegment x="92.868059" y="63.382446" />
                  <PolyStepSegment x="92.870835" y="63.396327" />
                  <PolyStepSegment x="92.873612" y="63.415761" />
                  <PolyStepSegment x="92.879164" y="63.435194" />
                  <PolyStepSegment x="92.884716" y="63.46018" />
                  <PolyStepSegment x="92.890269" y="63.487943" />
                  <PolyStepSegment x="92.893045" y="63.521257" />
                  <PolyStepSegment x="92.898598" y="63.557348" />
                  <PolyStepSegment x="92.90415" y="63.593439" />
                  <PolyStepSegment x="92.906926" y="63.635082" />
                  <PolyStepSegment x="92.909702" y="63.682278" />
                  <PolyStepSegment x="92.912479" y="63.729474" />
                  <PolyStepSegment x="92.915255" y="63.782222" />
                  <PolyStepSegment x="92.915255" y="63.83497" />
                  <PolyStepSegment x="92.915255" y="63.837746" />
                  <PolyStepSegment x="92.915255" y="63.848851" />
                  <PolyStepSegment x="92.915255" y="63.862732" />
                  <PolyStepSegment x="92.915255" y="63.884942" />
                  <PolyStepSegment x="92.912479" y="63.909928" />
                  <PolyStepSegment x="92.912479" y="63.93769" />
                  <PolyStepSegment x="92.909702" y="63.968229" />
                  <PolyStepSegment x="92.909702" y="64.00432" />
                  <PolyStepSegment x="92.901374" y="64.076501" />
                  <PolyStepSegment x="92.893045" y="64.151459" />
                  <PolyStepSegment x="92.879164" y="64.226417" />
                  <PolyStepSegment x="92.870835" y="64.259732" />
                  <PolyStepSegment x="92.862507" y="64.29027" />
                  <PolyStepSegment x="92.862507" y="64.293046" />
                  <PolyStepSegment x="92.85973" y="64.298599" />
                  <PolyStepSegment x="92.856954" y="64.306928" />
                  <PolyStepSegment x="92.854178" y="64.315256" />
                  <PolyStepSegment x="92.840297" y="64.345795" />
                  <PolyStepSegment x="92.82364" y="64.381885" />
                  <PolyStepSegment x="92.804206" y="64.420753" />
                  <PolyStepSegment x="92.77922" y="64.462396" />
                  <PolyStepSegment x="92.748682" y="64.501263" />
                  <PolyStepSegment x="92.715367" y="64.537354" />
                  <PolyStepSegment x="92.709815" y="64.54013" />
                  <PolyStepSegment x="92.69871" y="64.551235" />
                  <PolyStepSegment x="92.6765" y="64.567892" />
                  <PolyStepSegment x="92.648738" y="64.587326" />
                  <PolyStepSegment x="92.615423" y="64.606759" />
                  <PolyStepSegment x="92.57378" y="64.626193" />
                  <PolyStepSegment x="92.526584" y="64.645626" />
                  <PolyStepSegment x="92.473836" y="64.659507" />
                  <PolyStepSegment x="92.468283" y="64.659507" />
                  <PolyStepSegment x="92.462731" y="64.662284" />
                  <PolyStepSegment x="92.451626" y="64.662284" />
                  <PolyStepSegment x="92.440521" y="64.66506" />
                  <PolyStepSegment x="92.423864" y="64.667836" />
                  <PolyStepSegment x="92.40443" y="64.670612" />
                  <PolyStepSegment x="92.379444" y="64.673389" />
                  <PolyStepSegment x="92.354458" y="64.673389" />
                  <PolyStepSegment x="92.32392" y="64.676165" />
                  <PolyStepSegment x="92.287829" y="64.678941" />
                  <PolyStepSegment x="92.248962" y="64.681717" />
                  <PolyStepSegment x="92.204543" y="64.681717" />
                  <PolyStepSegment x="92.157347" y="64.684493" />
                </Cutout>
              </Contour>
            </Features>
            <Features>
              <Contour>
                <Polygon>
                  <PolyBegin x="95.616517" y="65.123136" />
                  <PolyStepSegment x="95.641503" y="65.123136" />
                  <PolyStepSegment x="95.672041" y="65.117584" />
                  <PolyStepSegment x="95.708132" y="65.114808" />
                  <PolyStepSegment x="95.746999" y="65.106479" />
                  <PolyStepSegment x="95.788643" y="65.09815" />
                  <PolyStepSegment x="95.835838" y="65.084269" />
                  <PolyStepSegment x="95.883034" y="65.070388" />
                  <PolyStepSegment x="95.93023" y="65.050954" />
                  <PolyStepSegment x="95.977426" y="65.028745" />
                  <PolyStepSegment x="96.027397" y="65.000983" />
                  <PolyStepSegment x="96.074593" y="64.970444" />
                  <PolyStepSegment x="96.119013" y="64.934353" />
                  <PolyStepSegment x="96.160656" y="64.89271" />
                  <PolyStepSegment x="96.163432" y="64.889934" />
                  <PolyStepSegment x="96.168985" y="64.884381" />
                  <PolyStepSegment x="96.177313" y="64.873276" />
                  <PolyStepSegment x="96.188418" y="64.859395" />
                  <PolyStepSegment x="96.202299" y="64.842738" />
                  <PolyStepSegment x="96.218957" y="64.820528" />
                  <PolyStepSegment x="96.235614" y="64.795542" />
                  <PolyStepSegment x="96.252271" y="64.76778" />
                  <PolyStepSegment x="96.285586" y="64.706703" />
                  <PolyStepSegment x="96.316124" y="64.634521" />
                  <PolyStepSegment x="96.327229" y="64.595654" />
                  <PolyStepSegment x="96.335558" y="64.554011" />
                  <PolyStepSegment x="96.34111" y="64.512368" />
                  <PolyStepSegment x="96.343887" y="64.467948" />
                  <PolyStepSegment x="96.343887" y="64.465172" />
                  <PolyStepSegment x="96.343887" y="64.454067" />
                  <PolyStepSegment x="96.34111" y="64.434634" />
                  <PolyStepSegment x="96.338334" y="64.412424" />
                  <PolyStepSegment x="96.332782" y="64.384662" />
                  <PolyStepSegment x="96.324453" y="64.351347" />
                  <PolyStepSegment x="96.313348" y="64.31248" />
                  <PolyStepSegment x="96.296691" y="64.273613" />
                  <PolyStepSegment x="96.277257" y="64.23197" />
                  <PolyStepSegment x="96.255048" y="64.18755" />
                  <PolyStepSegment x="96.224509" y="64.143131" />
                  <PolyStepSegment x="96.188418" y="64.098711" />
                  <PolyStepSegment x="96.146775" y="64.054291" />
                  <PolyStepSegment x="96.096803" y="64.009872" />
                  <PolyStepSegment x="96.038502" y="63.968229" />
                  <PolyStepSegment x="95.974649" y="63.929362" />
                  <PolyStepSegment x="95.977426" y="63.929362" />
                  <PolyStepSegment x="95.985754" y="63.926585" />
                  <PolyStepSegment x="95.996859" y="63.923809" />
                  <PolyStepSegment x="96.01074" y="63.918257" />
                  <PolyStepSegment x="96.030174" y="63.912704" />
                  <PolyStepSegment x="96.052383" y="63.904376" />
                  <PolyStepSegment x="96.099579" y="63.884942" />
                  <PolyStepSegment x="96.15788" y="63.85718" />
                  <PolyStepSegment x="96.21618" y="63.818313" />
                  <PolyStepSegment x="96.271705" y="63.773893" />
                  <PolyStepSegment x="96.299467" y="63.746131" />
                  <PolyStepSegment x="96.324453" y="63.715593" />
                  <PolyStepSegment x="96.327229" y="63.712816" />
                  <PolyStepSegment x="96.330005" y="63.707264" />
                  <PolyStepSegment x="96.335558" y="63.698935" />
                  <PolyStepSegment x="96.346663" y="63.68783" />
                  <PolyStepSegment x="96.354991" y="63.671173" />
                  <PolyStepSegment x="96.366096" y="63.65174" />
                  <PolyStepSegment x="96.379977" y="63.62953" />
                  <PolyStepSegment x="96.391082" y="63.604544" />
                  <PolyStepSegment x="96.416068" y="63.546243" />
                  <PolyStepSegment x="96.438278" y="63.479614" />
                  <PolyStepSegment x="96.452159" y="63.40188" />
                  <PolyStepSegment x="96.454935" y="63.360236" />
                  <PolyStepSegment x="96.457712" y="63.318593" />
                  <PolyStepSegment x="96.457712" y="63.315817" />
                  <PolyStepSegment x="96.457712" y="63.304712" />
                  <PolyStepSegment x="96.454935" y="63.285279" />
                  <PolyStepSegment x="96.454935" y="63.263069" />
                  <PolyStepSegment x="96.449383" y="63.23253" />
                  <PolyStepSegment x="96.44383" y="63.199216" />
                  <PolyStepSegment x="96.438278" y="63.163125" />
                  <PolyStepSegment x="96.427173" y="63.121482" />
                  <PolyStepSegment x="96.413292" y="63.077062" />
                  <PolyStepSegment x="96.396635" y="63.029866" />
                  <PolyStepSegment x="96.377201" y="62.982671" />
                  <PolyStepSegment x="96.352215" y="62.935475" />
                  <PolyStepSegment x="96.324453" y="62.885503" />
                  <PolyStepSegment x="96.291138" y="62.838307" />
                  <PolyStepSegment x="96.255048" y="62.791111" />
                  <PolyStepSegment x="96.210628" y="62.743916" />
                  <PolyStepSegment x="96.207852" y="62.741139" />
                  <PolyStepSegment x="96.199523" y="62.732811" />
                  <PolyStepSegment x="96.185642" y="62.721706" />
                  <PolyStepSegment x="96.166208" y="62.707825" />
                  <PolyStepSegment x="96.141222" y="62.688391" />
                  <PolyStepSegment x="96.11346" y="62.668958" />
                  <PolyStepSegment x="96.080146" y="62.646748" />
                  <PolyStepSegment x="96.041279" y="62.627314" />
                  <PolyStepSegment x="95.999635" y="62.605105" />
                  <PolyStepSegment x="95.95244" y="62.582895" />
                  <PolyStepSegment x="95.899691" y="62.563461" />
                  <PolyStepSegment x="95.846943" y="62.544028" />
                  <PolyStepSegment x="95.788643" y="62.530147" />
                  <PolyStepSegment x="95.727566" y="62.519042" />
                  <PolyStepSegment x="95.660936" y="62.510713" />
                  <PolyStepSegment x="95.594307" y="62.507937" />
                  <PolyStepSegment x="95.57765" y="62.507937" />
                  <PolyStepSegment x="95.560993" y="62.510713" />
                  <PolyStepSegment x="95.536007" y="62.510713" />
                  <PolyStepSegment x="95.508244" y="62.513489" />
                  <PolyStepSegment x="95.472153" y="62.519042" />
                  <PolyStepSegment x="95.433286" y="62.524594" />
                  <PolyStepSegment x="95.391643" y="62.532923" />
                  <PolyStepSegment x="95.347224" y="62.544028" />
                  <PolyStepSegment x="95.300028" y="62.557909" />
                  <PolyStepSegment x="95.252832" y="62.57179" />
                  <PolyStepSegment x="95.205636" y="62.591224" />
                  <PolyStepSegment x="95.155664" y="62.61621" />
                  <PolyStepSegment x="95.108469" y="62.641196" />
                  <PolyStepSegment x="95.061273" y="62.671734" />
                  <PolyStepSegment x="95.016853" y="62.707825" />
                  <PolyStepSegment x="95.014077" y="62.710601" />
                  <PolyStepSegment x="95.005749" y="62.716153" />
                  <PolyStepSegment x="94.994644" y="62.727258" />
                  <PolyStepSegment x="94.980763" y="62.743916" />
                  <PolyStepSegment x="94.964105" y="62.763349" />
                  <PolyStepSegment x="94.941895" y="62.788335" />
                  <PolyStepSegment x="94.922462" y="62.816097" />
                  <PolyStepSegment x="94.897476" y="62.849412" />
                  <PolyStepSegment x="94.875266" y="62.885503" />
                  <PolyStepSegment x="94.853056" y="62.92437" />
                  <PolyStepSegment x="94.830847" y="62.966013" />
                  <PolyStepSegment x="94.808637" y="63.013209" />
                  <PolyStepSegment x="94.79198" y="63.063181" />
                  <PolyStepSegment x="94.775322" y="63.115929" />
                  <PolyStepSegment x="94.761441" y="63.17423" />
                  <PolyStepSegment x="94.753112" y="63.23253" />
                  <PolyStepSegment x="95.227846" y="63.290831" />
                  <PolyStepSegment x="95.227846" y="63.288055" />
                  <PolyStepSegment x="95.227846" y="63.282502" />
                  <PolyStepSegment x="95.230622" y="63.274174" />
                  <PolyStepSegment x="95.233399" y="63.260293" />
                  <PolyStepSegment x="95.238951" y="63.226978" />
                  <PolyStepSegment x="95.252832" y="63.188111" />
                  <PolyStepSegment x="95.266713" y="63.140915" />
                  <PolyStepSegment x="95.288923" y="63.096496" />
                  <PolyStepSegment x="95.316685" y="63.0493" />
                  <PolyStepSegment x="95.35" y="63.010433" />
                  <PolyStepSegment x="95.355552" y="63.007657" />
                  <PolyStepSegment x="95.366657" y="62.996552" />
                  <PolyStepSegment x="95.388867" y="62.979894" />
                  <PolyStepSegment x="95.416629" y="62.963237" />
                  <PolyStepSegment x="95.45272" y="62.94658" />
                  <PolyStepSegment x="95.494363" y="62.929922" />
                  <PolyStepSegment x="95.541559" y="62.918818" />
                  <PolyStepSegment x="95.591531" y="62.916041" />
                  <PolyStepSegment x="95.605412" y="62.916041" />
                  <PolyStepSegment x="95.616517" y="62.918818" />
                  <PolyStepSegment x="95.644279" y="62.921594" />
                  <PolyStepSegment x="95.68037" y="62.929922" />
                  <PolyStepSegment x="95.722013" y="62.943803" />
                  <PolyStepSegment x="95.763657" y="62.963237" />
                  <PolyStepSegment x="95.808076" y="62.990999" />
                  <PolyStepSegment x="95.849719" y="63.029866" />
                  <PolyStepSegment x="95.855272" y="63.035419" />
                  <PolyStepSegment x="95.866377" y="63.052076" />
                  <PolyStepSegment x="95.883034" y="63.077062" />
                  <PolyStepSegment x="95.902468" y="63.113153" />
                  <PolyStepSegment x="95.921901" y="63.157572" />
                  <PolyStepSegment x="95.938558" y="63.210321" />
                  <PolyStepSegment x="95.949663" y="63.271397" />
                  <PolyStepSegment x="95.955216" y="63.340803" />
                  <PolyStepSegment x="95.955216" y="63.343579" />
                  <PolyStepSegment x="95.955216" y="63.349132" />
                  <PolyStepSegment x="95.955216" y="63.35746" />
                  <PolyStepSegment x="95.95244" y="63.371341" />
                  <PolyStepSegment x="95.95244" y="63.387999" />
                  <PolyStepSegment x="95.949663" y="63.404656" />
                  <PolyStepSegment x="95.944111" y="63.446299" />
                  <PolyStepSegment x="95.93023" y="63.493495" />
                  <PolyStepSegment x="95.913572" y="63.543467" />
                  <PolyStepSegment x="95.888586" y="63.590663" />
                  <PolyStepSegment x="95.855272" y="63.635082" />
                  <PolyStepSegment x="95.849719" y="63.640635" />
                  <PolyStepSegment x="95.838615" y="63.65174" />
                  <PolyStepSegment x="95.816405" y="63.671173" />
                  <PolyStepSegment x="95.788643" y="63.690607" />
                  <PolyStepSegment x="95.752552" y="63.71004" />
                  <PolyStepSegment x="95.710908" y="63.729474" />
                  <PolyStepSegment x="95.663713" y="63.740579" />
                  <PolyStepSegment x="95.610964" y="63.746131" />
                  <PolyStepSegment x="95.594307" y="63.746131" />
                  <PolyStepSegment x="95.574874" y="63.743355" />
                  <PolyStepSegment x="95.547111" y="63.740579" />
                  <PolyStepSegment x="95.513797" y="63.737802" />
                  <PolyStepSegment x="95.477706" y="63.729474" />
                  <PolyStepSegment x="95.433286" y="63.721145" />
                  <PolyStepSegment x="95.386091" y="63.707264" />
                  <PolyStepSegment x="95.438839" y="64.10704" />
                  <PolyStepSegment x="95.472153" y="64.10704" />
                  <PolyStepSegment x="95.488811" y="64.109816" />
                  <PolyStepSegment x="95.508244" y="64.109816" />
                  <PolyStepSegment x="95.552664" y="64.115368" />
                  <PolyStepSegment x="95.602636" y="64.123697" />
                  <PolyStepSegment x="95.652608" y="64.140354" />
                  <PolyStepSegment x="95.699804" y="64.162564" />
                  <PolyStepSegment x="95.744223" y="64.190326" />
                  <PolyStepSegment x="95.749775" y="64.195879" />
                  <PolyStepSegment x="95.76088" y="64.206984" />
                  <PolyStepSegment x="95.777538" y="64.226417" />
                  <PolyStepSegment x="95.799747" y="64.254179" />
                  <PolyStepSegment x="95.819181" y="64.29027" />
                  <PolyStepSegment x="95.835838" y="64.331914" />
                  <PolyStepSegment x="95.846943" y="64.379109" />
                  <PolyStepSegment x="95.852496" y="64.434634" />
                  <PolyStepSegment x="95.852496" y="64.43741" />
                  <PolyStepSegment x="95.852496" y="64.440186" />
                  <PolyStepSegment x="95.852496" y="64.456843" />
                  <PolyStepSegment x="95.849719" y="64.479053" />
                  <PolyStepSegment x="95.844167" y="64.509592" />
                  <PolyStepSegment x="95.833062" y="64.54013" />
                  <PolyStepSegment x="95.819181" y="64.576221" />
                  <PolyStepSegment x="95.799747" y="64.609535" />
                  <PolyStepSegment x="95.774761" y="64.640074" />
                  <PolyStepSegment x="95.771985" y="64.64285" />
                  <PolyStepSegment x="95.76088" y="64.651179" />
                  <PolyStepSegment x="95.744223" y="64.66506" />
                  <PolyStepSegment x="95.719237" y="64.678941" />
                  <PolyStepSegment x="95.688699" y="64.692822" />
                  <PolyStepSegment x="95.655384" y="64.706703" />
                  <PolyStepSegment x="95.613741" y="64.715032" />
                  <PolyStepSegment x="95.566545" y="64.717808" />
                  <PolyStepSegment x="95.544335" y="64.717808" />
                  <PolyStepSegment x="95.522125" y="64.712256" />
                  <PolyStepSegment x="95.491587" y="64.706703" />
                  <PolyStepSegment x="95.458272" y="64.695598" />
                  <PolyStepSegment x="95.422182" y="64.681717" />
                  <PolyStepSegment x="95.386091" y="64.659507" />
                  <PolyStepSegment x="95.35" y="64.628969" />
                  <PolyStepSegment x="95.347224" y="64.626193" />
                  <PolyStepSegment x="95.336119" y="64.612312" />
                  <PolyStepSegment x="95.322238" y="64.592878" />
                  <PolyStepSegment x="95.302804" y="64.565116" />
                  <PolyStepSegment x="95.283371" y="64.529025" />
                  <PolyStepSegment x="95.266713" y="64.487382" />
                  <PolyStepSegment x="95.252832" y="64.434634" />
                  <PolyStepSegment x="95.241727" y="64.376333" />
                  <PolyStepSegment x="94.789203" y="64.451291" />
                  <PolyStepSegment x="94.789203" y="64.454067" />
                  <PolyStepSegment x="94.79198" y="64.462396" />
                  <PolyStepSegment x="94.794756" y="64.473501" />
                  <PolyStepSegment x="94.797532" y="64.490158" />
                  <PolyStepSegment x="94.803084" y="64.509592" />
                  <PolyStepSegment x="94.808637" y="64.531801" />
                  <PolyStepSegment x="94.825294" y="64.58455" />
                  <PolyStepSegment x="94.844728" y="64.645626" />
                  <PolyStepSegment x="94.869714" y="64.706703" />
                  <PolyStepSegment x="94.897476" y="64.76778" />
                  <PolyStepSegment x="94.930791" y="64.823304" />
                  <PolyStepSegment x="94.930791" y="64.826081" />
                  <PolyStepSegment x="94.936343" y="64.828857" />
                  <PolyStepSegment x="94.947448" y="64.845514" />
                  <PolyStepSegment x="94.969658" y="64.873276" />
                  <PolyStepSegment x="95.000196" y="64.903815" />
                  <PolyStepSegment x="95.036287" y="64.939906" />
                  <PolyStepSegment x="95.080706" y="64.975997" />
                  <PolyStepSegment x="95.133455" y="65.012087" />
                  <PolyStepSegment x="95.194531" y="65.045402" />
                  <PolyStepSegment x="95.197308" y="65.045402" />
                  <PolyStepSegment x="95.20286" y="65.048178" />
                  <PolyStepSegment x="95.211189" y="65.053731" />
                  <PolyStepSegment x="95.22507" y="65.059283" />
                  <PolyStepSegment x="95.241727" y="65.064836" />
                  <PolyStepSegment x="95.261161" y="65.070388" />
                  <PolyStepSegment x="95.283371" y="65.078717" />
                  <PolyStepSegment x="95.308356" y="65.087045" />
                  <PolyStepSegment x="95.363881" y="65.100926" />
                  <PolyStepSegment x="95.43051" y="65.114808" />
                  <PolyStepSegment x="95.502692" y="65.123136" />
                  <PolyStepSegment x="95.580426" y="65.125912" />
                  <PolyStepSegment x="95.597083" y="65.125912" />
                  <PolyStepSegment x="95.616517" y="65.123136" />
                </Polygon>
              </Contour>
            </Features>
            <Features>
              <Contour>
                <Polygon>
                  <PolyBegin x="98.770303" y="63.238083" />
                  <PolyStepSegment x="97.804178" y="63.238083" />
                  <PolyStepSegment x="97.804178" y="63.729474" />
                  <PolyStepSegment x="98.770303" y="63.729474" />
                  <PolyStepSegment x="98.770303" y="63.238083" />
                </Polygon>
              </Contour>
            </Features>
            <Features>
              <Contour>
                <Polygon>
                  <PolyBegin x="101.557628" y="64.623417" />
                  <PolyStepSegment x="100.627594" y="64.623417" />
                  <PolyStepSegment x="100.54986" y="64.18755" />
                  <PolyStepSegment x="100.552636" y="64.18755" />
                  <PolyStepSegment x="100.558189" y="64.190326" />
                  <PolyStepSegment x="100.566517" y="64.195879" />
                  <PolyStepSegment x="100.577622" y="64.201431" />
                  <PolyStepSegment x="100.594279" y="64.206984" />
                  <PolyStepSegment x="100.610937" y="64.215312" />
                  <PolyStepSegment x="100.65258" y="64.229193" />
                  <PolyStepSegment x="100.705328" y="64.245851" />
                  <PolyStepSegment x="100.760853" y="64.256956" />
                  <PolyStepSegment x="100.821929" y="64.26806" />
                  <PolyStepSegment x="100.885782" y="64.270837" />
                  <PolyStepSegment x="100.899664" y="64.270837" />
                  <PolyStepSegment x="100.916321" y="64.26806" />
                  <PolyStepSegment x="100.941307" y="64.26806" />
                  <PolyStepSegment x="100.969069" y="64.262508" />
                  <PolyStepSegment x="101.002384" y="64.256956" />
                  <PolyStepSegment x="101.038475" y="64.251403" />
                  <PolyStepSegment x="101.077342" y="64.240298" />
                  <PolyStepSegment x="101.121761" y="64.229193" />
                  <PolyStepSegment x="101.166181" y="64.212536" />
                  <PolyStepSegment x="101.2106" y="64.193102" />
                  <PolyStepSegment x="101.257796" y="64.170893" />
                  <PolyStepSegment x="101.304992" y="64.143131" />
                  <PolyStepSegment x="101.352187" y="64.109816" />
                  <PolyStepSegment x="101.396607" y="64.073725" />
                  <PolyStepSegment x="101.441026" y="64.032082" />
                  <PolyStepSegment x="101.443803" y="64.029306" />
                  <PolyStepSegment x="101.452131" y="64.020977" />
                  <PolyStepSegment x="101.463236" y="64.007096" />
                  <PolyStepSegment x="101.477117" y="63.987662" />
                  <PolyStepSegment x="101.493775" y="63.965452" />
                  <PolyStepSegment x="101.513208" y="63.93769" />
                  <PolyStepSegment x="101.535418" y="63.904376" />
                  <PolyStepSegment x="101.557628" y="63.865509" />
                  <PolyStepSegment x="101.577061" y="63.823865" />
                  <PolyStepSegment x="101.599271" y="63.77667" />
                  <PolyStepSegment x="101.618705" y="63.723921" />
                  <PolyStepSegment x="101.635362" y="63.671173" />
                  <PolyStepSegment x="101.649243" y="63.610096" />
                  <PolyStepSegment x="101.660348" y="63.549019" />
                  <PolyStepSegment x="101.668677" y="63.48239" />
                  <PolyStepSegment x="101.671453" y="63.412985" />
                  <PolyStepSegment x="101.671453" y="63.410208" />
                  <PolyStepSegment x="101.671453" y="63.399104" />
                  <PolyStepSegment x="101.671453" y="63.382446" />
                  <PolyStepSegment x="101.668677" y="63.360236" />
                  <PolyStepSegment x="101.6659" y="63.332474" />
                  <PolyStepSegment x="101.660348" y="63.29916" />
                  <PolyStepSegment x="101.654795" y="63.263069" />
                  <PolyStepSegment x="101.649243" y="63.224202" />
                  <PolyStepSegment x="101.638138" y="63.179782" />
                  <PolyStepSegment x="101.627033" y="63.135363" />
                  <PolyStepSegment x="101.610376" y="63.088167" />
                  <PolyStepSegment x="101.593719" y="63.040971" />
                  <PolyStepSegment x="101.571509" y="62.990999" />
                  <PolyStepSegment x="101.546523" y="62.943803" />
                  <PolyStepSegment x="101.518761" y="62.893832" />
                  <PolyStepSegment x="101.485446" y="62.846636" />
                  <PolyStepSegment x="101.48267" y="62.84386" />
                  <PolyStepSegment x="101.474341" y="62.832755" />
                  <PolyStepSegment x="101.46046" y="62.816097" />
                  <PolyStepSegment x="101.43825" y="62.793888" />
                  <PolyStepSegment x="101.413264" y="62.768902" />
                  <PolyStepSegment x="101.382726" y="62.738363" />
                  <PolyStepSegment x="101.346635" y="62.707825" />
                  <PolyStepSegment x="101.304992" y="62.677286" />
                  <PolyStepSegment x="101.257796" y="62.646748" />
                  <PolyStepSegment x="101.205048" y="62.61621" />
                  <PolyStepSegment x="101.149523" y="62.585671" />
                  <PolyStepSegment x="101.088447" y="62.560685" />
                  <PolyStepSegment x="101.021817" y="62.538475" />
                  <PolyStepSegment x="100.949636" y="62.521818" />
                  <PolyStepSegment x="100.871901" y="62.510713" />
                  <PolyStepSegment x="100.791391" y="62.507937" />
                  <PolyStepSegment x="100.758076" y="62.507937" />
                  <PolyStepSegment x="100.73309" y="62.510713" />
                  <PolyStepSegment x="100.702552" y="62.513489" />
                  <PolyStepSegment x="100.666461" y="62.519042" />
                  <PolyStepSegment x="100.627594" y="62.524594" />
                  <PolyStepSegment x="100.585951" y="62.532923" />
                  <PolyStepSegment x="100.494335" y="62.555133" />
                  <PolyStepSegment x="100.444364" y="62.569014" />
                  <PolyStepSegment x="100.397168" y="62.588447" />
                  <PolyStepSegment x="100.347196" y="62.610657" />
                  <PolyStepSegment x="100.3" y="62.635643" />
                  <PolyStepSegment x="100.255581" y="62.663405" />
                  <PolyStepSegment x="100.211161" y="62.69672" />
                  <PolyStepSegment x="100.208385" y="62.699496" />
                  <PolyStepSegment x="100.202832" y="62.705049" />
                  <PolyStepSegment x="100.191727" y="62.716153" />
                  <PolyStepSegment x="100.17507" y="62.732811" />
                  <PolyStepSegment x="100.158413" y="62.752244" />
                  <PolyStepSegment x="100.138979" y="62.774454" />
                  <PolyStepSegment x="100.11677" y="62.802216" />
                  <PolyStepSegment x="100.09456" y="62.832755" />
                  <PolyStepSegment x="100.07235" y="62.868846" />
                  <PolyStepSegment x="100.05014" y="62.907713" />
                  <PolyStepSegment x="100.02793" y="62.949356" />
                  <PolyStepSegment x="100.005721" y="62.993775" />
                  <PolyStepSegment x="99.986287" y="63.043747" />
                  <PolyStepSegment x="99.96963" y="63.096496" />
                  <PolyStepSegment x="99.958525" y="63.15202" />
                  <PolyStepSegment x="99.94742" y="63.210321" />
                  <PolyStepSegment x="100.436035" y="63.263069" />
                  <PolyStepSegment x="100.436035" y="63.260293" />
                  <PolyStepSegment x="100.436035" y="63.25474" />
                  <PolyStepSegment x="100.438811" y="63.246411" />
                  <PolyStepSegment x="100.441587" y="63.235307" />
                  <PolyStepSegment x="100.44714" y="63.204768" />
                  <PolyStepSegment x="100.458245" y="63.168677" />
                  <PolyStepSegment x="100.474902" y="63.124258" />
                  <PolyStepSegment x="100.497112" y="63.082614" />
                  <PolyStepSegment x="100.524874" y="63.038195" />
                  <PolyStepSegment x="100.558189" y="62.999328" />
                  <PolyStepSegment x="100.563741" y="62.996552" />
                  <PolyStepSegment x="100.577622" y="62.985447" />
                  <PolyStepSegment x="100.597056" y="62.968789" />
                  <PolyStepSegment x="100.627594" y="62.952132" />
                  <PolyStepSegment x="100.660909" y="62.932699" />
                  <PolyStepSegment x="100.702552" y="62.918818" />
                  <PolyStepSegment x="100.746971" y="62.907713" />
                  <PolyStepSegment x="100.796943" y="62.90216" />
                  <PolyStepSegment x="100.810825" y="62.90216" />
                  <PolyStepSegment x="100.821929" y="62.904936" />
                  <PolyStepSegment x="100.852468" y="62.907713" />
                  <PolyStepSegment x="100.888559" y="62.918818" />
                  <PolyStepSegment x="100.930202" y="62.932699" />
                  <PolyStepSegment x="100.971845" y="62.954908" />
                  <PolyStepSegment x="101.016265" y="62.985447" />
                  <PolyStepSegment x="101.038475" y="63.00488" />
                  <PolyStepSegment x="101.057908" y="63.02709" />
                  <PolyStepSegment x="101.057908" y="63.029866" />
                  <PolyStepSegment x="101.063461" y="63.032643" />
                  <PolyStepSegment x="101.069013" y="63.040971" />
                  <PolyStepSegment x="101.074565" y="63.0493" />
                  <PolyStepSegment x="101.082894" y="63.063181" />
                  <PolyStepSegment x="101.091223" y="63.079838" />
                  <PolyStepSegment x="101.102328" y="63.099272" />
                  <PolyStepSegment x="101.113433" y="63.121482" />
                  <PolyStepSegment x="101.121761" y="63.146468" />
                  <PolyStepSegment x="101.132866" y="63.17423" />
                  <PolyStepSegment x="101.141195" y="63.204768" />
                  <PolyStepSegment x="101.149523" y="63.238083" />
                  <PolyStepSegment x="101.155076" y="63.27695" />
                  <PolyStepSegment x="101.160628" y="63.315817" />
                  <PolyStepSegment x="101.166181" y="63.360236" />
                  <PolyStepSegment x="101.166181" y="63.404656" />
                  <PolyStepSegment x="101.166181" y="63.407432" />
                  <PolyStepSegment x="101.166181" y="63.415761" />
                  <PolyStepSegment x="101.166181" y="63.426866" />
                  <PolyStepSegment x="101.163404" y="63.443523" />
                  <PolyStepSegment x="101.163404" y="63.462957" />
                  <PolyStepSegment x="101.160628" y="63.485166" />
                  <PolyStepSegment x="101.1523" y="63.537915" />
                  <PolyStepSegment x="101.141195" y="63.596215" />
                  <PolyStepSegment x="101.121761" y="63.654516" />
                  <PolyStepSegment x="101.093999" y="63.71004" />
                  <PolyStepSegment x="101.057908" y="63.760012" />
                  <PolyStepSegment x="101.057908" y="63.762788" />
                  <PolyStepSegment x="101.052356" y="63.765565" />
                  <PolyStepSegment x="101.038475" y="63.779446" />
                  <PolyStepSegment x="101.016265" y="63.798879" />
                  <PolyStepSegment x="100.98295" y="63.821089" />
                  <PolyStepSegment x="100.944083" y="63.840523" />
                  <PolyStepSegment x="100.896887" y="63.859956" />
                  <PolyStepSegment x="100.844139" y="63.873837" />
                  <PolyStepSegment x="100.813601" y="63.87939" />
                  <PolyStepSegment x="100.763629" y="63.87939" />
                  <PolyStepSegment x="100.746971" y="63.876613" />
                  <PolyStepSegment x="100.727538" y="63.873837" />
                  <PolyStepSegment x="100.708104" y="63.868285" />
                  <PolyStepSegment x="100.655356" y="63.85718" />
                  <PolyStepSegment x="100.597056" y="63.83497" />
                  <PolyStepSegment x="100.563741" y="63.818313" />
                  <PolyStepSegment x="100.533203" y="63.801655" />
                  <PolyStepSegment x="100.499888" y="63.779446" />
                  <PolyStepSegment x="100.466573" y="63.75446" />
                  <PolyStepSegment x="100.433259" y="63.726698" />
                  <PolyStepSegment x="100.40272" y="63.693383" />
                  <PolyStepSegment x="100.005721" y="63.748907" />
                  <PolyStepSegment x="100.258357" y="65.084269" />
                  <PolyStepSegment x="101.557628" y="65.084269" />
                  <PolyStepSegment x="101.557628" y="64.623417" />
                </Polygon>
              </Contour>
            </Features>
            <Features>
              <Contour>
                <Polygon>
                  <PolyBegin x="102.795822" y="65.123136" />
                  <PolyStepSegment x="102.820808" y="65.123136" />
                  <PolyStepSegment x="102.851346" y="65.117584" />
                  <PolyStepSegment x="102.887437" y="65.112031" />
                  <PolyStepSegment x="102.92908" y="65.103703" />
                  <PolyStepSegment x="102.9735" y="65.092598" />
                  <PolyStepSegment x="103.017919" y="65.078717" />
                  <PolyStepSegment x="103.065115" y="65.062059" />
                  <PolyStepSegment x="103.115087" y="65.03985" />
                  <PolyStepSegment x="103.162283" y="65.014864" />
                  <PolyStepSegment x="103.209479" y="64.984325" />
                  <PolyStepSegment x="103.256674" y="64.948234" />
                  <PolyStepSegment x="103.301094" y="64.906591" />
                  <PolyStepSegment x="103.342737" y="64.859395" />
                  <PolyStepSegment x="103.345513" y="64.856619" />
                  <PolyStepSegment x="103.353842" y="64.845514" />
                  <PolyStepSegment x="103.364947" y="64.826081" />
                  <PolyStepSegment x="103.381604" y="64.798318" />
                  <PolyStepSegment x="103.401038" y="64.765004" />
                  <PolyStepSegment x="103.423248" y="64.720584" />
                  <PolyStepSegment x="103.445457" y="64.670612" />
                  <PolyStepSegment x="103.467667" y="64.609535" />
                  <PolyStepSegment x="103.489877" y="64.542906" />
                  <PolyStepSegment x="103.514863" y="64.465172" />
                  <PolyStepSegment x="103.534296" y="64.379109" />
                  <PolyStepSegment x="103.55373" y="64.284718" />
                  <PolyStepSegment x="103.570387" y="64.181998" />
                  <PolyStepSegment x="103.581492" y="64.068173" />
                  <PolyStepSegment x="103.589821" y="63.946019" />
                  <PolyStepSegment x="103.592597" y="63.815537" />
                  <PolyStepSegment x="103.592597" y="63.81276" />
                  <PolyStepSegment x="103.592597" y="63.807208" />
                  <PolyStepSegment x="103.592597" y="63.796103" />
                  <PolyStepSegment x="103.592597" y="63.784998" />
                  <PolyStepSegment x="103.592597" y="63.765565" />
                  <PolyStepSegment x="103.589821" y="63.746131" />
                  <PolyStepSegment x="103.589821" y="63.723921" />
                  <PolyStepSegment x="103.589821" y="63.696159" />
                  <PolyStepSegment x="103.584268" y="63.637858" />
                  <PolyStepSegment x="103.578716" y="63.568453" />
                  <PolyStepSegment x="103.570387" y="63.493495" />
                  <PolyStepSegment x="103.562059" y="63.412985" />
                  <PolyStepSegment x="103.548177" y="63.326922" />
                  <PolyStepSegment x="103.53152" y="63.240859" />
                  <PolyStepSegment x="103.50931" y="63.15202" />
                  <PolyStepSegment x="103.487101" y="63.065957" />
                  <PolyStepSegment x="103.456562" y="62.985447" />
                  <PolyStepSegment x="103.423248" y="62.904936" />
                  <PolyStepSegment x="103.38438" y="62.832755" />
                  <PolyStepSegment x="103.339961" y="62.768902" />
                  <PolyStepSegment x="103.337185" y="62.766125" />
                  <PolyStepSegment x="103.331632" y="62.757797" />
                  <PolyStepSegment x="103.317751" y="62.743916" />
                  <PolyStepSegment x="103.301094" y="62.727258" />
                  <PolyStepSegment x="103.28166" y="62.707825" />
                  <PolyStepSegment x="103.253898" y="62.685615" />
                  <PolyStepSegment x="103.22336" y="62.663405" />
                  <PolyStepSegment x="103.190045" y="62.638419" />
                  <PolyStepSegment x="103.151178" y="62.613433" />
                  <PolyStepSegment x="103.106758" y="62.591224" />
                  <PolyStepSegment x="103.059563" y="62.569014" />
                  <PolyStepSegment x="103.006815" y="62.54958" />
                  <PolyStepSegment x="102.95129" y="62.532923" />
                  <PolyStepSegment x="102.890213" y="62.519042" />
                  <PolyStepSegment x="102.82636" y="62.510713" />
                  <PolyStepSegment x="102.759731" y="62.507937" />
                  <PolyStepSegment x="102.743074" y="62.507937" />
                  <PolyStepSegment x="102.72364" y="62.510713" />
                  <PolyStepSegment x="102.698654" y="62.513489" />
                  <PolyStepSegment x="102.66534" y="62.516266" />
                  <PolyStepSegment x="102.629249" y="62.521818" />
                  <PolyStepSegment x="102.587605" y="62.532923" />
                  <PolyStepSegment x="102.543186" y="62.544028" />
                  <PolyStepSegment x="102.49599" y="62.557909" />
                  <PolyStepSegment x="102.448794" y="62.577342" />
                  <PolyStepSegment x="102.398822" y="62.602328" />
                  <PolyStepSegment x="102.34885" y="62.627314" />
                  <PolyStepSegment x="102.298878" y="62.660629" />
                  <PolyStepSegment x="102.248906" y="62.699496" />
                  <PolyStepSegment x="102.201711" y="62.743916" />
                  <PolyStepSegment x="102.157291" y="62.793888" />
                  <PolyStepSegment x="102.154515" y="62.796664" />
                  <PolyStepSegment x="102.148963" y="62.807769" />
                  <PolyStepSegment x="102.135081" y="62.824426" />
                  <PolyStepSegment x="102.1212" y="62.849412" />
                  <PolyStepSegment x="102.104543" y="62.882727" />
                  <PolyStepSegment x="102.08511" y="62.92437" />
                  <PolyStepSegment x="102.065676" y="62.974342" />
                  <PolyStepSegment x="102.043466" y="63.029866" />
                  <PolyStepSegment x="102.021256" y="63.096496" />
                  <PolyStepSegment x="102.001823" y="63.171454" />
                  <PolyStepSegment x="101.982389" y="63.25474" />
                  <PolyStepSegment x="101.965732" y="63.349132" />
                  <PolyStepSegment x="101.951851" y="63.451852" />
                  <PolyStepSegment x="101.940746" y="63.565677" />
                  <PolyStepSegment x="101.932417" y="63.68783" />
                  <PolyStepSegment x="101.929641" y="63.821089" />
                  <PolyStepSegment x="101.929641" y="63.823865" />
                  <PolyStepSegment x="101.929641" y="63.829418" />
                  <PolyStepSegment x="101.929641" y="63.840523" />
                  <PolyStepSegment x="101.929641" y="63.851627" />
                  <PolyStepSegment x="101.929641" y="63.871061" />
                  <PolyStepSegment x="101.932417" y="63.890495" />
                  <PolyStepSegment x="101.932417" y="63.912704" />
                  <PolyStepSegment x="101.932417" y="63.93769" />
                  <PolyStepSegment x="101.93797" y="63.998767" />
                  <PolyStepSegment x="101.943522" y="64.065396" />
                  <PolyStepSegment x="101.951851" y="64.140354" />
                  <PolyStepSegment x="101.96018" y="64.220865" />
                  <PolyStepSegment x="101.974061" y="64.306928" />
                  <PolyStepSegment x="101.990718" y="64.39299" />
                  <PolyStepSegment x="102.010152" y="64.479053" />
                  <PolyStepSegment x="102.035138" y="64.565116" />
                  <PolyStepSegment x="102.0629" y="64.648403" />
                  <PolyStepSegment x="102.096214" y="64.726137" />
                  <PolyStepSegment x="102.135081" y="64.798318" />
                  <PolyStepSegment x="102.179501" y="64.862172" />
                  <PolyStepSegment x="102.182277" y="64.864948" />
                  <PolyStepSegment x="102.190606" y="64.873276" />
                  <PolyStepSegment x="102.201711" y="64.887158" />
                  <PolyStepSegment x="102.218368" y="64.903815" />
                  <PolyStepSegment x="102.240578" y="64.923248" />
                  <PolyStepSegment x="102.265564" y="64.945458" />
                  <PolyStepSegment x="102.296102" y="64.970444" />
                  <PolyStepSegment x="102.329417" y="64.99543" />
                  <PolyStepSegment x="102.368284" y="65.01764" />
                  <PolyStepSegment x="102.412703" y="65.042626" />
                  <PolyStepSegment x="102.459899" y="65.064836" />
                  <PolyStepSegment x="102.512647" y="65.084269" />
                  <PolyStepSegment x="102.568172" y="65.100926" />
                  <PolyStepSegment x="102.629249" y="65.114808" />
                  <PolyStepSegment x="102.693102" y="65.123136" />
                  <PolyStepSegment x="102.759731" y="65.125912" />
                  <PolyStepSegment x="102.776388" y="65.125912" />
                  <PolyStepSegment x="102.795822" y="65.123136" />
                </Polygon>
                <Cutout>
                  <PolyBegin x="102.759731" y="64.717808" />
                  <PolyStepSegment x="102.74585" y="64.717808" />
                  <PolyStepSegment x="102.729193" y="64.715032" />
                  <PolyStepSegment x="102.706983" y="64.709479" />
                  <PolyStepSegment x="102.681997" y="64.703927" />
                  <PolyStepSegment x="102.654235" y="64.692822" />
                  <PolyStepSegment x="102.629249" y="64.678941" />
                  <PolyStepSegment x="102.601486" y="64.659507" />
                  <PolyStepSegment x="102.59871" y="64.656731" />
                  <PolyStepSegment x="102.590382" y="64.648403" />
                  <PolyStepSegment x="102.5765" y="64.634521" />
                  <PolyStepSegment x="102.562619" y="64.612312" />
                  <PolyStepSegment x="102.545962" y="64.58455" />
                  <PolyStepSegment x="102.526528" y="64.551235" />
                  <PolyStepSegment x="102.509871" y="64.506815" />
                  <PolyStepSegment x="102.493214" y="64.456843" />
                  <PolyStepSegment x="102.493214" y="64.454067" />
                  <PolyStepSegment x="102.490438" y="64.448515" />
                  <PolyStepSegment x="102.487661" y="64.43741" />
                  <PolyStepSegment x="102.484885" y="64.420753" />
                  <PolyStepSegment x="102.482109" y="64.398543" />
                  <PolyStepSegment x="102.476557" y="64.373557" />
                  <PolyStepSegment x="102.47378" y="64.340242" />
                  <PolyStepSegment x="102.468228" y="64.304151" />
                  <PolyStepSegment x="102.462675" y="64.262508" />
                  <PolyStepSegment x="102.459899" y="64.215312" />
                  <PolyStepSegment x="102.454347" y="64.162564" />
                  <PolyStepSegment x="102.451571" y="64.104263" />
                  <PolyStepSegment x="102.448794" y="64.043187" />
                  <PolyStepSegment x="102.446018" y="63.971005" />
                  <PolyStepSegment x="102.443242" y="63.896047" />
                  <PolyStepSegment x="102.443242" y="63.815537" />
                  <PolyStepSegment x="102.443242" y="63.809984" />
                  <PolyStepSegment x="102.443242" y="63.796103" />
                  <PolyStepSegment x="102.443242" y="63.773893" />
                  <PolyStepSegment x="102.443242" y="63.743355" />
                  <PolyStepSegment x="102.446018" y="63.704488" />
                  <PolyStepSegment x="102.446018" y="63.662844" />
                  <PolyStepSegment x="102.446018" y="63.618425" />
                  <PolyStepSegment x="102.448794" y="63.568453" />
                  <PolyStepSegment x="102.454347" y="63.465733" />
                  <PolyStepSegment x="102.462675" y="63.363013" />
                  <PolyStepSegment x="102.468228" y="63.313041" />
                  <PolyStepSegment x="102.47378" y="63.268621" />
                  <PolyStepSegment x="102.479333" y="63.229754" />
                  <PolyStepSegment x="102.487661" y="63.193663" />
                  <PolyStepSegment x="102.487661" y="63.190887" />
                  <PolyStepSegment x="102.490438" y="63.185335" />
                  <PolyStepSegment x="102.493214" y="63.177006" />
                  <PolyStepSegment x="102.49599" y="63.165901" />
                  <PolyStepSegment x="102.504319" y="63.138139" />
                  <PolyStepSegment x="102.5182" y="63.104824" />
                  <PolyStepSegment x="102.534857" y="63.065957" />
                  <PolyStepSegment x="102.554291" y="63.029866" />
                  <PolyStepSegment x="102.5765" y="62.996552" />
                  <PolyStepSegment x="102.601486" y="62.971566" />
                  <PolyStepSegment x="102.604263" y="62.968789" />
                  <PolyStepSegment x="102.612591" y="62.963237" />
                  <PolyStepSegment x="102.629249" y="62.954908" />
                  <PolyStepSegment x="102.648682" y="62.943803" />
                  <PolyStepSegment x="102.670892" y="62.932699" />
                  <PolyStepSegment x="102.698654" y="62.92437" />
                  <PolyStepSegment x="102.726416" y="62.918818" />
                  <PolyStepSegment x="102.759731" y="62.916041" />
                  <PolyStepSegment x="102.773612" y="62.916041" />
                  <PolyStepSegment x="102.790269" y="62.918818" />
                  <PolyStepSegment x="102.812479" y="62.92437" />
                  <PolyStepSegment x="102.837465" y="62.929922" />
                  <PolyStepSegment x="102.865227" y="62.938251" />
                  <PolyStepSegment x="102.890213" y="62.952132" />
                  <PolyStepSegment x="102.917976" y="62.971566" />
                  <PolyStepSegment x="102.920752" y="62.974342" />
                  <PolyStepSegment x="102.92908" y="62.982671" />
                  <PolyStepSegment x="102.942962" y="62.996552" />
                  <PolyStepSegment x="102.956843" y="63.018761" />
                  <PolyStepSegment x="102.976276" y="63.046524" />
                  <PolyStepSegment x="102.992933" y="63.079838" />
                  <PolyStepSegment x="103.009591" y="63.124258" />
                  <PolyStepSegment x="103.026248" y="63.17423" />
                  <PolyStepSegment x="103.026248" y="63.177006" />
                  <PolyStepSegment x="103.029024" y="63.182558" />
                  <PolyStepSegment x="103.031801" y="63.193663" />
                  <PolyStepSegment x="103.034577" y="63.210321" />
                  <PolyStepSegment x="103.037353" y="63.23253" />
                  <PolyStepSegment x="103.042905" y="63.257516" />
                  <PolyStepSegment x="103.048458" y="63.288055" />
                  <PolyStepSegment x="103.05401" y="63.324146" />
                  <PolyStepSegment x="103.056787" y="63.365789" />
                  <PolyStepSegment x="103.062339" y="63.412985" />
                  <PolyStepSegment x="103.067891" y="63.465733" />
                  <PolyStepSegment x="103.070668" y="63.524033" />
                  <PolyStepSegment x="103.073444" y="63.587887" />
                  <PolyStepSegment x="103.07622" y="63.657292" />
                  <PolyStepSegment x="103.078996" y="63.735026" />
                  <PolyStepSegment x="103.078996" y="63.815537" />
                  <PolyStepSegment x="103.078996" y="63.821089" />
                  <PolyStepSegment x="103.078996" y="63.83497" />
                  <PolyStepSegment x="103.078996" y="63.85718" />
                  <PolyStepSegment x="103.078996" y="63.887718" />
                  <PolyStepSegment x="103.078996" y="63.923809" />
                  <PolyStepSegment x="103.07622" y="63.968229" />
                  <PolyStepSegment x="103.07622" y="64.012648" />
                  <PolyStepSegment x="103.073444" y="64.06262" />
                  <PolyStepSegment x="103.067891" y="64.16534" />
                  <PolyStepSegment x="103.059563" y="64.265284" />
                  <PolyStepSegment x="103.05401" y="64.315256" />
                  <PolyStepSegment x="103.048458" y="64.359676" />
                  <PolyStepSegment x="103.040129" y="64.398543" />
                  <PolyStepSegment x="103.031801" y="64.434634" />
                  <PolyStepSegment x="103.031801" y="64.43741" />
                  <PolyStepSegment x="103.029024" y="64.442962" />
                  <PolyStepSegment x="103.026248" y="64.451291" />
                  <PolyStepSegment x="103.023472" y="64.462396" />
                  <PolyStepSegment x="103.015143" y="64.490158" />
                  <PolyStepSegment x="103.001262" y="64.526249" />
                  <PolyStepSegment x="102.984605" y="64.565116" />
                  <PolyStepSegment x="102.965171" y="64.601207" />
                  <PolyStepSegment x="102.942962" y="64.634521" />
                  <PolyStepSegment x="102.917976" y="64.659507" />
                  <PolyStepSegment x="102.915199" y="64.662284" />
                  <PolyStepSegment x="102.906871" y="64.667836" />
                  <PolyStepSegment x="102.890213" y="64.678941" />
                  <PolyStepSegment x="102.873556" y="64.690046" />
                  <PolyStepSegment x="102.84857" y="64.698375" />
                  <PolyStepSegment x="102.820808" y="64.709479" />
                  <PolyStepSegment x="102.793046" y="64.715032" />
                  <PolyStepSegment x="102.759731" y="64.717808" />
                </Cutout>
              </Contour>
            </Features>
            <Features>
              <Contour>
                <Polygon>
                  <PolyBegin x="106.213349" y="65.156451" />
                  <PolyStepSegment x="106.252216" y="65.153675" />
                  <PolyStepSegment x="106.299411" y="65.148122" />
                  <PolyStepSegment x="106.354936" y="65.139794" />
                  <PolyStepSegment x="106.416013" y="65.128689" />
                  <PolyStepSegment x="106.482642" y="65.114808" />
                  <PolyStepSegment x="106.554824" y="65.095374" />
                  <PolyStepSegment x="106.627005" y="65.073164" />
                  <PolyStepSegment x="106.701963" y="65.045402" />
                  <PolyStepSegment x="106.779698" y="65.009311" />
                  <PolyStepSegment x="106.854655" y="64.970444" />
                  <PolyStepSegment x="106.926837" y="64.923248" />
                  <PolyStepSegment x="106.996243" y="64.867724" />
                  <PolyStepSegment x="107.062872" y="64.806647" />
                  <PolyStepSegment x="107.065648" y="64.803871" />
                  <PolyStepSegment x="107.076753" y="64.78999" />
                  <PolyStepSegment x="107.09341" y="64.770556" />
                  <PolyStepSegment x="107.11562" y="64.742794" />
                  <PolyStepSegment x="107.143382" y="64.706703" />
                  <PolyStepSegment x="107.171145" y="64.662284" />
                  <PolyStepSegment x="107.201683" y="64.612312" />
                  <PolyStepSegment x="107.234998" y="64.551235" />
                  <PolyStepSegment x="107.265536" y="64.487382" />
                  <PolyStepSegment x="107.296074" y="64.412424" />
                  <PolyStepSegment x="107.326613" y="64.331914" />
                  <PolyStepSegment x="107.351599" y="64.245851" />
                  <PolyStepSegment x="107.373809" y="64.151459" />
                  <PolyStepSegment x="107.390466" y="64.051515" />
                  <PolyStepSegment x="107.401571" y="63.943243" />
                  <PolyStepSegment x="107.404347" y="63.829418" />
                  <PolyStepSegment x="107.404347" y="63.826641" />
                  <PolyStepSegment x="107.404347" y="63.821089" />
                  <PolyStepSegment x="107.404347" y="63.81276" />
                  <PolyStepSegment x="107.404347" y="63.801655" />
                  <PolyStepSegment x="107.404347" y="63.787774" />
                  <PolyStepSegment x="107.401571" y="63.771117" />
                  <PolyStepSegment x="107.398795" y="63.726698" />
                  <PolyStepSegment x="107.393242" y="63.673949" />
                  <PolyStepSegment x="107.38769" y="63.615649" />
                  <PolyStepSegment x="107.376585" y="63.546243" />
                  <PolyStepSegment x="107.362704" y="63.474062" />
                  <PolyStepSegment x="107.34327" y="63.399104" />
                  <PolyStepSegment x="107.32106" y="63.318593" />
                  <PolyStepSegment x="107.293298" y="63.238083" />
                  <PolyStepSegment x="107.26276" y="63.157572" />
                  <PolyStepSegment x="107.223893" y="63.077062" />
                  <PolyStepSegment x="107.176697" y="62.999328" />
                  <PolyStepSegment x="107.126725" y="62.927146" />
                  <PolyStepSegment x="107.065648" y="62.857741" />
                  <PolyStepSegment x="107.062872" y="62.854964" />
                  <PolyStepSegment x="107.048991" y="62.84386" />
                  <PolyStepSegment x="107.032334" y="62.824426" />
                  <PolyStepSegment x="107.004571" y="62.802216" />
                  <PolyStepSegment x="106.971257" y="62.77723" />
                  <PolyStepSegment x="106.929613" y="62.746692" />
                  <PolyStepSegment x="106.882418" y="62.716153" />
                  <PolyStepSegment x="106.826893" y="62.682839" />
                  <PolyStepSegment x="106.765816" y="62.649524" />
                  <PolyStepSegment x="106.699187" y="62.618986" />
                  <PolyStepSegment x="106.624229" y="62.588447" />
                  <PolyStepSegment x="106.543719" y="62.563461" />
                  <PolyStepSegment x="106.457656" y="62.541252" />
                  <PolyStepSegment x="106.366041" y="62.521818" />
                  <PolyStepSegment x="106.266097" y="62.510713" />
                  <PolyStepSegment x="106.163377" y="62.507937" />
                  <PolyStepSegment x="106.138391" y="62.507937" />
                  <PolyStepSegment x="106.107852" y="62.510713" />
                  <PolyStepSegment x="106.068985" y="62.513489" />
                  <PolyStepSegment x="106.021789" y="62.519042" />
                  <PolyStepSegment x="105.963489" y="62.52737" />
                  <PolyStepSegment x="105.902412" y="62.535699" />
                  <PolyStepSegment x="105.835783" y="62.552356" />
                  <PolyStepSegment x="105.763601" y="62.569014" />
                  <PolyStepSegment x="105.691419" y="62.594" />
                  <PolyStepSegment x="105.613685" y="62.621762" />
                  <PolyStepSegment x="105.538727" y="62.655077" />
                  <PolyStepSegment x="105.463769" y="62.693944" />
                  <PolyStepSegment x="105.391588" y="62.741139" />
                  <PolyStepSegment x="105.322182" y="62.793888" />
                  <PolyStepSegment x="105.255553" y="62.854964" />
                  <PolyStepSegment x="105.252777" y="62.860517" />
                  <PolyStepSegment x="105.241672" y="62.871622" />
                  <PolyStepSegment x="105.225014" y="62.891055" />
                  <PolyStepSegment x="105.202805" y="62.918818" />
                  <PolyStepSegment x="105.177819" y="62.954908" />
                  <PolyStepSegment x="105.150056" y="62.999328" />
                  <PolyStepSegment x="105.119518" y="63.0493" />
                  <PolyStepSegment x="105.08898" y="63.1076" />
                  <PolyStepSegment x="105.055665" y="63.171454" />
                  <PolyStepSegment x="105.025126" y="63.243635" />
                  <PolyStepSegment x="104.997364" y="63.321369" />
                  <PolyStepSegment x="104.972378" y="63.407432" />
                  <PolyStepSegment x="104.950169" y="63.499047" />
                  <PolyStepSegment x="104.933511" y="63.598991" />
                  <PolyStepSegment x="104.922406" y="63.704488" />
                  <PolyStepSegment x="104.91963" y="63.815537" />
                  <PolyStepSegment x="104.91963" y="63.821089" />
                  <PolyStepSegment x="104.91963" y="63.832194" />
                  <PolyStepSegment x="104.91963" y="63.854404" />
                  <PolyStepSegment x="104.922406" y="63.882166" />
                  <PolyStepSegment x="104.922406" y="63.91548" />
                  <PolyStepSegment x="104.925183" y="63.954348" />
                  <PolyStepSegment x="104.930735" y="63.995991" />
                  <PolyStepSegment x="104.933511" y="64.045963" />
                  <PolyStepSegment x="104.94184" y="64.095935" />
                  <PolyStepSegment x="104.947392" y="64.148683" />
                  <PolyStepSegment x="104.969602" y="64.259732" />
                  <PolyStepSegment x="104.997364" y="64.368004" />
                  <PolyStepSegment x="105.016798" y="64.423529" />
                  <PolyStepSegment x="105.036231" y="64.473501" />
                  <PolyStepSegment x="105.036231" y="64.476277" />
                  <PolyStepSegment x="105.039008" y="64.481829" />
                  <PolyStepSegment x="105.04456" y="64.492934" />
                  <PolyStepSegment x="105.052889" y="64.506815" />
                  <PolyStepSegment x="105.061217" y="64.523473" />
                  <PolyStepSegment x="105.072322" y="64.542906" />
                  <PolyStepSegment x="105.097308" y="64.592878" />
                  <PolyStepSegment x="105.130623" y="64.645626" />
                  <PolyStepSegment x="105.172266" y="64.706703" />
                  <PolyStepSegment x="105.219462" y="64.765004" />
                  <PolyStepSegment x="105.27221" y="64.826081" />
                  <PolyStepSegment x="105.274986" y="64.828857" />
                  <PolyStepSegment x="105.280539" y="64.831633" />
                  <PolyStepSegment x="105.288867" y="64.839962" />
                  <PolyStepSegment x="105.299972" y="64.851067" />
                  <PolyStepSegment x="105.313853" y="64.864948" />
                  <PolyStepSegment x="105.330511" y="64.878829" />
                  <PolyStepSegment x="105.372154" y="64.912143" />
                  <PolyStepSegment x="105.41935" y="64.951011" />
                  <PolyStepSegment x="105.47765" y="64.989878" />
                  <PolyStepSegment x="105.538727" y="65.025968" />
                  <PolyStepSegment x="105.605356" y="65.056507" />
                  <PolyStepSegment x="105.608133" y="65.056507" />
                  <PolyStepSegment x="105.616461" y="65.062059" />
                  <PolyStepSegment x="105.630342" y="65.064836" />
                  <PolyStepSegment x="105.647" y="65.073164" />
                  <PolyStepSegment x="105.66921" y="65.081493" />
                  <PolyStepSegment x="105.696972" y="65.089822" />
                  <PolyStepSegment x="105.72751" y="65.09815" />
                  <PolyStepSegment x="105.763601" y="65.109255" />
                  <PolyStepSegment x="105.802468" y="65.117584" />
                  <PolyStepSegment x="105.844111" y="65.125912" />
                  <PolyStepSegment x="105.891307" y="65.134241" />
                  <PolyStepSegment x="105.938503" y="65.14257" />
                  <PolyStepSegment x="106.043999" y="65.153675" />
                  <PolyStepSegment x="106.157824" y="65.159227" />
                  <PolyStepSegment x="106.18281" y="65.159227" />
                  <PolyStepSegment x="106.213349" y="65.156451" />
                </Polygon>
                <Cutout>
                  <PolyBegin x="106.163377" y="64.717808" />
                  <PolyStepSegment x="106.132838" y="64.717808" />
                  <PolyStepSegment x="106.110629" y="64.715032" />
                  <PolyStepSegment x="106.082866" y="64.712256" />
                  <PolyStepSegment x="106.052328" y="64.706703" />
                  <PolyStepSegment x="106.016237" y="64.698375" />
                  <PolyStepSegment x="105.980146" y="64.690046" />
                  <PolyStepSegment x="105.938503" y="64.678941" />
                  <PolyStepSegment x="105.89686" y="64.66506" />
                  <PolyStepSegment x="105.855216" y="64.645626" />
                  <PolyStepSegment x="105.810797" y="64.623417" />
                  <PolyStepSegment x="105.769153" y="64.598431" />
                  <PolyStepSegment x="105.724734" y="64.567892" />
                  <PolyStepSegment x="105.685867" y="64.534578" />
                  <PolyStepSegment x="105.647" y="64.49571" />
                  <PolyStepSegment x="105.644224" y="64.492934" />
                  <PolyStepSegment x="105.638671" y="64.484606" />
                  <PolyStepSegment x="105.630342" y="64.473501" />
                  <PolyStepSegment x="105.616461" y="64.454067" />
                  <PolyStepSegment x="105.60258" y="64.431857" />
                  <PolyStepSegment x="105.585923" y="64.404095" />
                  <PolyStepSegment x="105.569266" y="64.370781" />
                  <PolyStepSegment x="105.549832" y="64.331914" />
                  <PolyStepSegment x="105.533175" y="64.287494" />
                  <PolyStepSegment x="105.513741" y="64.237522" />
                  <PolyStepSegment x="105.497084" y="64.184774" />
                  <PolyStepSegment x="105.483203" y="64.123697" />
                  <PolyStepSegment x="105.469322" y="64.059844" />
                  <PolyStepSegment x="105.460993" y="63.990438" />
                  <PolyStepSegment x="105.455441" y="63.91548" />
                  <PolyStepSegment x="105.452664" y="63.83497" />
                  <PolyStepSegment x="105.452664" y="63.829418" />
                  <PolyStepSegment x="105.452664" y="63.815537" />
                  <PolyStepSegment x="105.455441" y="63.793327" />
                  <PolyStepSegment x="105.455441" y="63.762788" />
                  <PolyStepSegment x="105.458217" y="63.726698" />
                  <PolyStepSegment x="105.463769" y="63.685054" />
                  <PolyStepSegment x="105.469322" y="63.637858" />
                  <PolyStepSegment x="105.47765" y="63.587887" />
                  <PolyStepSegment x="105.488755" y="63.535138" />
                  <PolyStepSegment x="105.502636" y="63.48239" />
                  <PolyStepSegment x="105.516517" y="63.426866" />
                  <PolyStepSegment x="105.535951" y="63.371341" />
                  <PolyStepSegment x="105.560937" y="63.318593" />
                  <PolyStepSegment x="105.585923" y="63.268621" />
                  <PolyStepSegment x="105.616461" y="63.218649" />
                  <PolyStepSegment x="105.652552" y="63.17423" />
                  <PolyStepSegment x="105.655328" y="63.171454" />
                  <PolyStepSegment x="105.660881" y="63.165901" />
                  <PolyStepSegment x="105.671986" y="63.154796" />
                  <PolyStepSegment x="105.688643" y="63.138139" />
                  <PolyStepSegment x="105.708077" y="63.121482" />
                  <PolyStepSegment x="105.733063" y="63.102048" />
                  <PolyStepSegment x="105.760825" y="63.082614" />
                  <PolyStepSegment x="105.791363" y="63.063181" />
                  <PolyStepSegment x="105.827454" y="63.040971" />
                  <PolyStepSegment x="105.866321" y="63.021538" />
                  <PolyStepSegment x="105.907964" y="63.002104" />
                  <PolyStepSegment x="105.952384" y="62.985447" />
                  <PolyStepSegment x="105.99958" y="62.971566" />
                  <PolyStepSegment x="106.052328" y="62.960461" />
                  <PolyStepSegment x="106.107852" y="62.952132" />
                  <PolyStepSegment x="106.163377" y="62.949356" />
                  <PolyStepSegment x="106.177258" y="62.949356" />
                  <PolyStepSegment x="106.193915" y="62.952132" />
                  <PolyStepSegment x="106.216125" y="62.952132" />
                  <PolyStepSegment x="106.241111" y="62.954908" />
                  <PolyStepSegment x="106.271649" y="62.960461" />
                  <PolyStepSegment x="106.304964" y="62.968789" />
                  <PolyStepSegment x="106.343831" y="62.977118" />
                  <PolyStepSegment x="106.382698" y="62.988223" />
                  <PolyStepSegment x="106.421565" y="63.00488" />
                  <PolyStepSegment x="106.465985" y="63.021538" />
                  <PolyStepSegment x="106.507628" y="63.043747" />
                  <PolyStepSegment x="106.549271" y="63.068733" />
                  <PolyStepSegment x="106.590915" y="63.099272" />
                  <PolyStepSegment x="106.632558" y="63.132586" />
                  <PolyStepSegment x="106.671425" y="63.171454" />
                  <PolyStepSegment x="106.674201" y="63.17423" />
                  <PolyStepSegment x="106.679754" y="63.182558" />
                  <PolyStepSegment x="106.690858" y="63.193663" />
                  <PolyStepSegment x="106.701963" y="63.213097" />
                  <PolyStepSegment x="106.718621" y="63.235307" />
                  <PolyStepSegment x="106.735278" y="63.265845" />
                  <PolyStepSegment x="106.751935" y="63.29916" />
                  <PolyStepSegment x="106.771369" y="63.338027" />
                  <PolyStepSegment x="106.790802" y="63.382446" />
                  <PolyStepSegment x="106.80746" y="63.432418" />
                  <PolyStepSegment x="106.824117" y="63.487943" />
                  <PolyStepSegment x="106.840774" y="63.546243" />
                  <PolyStepSegment x="106.851879" y="63.612873" />
                  <PolyStepSegment x="106.862984" y="63.682278" />
                  <PolyStepSegment x="106.868537" y="63.760012" />
                  <PolyStepSegment x="106.871313" y="63.840523" />
                  <PolyStepSegment x="106.871313" y="63.846075" />
                  <PolyStepSegment x="106.871313" y="63.859956" />
                  <PolyStepSegment x="106.871313" y="63.882166" />
                  <PolyStepSegment x="106.868537" y="63.912704" />
                  <PolyStepSegment x="106.86576" y="63.948795" />
                  <PolyStepSegment x="106.860208" y="63.990438" />
                  <PolyStepSegment x="106.854655" y="64.037634" />
                  <PolyStepSegment x="106.846327" y="64.087606" />
                  <PolyStepSegment x="106.837998" y="64.140354" />
                  <PolyStepSegment x="106.824117" y="64.195879" />
                  <PolyStepSegment x="106.80746" y="64.251403" />
                  <PolyStepSegment x="106.790802" y="64.304151" />
                  <PolyStepSegment x="106.765816" y="64.356899" />
                  <PolyStepSegment x="106.74083" y="64.406871" />
                  <PolyStepSegment x="106.710292" y="64.456843" />
                  <PolyStepSegment x="106.676977" y="64.498487" />
                  <PolyStepSegment x="106.674201" y="64.501263" />
                  <PolyStepSegment x="106.668649" y="64.506815" />
                  <PolyStepSegment x="106.657544" y="64.51792" />
                  <PolyStepSegment x="106.640887" y="64.531801" />
                  <PolyStepSegment x="106.621453" y="64.548459" />
                  <PolyStepSegment x="106.599243" y="64.567892" />
                  <PolyStepSegment x="106.571481" y="64.587326" />
                  <PolyStepSegment x="106.540943" y="64.609535" />
                  <PolyStepSegment x="106.504852" y="64.628969" />
                  <PolyStepSegment x="106.465985" y="64.648403" />
                  <PolyStepSegment x="106.424341" y="64.667836" />
                  <PolyStepSegment x="106.377146" y="64.684493" />
                  <PolyStepSegment x="106.32995" y="64.698375" />
                  <PolyStepSegment x="106.277202" y="64.709479" />
                  <PolyStepSegment x="106.221677" y="64.715032" />
                  <PolyStepSegment x="106.163377" y="64.717808" />
                </Cutout>
              </Contour>
            </Features>
            <Features>
              <Contour>
                <Polygon>
                  <PolyBegin x="109.858526" y="62.555133" />
                  <PolyStepSegment x="109.342149" y="62.555133" />
                  <PolyStepSegment x="109.342149" y="63.676726" />
                  <PolyStepSegment x="108.326052" y="63.676726" />
                  <PolyStepSegment x="108.326052" y="62.555133" />
                  <PolyStepSegment x="107.809675" y="62.555133" />
                  <PolyStepSegment x="107.809675" y="65.117584" />
                  <PolyStepSegment x="108.326052" y="65.117584" />
                  <PolyStepSegment x="108.326052" y="64.109816" />
                  <PolyStepSegment x="109.342149" y="64.109816" />
                  <PolyStepSegment x="109.342149" y="65.117584" />
                  <PolyStepSegment x="109.858526" y="65.117584" />
                  <PolyStepSegment x="109.858526" y="62.555133" />
                </Polygon>
              </Contour>
            </Features>
            <Features>
              <Contour>
                <Polygon>
                  <PolyBegin x="112.856843" y="62.555133" />
                  <PolyStepSegment x="112.379333" y="62.555133" />
                  <PolyStepSegment x="112.376557" y="64.570668" />
                  <PolyStepSegment x="111.871285" y="62.555133" />
                  <PolyStepSegment x="111.371565" y="62.555133" />
                  <PolyStepSegment x="110.866293" y="64.570668" />
                  <PolyStepSegment x="110.866293" y="62.555133" />
                  <PolyStepSegment x="110.388784" y="62.555133" />
                  <PolyStepSegment x="110.388784" y="65.117584" />
                  <PolyStepSegment x="111.163349" y="65.117584" />
                  <PolyStepSegment x="111.624201" y="63.368565" />
                  <PolyStepSegment x="112.079502" y="65.117584" />
                  <PolyStepSegment x="112.856843" y="65.117584" />
                  <PolyStepSegment x="112.856843" y="62.555133" />
                </Polygon>
              </Contour>
            </Features>
            <Features>
              <Contour>
                <Polygon>
                  <PolyBegin x="114.808526" y="61.800001" />
                  <PolyStepSegment x="114.419855" y="61.800001" />
                  <PolyStepSegment x="114.419855" y="65.159227" />
                  <PolyStepSegment x="114.808526" y="65.159227" />
                  <PolyStepSegment x="114.808526" y="61.800001" />
                </Polygon>
              </Contour>
            </Features>
            <Features>
              <Contour>
                <Polygon>
                  <PolyBegin x="115.810741" y="61.800001" />
                  <PolyStepSegment x="115.42207" y="61.800001" />
                  <PolyStepSegment x="115.42207" y="65.159227" />
                  <PolyStepSegment x="115.810741" y="65.159227" />
                  <PolyStepSegment x="115.810741" y="61.800001" />
                </Polygon>
              </Contour>
            </Features>
            <Features>
              <Contour>
                <Polygon>
                  <PolyBegin x="118.167752" y="65.123136" />
                  <PolyStepSegment x="118.19829" y="65.12036" />
                  <PolyStepSegment x="118.234381" y="65.114808" />
                  <PolyStepSegment x="118.276025" y="65.109255" />
                  <PolyStepSegment x="118.320444" y="65.100926" />
                  <PolyStepSegment x="118.36764" y="65.089822" />
                  <PolyStepSegment x="118.414836" y="65.07594" />
                  <PolyStepSegment x="118.464808" y="65.059283" />
                  <PolyStepSegment x="118.514779" y="65.03985" />
                  <PolyStepSegment x="118.561975" y="65.014864" />
                  <PolyStepSegment x="118.609171" y="64.987101" />
                  <PolyStepSegment x="118.656367" y="64.956563" />
                  <PolyStepSegment x="118.69801" y="64.920472" />
                  <PolyStepSegment x="118.700786" y="64.917696" />
                  <PolyStepSegment x="118.706339" y="64.912143" />
                  <PolyStepSegment x="118.717444" y="64.898262" />
                  <PolyStepSegment x="118.731325" y="64.884381" />
                  <PolyStepSegment x="118.747982" y="64.864948" />
                  <PolyStepSegment x="118.767416" y="64.839962" />
                  <PolyStepSegment x="118.786849" y="64.8122" />
                  <PolyStepSegment x="118.809059" y="64.778885" />
                  <PolyStepSegment x="118.828492" y="64.74557" />
                  <PolyStepSegment x="118.847926" y="64.706703" />
                  <PolyStepSegment x="118.867359" y="64.66506" />
                  <PolyStepSegment x="118.884017" y="64.62064" />
                  <PolyStepSegment x="118.897898" y="64.570668" />
                  <PolyStepSegment x="118.909003" y="64.520696" />
                  <PolyStepSegment x="118.914555" y="64.467948" />
                  <PolyStepSegment x="118.917331" y="64.412424" />
                  <PolyStepSegment x="118.917331" y="64.409648" />
                  <PolyStepSegment x="118.917331" y="64.404095" />
                  <PolyStepSegment x="118.917331" y="64.395767" />
                  <PolyStepSegment x="118.917331" y="64.381885" />
                  <PolyStepSegment x="118.914555" y="64.368004" />
                  <PolyStepSegment x="118.914555" y="64.348571" />
                  <PolyStepSegment x="118.909003" y="64.306928" />
                  <PolyStepSegment x="118.900674" y="64.254179" />
                  <PolyStepSegment x="118.889569" y="64.198655" />
                  <PolyStepSegment x="118.875688" y="64.140354" />
                  <PolyStepSegment x="118.853478" y="64.082054" />
                  <PolyStepSegment x="118.853478" y="64.079277" />
                  <PolyStepSegment x="118.850702" y="64.076501" />
                  <PolyStepSegment x="118.847926" y="64.065396" />
                  <PolyStepSegment x="118.842373" y="64.054291" />
                  <PolyStepSegment x="118.834045" y="64.04041" />
                  <PolyStepSegment x="118.825716" y="64.023753" />
                  <PolyStepSegment x="118.806283" y="63.98211" />
                  <PolyStepSegment x="118.77852" y="63.934914" />
                  <PolyStepSegment x="118.745206" y="63.87939" />
                  <PolyStepSegment x="118.703562" y="63.818313" />
                  <PolyStepSegment x="118.656367" y="63.75446" />
                  <PolyStepSegment x="118.650814" y="63.748907" />
                  <PolyStepSegment x="118.639709" y="63.73225" />
                  <PolyStepSegment x="118.614723" y="63.707264" />
                  <PolyStepSegment x="118.584185" y="63.671173" />
                  <PolyStepSegment x="118.561975" y="63.648963" />
                  <PolyStepSegment x="118.539765" y="63.623977" />
                  <PolyStepSegment x="118.512003" y="63.598991" />
                  <PolyStepSegment x="118.484241" y="63.568453" />
                  <PolyStepSegment x="118.450926" y="63.537915" />
                  <PolyStepSegment x="118.414836" y="63.501824" />
                  <PolyStepSegment x="118.375968" y="63.465733" />
                  <PolyStepSegment x="118.334325" y="63.426866" />
                  <PolyStepSegment x="118.331549" y="63.42409" />
                  <PolyStepSegment x="118.32322" y="63.418537" />
                  <PolyStepSegment x="118.312115" y="63.407432" />
                  <PolyStepSegment x="118.298234" y="63.393551" />
                  <PolyStepSegment x="118.278801" y="63.376894" />
                  <PolyStepSegment x="118.256591" y="63.35746" />
                  <PolyStepSegment x="118.209395" y="63.313041" />
                  <PolyStepSegment x="118.159423" y="63.265845" />
                  <PolyStepSegment x="118.112228" y="63.218649" />
                  <PolyStepSegment x="118.090018" y="63.19644" />
                  <PolyStepSegment x="118.070584" y="63.177006" />
                  <PolyStepSegment x="118.053927" y="63.157572" />
                  <PolyStepSegment x="118.040046" y="63.143691" />
                  <PolyStepSegment x="118.03727" y="63.140915" />
                  <PolyStepSegment x="118.028941" y="63.132586" />
                  <PolyStepSegment x="118.017836" y="63.118705" />
                  <PolyStepSegment x="118.003955" y="63.102048" />
                  <PolyStepSegment x="117.990074" y="63.079838" />
                  <PolyStepSegment x="117.973417" y="63.057629" />
                  <PolyStepSegment x="117.940102" y="63.010433" />
                  <PolyStepSegment x="118.917331" y="63.010433" />
                  <PolyStepSegment x="118.917331" y="62.555133" />
                  <PolyStepSegment x="117.196075" y="62.555133" />
                  <PolyStepSegment x="117.196075" y="62.557909" />
                  <PolyStepSegment x="117.198851" y="62.566238" />
                  <PolyStepSegment x="117.198851" y="62.580119" />
                  <PolyStepSegment x="117.201627" y="62.599552" />
                  <PolyStepSegment x="117.20718" y="62.621762" />
                  <PolyStepSegment x="117.212732" y="62.649524" />
                  <PolyStepSegment x="117.218285" y="62.680063" />
                  <PolyStepSegment x="117.226613" y="62.713377" />
                  <PolyStepSegment x="117.248823" y="62.788335" />
                  <PolyStepSegment x="117.279362" y="62.871622" />
                  <PolyStepSegment x="117.315452" y="62.957685" />
                  <PolyStepSegment x="117.362648" y="63.043747" />
                  <PolyStepSegment x="117.365424" y="63.046524" />
                  <PolyStepSegment x="117.368201" y="63.054852" />
                  <PolyStepSegment x="117.379305" y="63.068733" />
                  <PolyStepSegment x="117.39041" y="63.085391" />
                  <PolyStepSegment x="117.407068" y="63.1076" />
                  <PolyStepSegment x="117.429277" y="63.138139" />
                  <PolyStepSegment x="117.454263" y="63.168677" />
                  <PolyStepSegment x="117.484802" y="63.207544" />
                  <PolyStepSegment x="117.518116" y="63.249188" />
                  <PolyStepSegment x="117.55976" y="63.293607" />
                  <PolyStepSegment x="117.604179" y="63.346355" />
                  <PolyStepSegment x="117.654151" y="63.399104" />
                  <PolyStepSegment x="117.709676" y="63.457404" />
                  <PolyStepSegment x="117.773529" y="63.521257" />
                  <PolyStepSegment x="117.840158" y="63.587887" />
                  <PolyStepSegment x="117.915116" y="63.657292" />
                  <PolyStepSegment x="117.917892" y="63.660068" />
                  <PolyStepSegment x="117.928997" y="63.671173" />
                  <PolyStepSegment x="117.945654" y="63.68783" />
                  <PolyStepSegment x="117.967864" y="63.707264" />
                  <PolyStepSegment x="117.995626" y="63.73225" />
                  <PolyStepSegment x="118.023389" y="63.760012" />
                  <PolyStepSegment x="118.056703" y="63.793327" />
                  <PolyStepSegment x="118.090018" y="63.826641" />
                  <PolyStepSegment x="118.1622" y="63.896047" />
                  <PolyStepSegment x="118.228829" y="63.965452" />
                  <PolyStepSegment x="118.256591" y="63.995991" />
                  <PolyStepSegment x="118.284353" y="64.026529" />
                  <PolyStepSegment x="118.306563" y="64.054291" />
                  <PolyStepSegment x="118.32322" y="64.076501" />
                  <PolyStepSegment x="118.32322" y="64.079277" />
                  <PolyStepSegment x="118.328773" y="64.082054" />
                  <PolyStepSegment x="118.331549" y="64.090382" />
                  <PolyStepSegment x="118.339878" y="64.101487" />
                  <PolyStepSegment x="118.356535" y="64.132026" />
                  <PolyStepSegment x="118.375968" y="64.170893" />
                  <PolyStepSegment x="118.392626" y="64.215312" />
                  <PolyStepSegment x="118.409283" y="64.265284" />
                  <PolyStepSegment x="118.420388" y="64.320809" />
                  <PolyStepSegment x="118.42594" y="64.376333" />
                  <PolyStepSegment x="118.42594" y="64.379109" />
                  <PolyStepSegment x="118.42594" y="64.384662" />
                  <PolyStepSegment x="118.42594" y="64.39299" />
                  <PolyStepSegment x="118.42594" y="64.404095" />
                  <PolyStepSegment x="118.420388" y="64.431857" />
                  <PolyStepSegment x="118.414836" y="64.470724" />
                  <PolyStepSegment x="118.403731" y="64.509592" />
                  <PolyStepSegment x="118.38985" y="64.551235" />
                  <PolyStepSegment x="118.36764" y="64.592878" />
                  <PolyStepSegment x="118.337101" y="64.628969" />
                  <PolyStepSegment x="118.334325" y="64.631745" />
                  <PolyStepSegment x="118.320444" y="64.64285" />
                  <PolyStepSegment x="118.301011" y="64.656731" />
                  <PolyStepSegment x="118.273248" y="64.673389" />
                  <PolyStepSegment x="118.237157" y="64.690046" />
                  <PolyStepSegment x="118.195514" y="64.703927" />
                  <PolyStepSegment x="118.148318" y="64.715032" />
                  <PolyStepSegment x="118.092794" y="64.717808" />
                  <PolyStepSegment x="118.067808" y="64.717808" />
                  <PolyStepSegment x="118.040046" y="64.712256" />
                  <PolyStepSegment x="118.003955" y="64.706703" />
                  <PolyStepSegment x="117.965088" y="64.695598" />
                  <PolyStepSegment x="117.923445" y="64.678941" />
                  <PolyStepSegment x="117.881801" y="64.653955" />
                  <PolyStepSegment x="117.84571" y="64.623417" />
                  <PolyStepSegment x="117.842934" y="64.617864" />
                  <PolyStepSegment x="117.831829" y="64.606759" />
                  <PolyStepSegment x="117.817948" y="64.58455" />
                  <PolyStepSegment x="117.798515" y="64.551235" />
                  <PolyStepSegment x="117.781857" y="64.509592" />
                  <PolyStepSegment x="117.7652" y="64.456843" />
                  <PolyStepSegment x="117.751319" y="64.39299" />
                  <PolyStepSegment x="117.745767" y="64.356899" />
                  <PolyStepSegment x="117.74299" y="64.318032" />
                  <PolyStepSegment x="117.254376" y="64.365228" />
                  <PolyStepSegment x="117.254376" y="64.370781" />
                  <PolyStepSegment x="117.257152" y="64.381885" />
                  <PolyStepSegment x="117.259928" y="64.404095" />
                  <PolyStepSegment x="117.26548" y="64.431857" />
                  <PolyStepSegment x="117.271033" y="64.465172" />
                  <PolyStepSegment x="117.279362" y="64.504039" />
                  <PolyStepSegment x="117.290466" y="64.545682" />
                  <PolyStepSegment x="117.304348" y="64.590102" />
                  <PolyStepSegment x="117.321005" y="64.637298" />
                  <PolyStepSegment x="117.340438" y="64.684493" />
                  <PolyStepSegment x="117.362648" y="64.734465" />
                  <PolyStepSegment x="117.387634" y="64.781661" />
                  <PolyStepSegment x="117.415396" y="64.828857" />
                  <PolyStepSegment x="117.448711" y="64.873276" />
                  <PolyStepSegment x="117.484802" y="64.912143" />
                  <PolyStepSegment x="117.526445" y="64.948234" />
                  <PolyStepSegment x="117.529221" y="64.951011" />
                  <PolyStepSegment x="117.53755" y="64.956563" />
                  <PolyStepSegment x="117.551431" y="64.964892" />
                  <PolyStepSegment x="117.568088" y="64.975997" />
                  <PolyStepSegment x="117.590298" y="64.989878" />
                  <PolyStepSegment x="117.61806" y="65.003759" />
                  <PolyStepSegment x="117.648599" y="65.020416" />
                  <PolyStepSegment x="117.68469" y="65.037073" />
                  <PolyStepSegment x="117.726333" y="65.053731" />
                  <PolyStepSegment x="117.767976" y="65.070388" />
                  <PolyStepSegment x="117.815172" y="65.084269" />
                  <PolyStepSegment x="117.86792" y="65.09815" />
                  <PolyStepSegment x="117.920668" y="65.109255" />
                  <PolyStepSegment x="117.978969" y="65.117584" />
                  <PolyStepSegment x="118.040046" y="65.123136" />
                  <PolyStepSegment x="118.103899" y="65.125912" />
                  <PolyStepSegment x="118.13999" y="65.125912" />
                  <PolyStepSegment x="118.167752" y="65.123136" />
                </Polygon>
              </Contour>
            </Features>
            <Features>
              <Contour>
                <Polygon>
                  <PolyBegin x="120.158302" y="65.123136" />
                  <PolyStepSegment x="120.18884" y="65.12036" />
                  <PolyStepSegment x="120.224931" y="65.114808" />
                  <PolyStepSegment x="120.266574" y="65.109255" />
                  <PolyStepSegment x="120.310994" y="65.100926" />
                  <PolyStepSegment x="120.35819" y="65.089822" />
                  <PolyStepSegment x="120.405385" y="65.07594" />
                  <PolyStepSegment x="120.455357" y="65.059283" />
                  <PolyStepSegment x="120.505329" y="65.03985" />
                  <PolyStepSegment x="120.552525" y="65.014864" />
                  <PolyStepSegment x="120.599721" y="64.987101" />
                  <PolyStepSegment x="120.646916" y="64.956563" />
                  <PolyStepSegment x="120.68856" y="64.920472" />
                  <PolyStepSegment x="120.691336" y="64.917696" />
                  <PolyStepSegment x="120.696888" y="64.912143" />
                  <PolyStepSegment x="120.707993" y="64.898262" />
                  <PolyStepSegment x="120.721874" y="64.884381" />
                  <PolyStepSegment x="120.738532" y="64.864948" />
                  <PolyStepSegment x="120.757965" y="64.839962" />
                  <PolyStepSegment x="120.777399" y="64.8122" />
                  <PolyStepSegment x="120.799609" y="64.778885" />
                  <PolyStepSegment x="120.819042" y="64.74557" />
                  <PolyStepSegment x="120.838476" y="64.706703" />
                  <PolyStepSegment x="120.857909" y="64.66506" />
                  <PolyStepSegment x="120.874566" y="64.62064" />
                  <PolyStepSegment x="120.888448" y="64.570668" />
                  <PolyStepSegment x="120.899552" y="64.520696" />
                  <PolyStepSegment x="120.905105" y="64.467948" />
                  <PolyStepSegment x="120.907881" y="64.412424" />
                  <PolyStepSegment x="120.907881" y="64.409648" />
                  <PolyStepSegment x="120.907881" y="64.404095" />
                  <PolyStepSegment x="120.907881" y="64.395767" />
                  <PolyStepSegment x="120.907881" y="64.381885" />
                  <PolyStepSegment x="120.905105" y="64.368004" />
                  <PolyStepSegment x="120.905105" y="64.348571" />
                  <PolyStepSegment x="120.899552" y="64.306928" />
                  <PolyStepSegment x="120.891224" y="64.254179" />
                  <PolyStepSegment x="120.880119" y="64.198655" />
                  <PolyStepSegment x="120.866238" y="64.140354" />
                  <PolyStepSegment x="120.844028" y="64.082054" />
                  <PolyStepSegment x="120.844028" y="64.079277" />
                  <PolyStepSegment x="120.841252" y="64.076501" />
                  <PolyStepSegment x="120.838476" y="64.065396" />
                  <PolyStepSegment x="120.832923" y="64.054291" />
                  <PolyStepSegment x="120.824595" y="64.04041" />
                  <PolyStepSegment x="120.816266" y="64.023753" />
                  <PolyStepSegment x="120.796832" y="63.98211" />
                  <PolyStepSegment x="120.76907" y="63.934914" />
                  <PolyStepSegment x="120.735755" y="63.87939" />
                  <PolyStepSegment x="120.694112" y="63.818313" />
                  <PolyStepSegment x="120.646916" y="63.75446" />
                  <PolyStepSegment x="120.641364" y="63.748907" />
                  <PolyStepSegment x="120.630259" y="63.73225" />
                  <PolyStepSegment x="120.605273" y="63.707264" />
                  <PolyStepSegment x="120.574735" y="63.671173" />
                  <PolyStepSegment x="120.552525" y="63.648963" />
                  <PolyStepSegment x="120.530315" y="63.623977" />
                  <PolyStepSegment x="120.502553" y="63.598991" />
                  <PolyStepSegment x="120.474791" y="63.568453" />
                  <PolyStepSegment x="120.441476" y="63.537915" />
                  <PolyStepSegment x="120.405385" y="63.501824" />
                  <PolyStepSegment x="120.366518" y="63.465733" />
                  <PolyStepSegment x="120.324875" y="63.426866" />
                  <PolyStepSegment x="120.322099" y="63.42409" />
                  <PolyStepSegment x="120.31377" y="63.418537" />
                  <PolyStepSegment x="120.302665" y="63.407432" />
                  <PolyStepSegment x="120.288784" y="63.393551" />
                  <PolyStepSegment x="120.269351" y="63.376894" />
                  <PolyStepSegment x="120.247141" y="63.35746" />
                  <PolyStepSegment x="120.199945" y="63.313041" />
                  <PolyStepSegment x="120.149973" y="63.265845" />
                  <PolyStepSegment x="120.102777" y="63.218649" />
                  <PolyStepSegment x="120.080568" y="63.19644" />
                  <PolyStepSegment x="120.061134" y="63.177006" />
                  <PolyStepSegment x="120.044477" y="63.157572" />
                  <PolyStepSegment x="120.030596" y="63.143691" />
                  <PolyStepSegment x="120.027819" y="63.140915" />
                  <PolyStepSegment x="120.019491" y="63.132586" />
                  <PolyStepSegment x="120.008386" y="63.118705" />
                  <PolyStepSegment x="119.994505" y="63.102048" />
                  <PolyStepSegment x="119.980624" y="63.079838" />
                  <PolyStepSegment x="119.963966" y="63.057629" />
                  <PolyStepSegment x="119.930652" y="63.010433" />
                  <PolyStepSegment x="120.907881" y="63.010433" />
                  <PolyStepSegment x="120.907881" y="62.555133" />
                  <PolyStepSegment x="119.186625" y="62.555133" />
                  <PolyStepSegment x="119.186625" y="62.557909" />
                  <PolyStepSegment x="119.189401" y="62.566238" />
                  <PolyStepSegment x="119.189401" y="62.580119" />
                  <PolyStepSegment x="119.192177" y="62.599552" />
                  <PolyStepSegment x="119.19773" y="62.621762" />
                  <PolyStepSegment x="119.203282" y="62.649524" />
                  <PolyStepSegment x="119.208834" y="62.680063" />
                  <PolyStepSegment x="119.217163" y="62.713377" />
                  <PolyStepSegment x="119.239373" y="62.788335" />
                  <PolyStepSegment x="119.269911" y="62.871622" />
                  <PolyStepSegment x="119.306002" y="62.957685" />
                  <PolyStepSegment x="119.353198" y="63.043747" />
                  <PolyStepSegment x="119.355974" y="63.046524" />
                  <PolyStepSegment x="119.35875" y="63.054852" />
                  <PolyStepSegment x="119.369855" y="63.068733" />
                  <PolyStepSegment x="119.38096" y="63.085391" />
                  <PolyStepSegment x="119.397617" y="63.1076" />
                  <PolyStepSegment x="119.419827" y="63.138139" />
                  <PolyStepSegment x="119.444813" y="63.168677" />
                  <PolyStepSegment x="119.475352" y="63.207544" />
                  <PolyStepSegment x="119.508666" y="63.249188" />
                  <PolyStepSegment x="119.55031" y="63.293607" />
                  <PolyStepSegment x="119.594729" y="63.346355" />
                  <PolyStepSegment x="119.644701" y="63.399104" />
                  <PolyStepSegment x="119.700225" y="63.457404" />
                  <PolyStepSegment x="119.764078" y="63.521257" />
                  <PolyStepSegment x="119.830708" y="63.587887" />
                  <PolyStepSegment x="119.905666" y="63.657292" />
                  <PolyStepSegment x="119.908442" y="63.660068" />
                  <PolyStepSegment x="119.919547" y="63.671173" />
                  <PolyStepSegment x="119.936204" y="63.68783" />
                  <PolyStepSegment x="119.958414" y="63.707264" />
                  <PolyStepSegment x="119.986176" y="63.73225" />
                  <PolyStepSegment x="120.013938" y="63.760012" />
                  <PolyStepSegment x="120.047253" y="63.793327" />
                  <PolyStepSegment x="120.080568" y="63.826641" />
                  <PolyStepSegment x="120.152749" y="63.896047" />
                  <PolyStepSegment x="120.219379" y="63.965452" />
                  <PolyStepSegment x="120.247141" y="63.995991" />
                  <PolyStepSegment x="120.274903" y="64.026529" />
                  <PolyStepSegment x="120.297113" y="64.054291" />
                  <PolyStepSegment x="120.31377" y="64.076501" />
                  <PolyStepSegment x="120.31377" y="64.079277" />
                  <PolyStepSegment x="120.319322" y="64.082054" />
                  <PolyStepSegment x="120.322099" y="64.090382" />
                  <PolyStepSegment x="120.330427" y="64.101487" />
                  <PolyStepSegment x="120.347085" y="64.132026" />
                  <PolyStepSegment x="120.366518" y="64.170893" />
                  <PolyStepSegment x="120.383176" y="64.215312" />
                  <PolyStepSegment x="120.399833" y="64.265284" />
                  <PolyStepSegment x="120.410938" y="64.320809" />
                  <PolyStepSegment x="120.41649" y="64.376333" />
                  <PolyStepSegment x="120.41649" y="64.379109" />
                  <PolyStepSegment x="120.41649" y="64.384662" />
                  <PolyStepSegment x="120.41649" y="64.39299" />
                  <PolyStepSegment x="120.41649" y="64.404095" />
                  <PolyStepSegment x="120.410938" y="64.431857" />
                  <PolyStepSegment x="120.405385" y="64.470724" />
                  <PolyStepSegment x="120.39428" y="64.509592" />
                  <PolyStepSegment x="120.380399" y="64.551235" />
                  <PolyStepSegment x="120.35819" y="64.592878" />
                  <PolyStepSegment x="120.327651" y="64.628969" />
                  <PolyStepSegment x="120.324875" y="64.631745" />
                  <PolyStepSegment x="120.310994" y="64.64285" />
                  <PolyStepSegment x="120.29156" y="64.656731" />
                  <PolyStepSegment x="120.263798" y="64.673389" />
                  <PolyStepSegment x="120.227707" y="64.690046" />
                  <PolyStepSegment x="120.186064" y="64.703927" />
                  <PolyStepSegment x="120.138868" y="64.715032" />
                  <PolyStepSegment x="120.083344" y="64.717808" />
                  <PolyStepSegment x="120.058358" y="64.717808" />
                  <PolyStepSegment x="120.030596" y="64.712256" />
                  <PolyStepSegment x="119.994505" y="64.706703" />
                  <PolyStepSegment x="119.955638" y="64.695598" />
                  <PolyStepSegment x="119.913994" y="64.678941" />
                  <PolyStepSegment x="119.872351" y="64.653955" />
                  <PolyStepSegment x="119.83626" y="64.623417" />
                  <PolyStepSegment x="119.833484" y="64.617864" />
                  <PolyStepSegment x="119.822379" y="64.606759" />
                  <PolyStepSegment x="119.808498" y="64.58455" />
                  <PolyStepSegment x="119.789064" y="64.551235" />
                  <PolyStepSegment x="119.772407" y="64.509592" />
                  <PolyStepSegment x="119.75575" y="64.456843" />
                  <PolyStepSegment x="119.741869" y="64.39299" />
                  <PolyStepSegment x="119.736316" y="64.356899" />
                  <PolyStepSegment x="119.73354" y="64.318032" />
                  <PolyStepSegment x="119.244925" y="64.365228" />
                  <PolyStepSegment x="119.244925" y="64.370781" />
                  <PolyStepSegment x="119.247702" y="64.381885" />
                  <PolyStepSegment x="119.250478" y="64.404095" />
                  <PolyStepSegment x="119.25603" y="64.431857" />
                  <PolyStepSegment x="119.261583" y="64.465172" />
                  <PolyStepSegment x="119.269911" y="64.504039" />
                  <PolyStepSegment x="119.281016" y="64.545682" />
                  <PolyStepSegment x="119.294897" y="64.590102" />
                  <PolyStepSegment x="119.311555" y="64.637298" />
                  <PolyStepSegment x="119.330988" y="64.684493" />
                  <PolyStepSegment x="119.353198" y="64.734465" />
                  <PolyStepSegment x="119.378184" y="64.781661" />
                  <PolyStepSegment x="119.405946" y="64.828857" />
                  <PolyStepSegment x="119.439261" y="64.873276" />
                  <PolyStepSegment x="119.475352" y="64.912143" />
                  <PolyStepSegment x="119.516995" y="64.948234" />
                  <PolyStepSegment x="119.519771" y="64.951011" />
                  <PolyStepSegment x="119.5281" y="64.956563" />
                  <PolyStepSegment x="119.541981" y="64.964892" />
                  <PolyStepSegment x="119.558638" y="64.975997" />
                  <PolyStepSegment x="119.580848" y="64.989878" />
                  <PolyStepSegment x="119.60861" y="65.003759" />
                  <PolyStepSegment x="119.639149" y="65.020416" />
                  <PolyStepSegment x="119.675239" y="65.037073" />
                  <PolyStepSegment x="119.716883" y="65.053731" />
                  <PolyStepSegment x="119.758526" y="65.070388" />
                  <PolyStepSegment x="119.805722" y="65.084269" />
                  <PolyStepSegment x="119.85847" y="65.09815" />
                  <PolyStepSegment x="119.911218" y="65.109255" />
                  <PolyStepSegment x="119.969519" y="65.117584" />
                  <PolyStepSegment x="120.030596" y="65.123136" />
                  <PolyStepSegment x="120.094449" y="65.125912" />
                  <PolyStepSegment x="120.13054" y="65.125912" />
                  <PolyStepSegment x="120.158302" y="65.123136" />
                </Polygon>
              </Contour>
            </Features>
            <Features>
              <Contour>
                <Polygon>
                  <PolyBegin x="122.462564" y="64.451291" />
                  <PolyStepSegment x="122.504208" y="64.445739" />
                  <PolyStepSegment x="122.548627" y="64.440186" />
                  <PolyStepSegment x="122.598599" y="64.429081" />
                  <PolyStepSegment x="122.651347" y="64.412424" />
                  <PolyStepSegment x="122.701319" y="64.39299" />
                  <PolyStepSegment x="122.704095" y="64.39299" />
                  <PolyStepSegment x="122.706872" y="64.390214" />
                  <PolyStepSegment x="122.723529" y="64.381885" />
                  <PolyStepSegment x="122.748515" y="64.370781" />
                  <PolyStepSegment x="122.776277" y="64.351347" />
                  <PolyStepSegment x="122.809592" y="64.331914" />
                  <PolyStepSegment x="122.842906" y="64.304151" />
                  <PolyStepSegment x="122.876221" y="64.276389" />
                  <PolyStepSegment x="122.903983" y="64.243074" />
                  <PolyStepSegment x="122.90676" y="64.240298" />
                  <PolyStepSegment x="122.915088" y="64.226417" />
                  <PolyStepSegment x="122.926193" y="64.20976" />
                  <PolyStepSegment x="122.94285" y="64.184774" />
                  <PolyStepSegment x="122.959508" y="64.154235" />
                  <PolyStepSegment x="122.973389" y="64.118145" />
                  <PolyStepSegment x="122.990046" y="64.079277" />
                  <PolyStepSegment x="123.001151" y="64.037634" />
                  <PolyStepSegment x="123.001151" y="64.032082" />
                  <PolyStepSegment x="123.006703" y="64.015424" />
                  <PolyStepSegment x="123.00948" y="63.990438" />
                  <PolyStepSegment x="123.015032" y="63.954348" />
                  <PolyStepSegment x="123.020585" y="63.907152" />
                  <PolyStepSegment x="123.023361" y="63.851627" />
                  <PolyStepSegment x="123.028913" y="63.784998" />
                  <PolyStepSegment x="123.028913" y="63.707264" />
                  <PolyStepSegment x="123.028913" y="62.555133" />
                  <PolyStepSegment x="122.537522" y="62.555133" />
                  <PolyStepSegment x="122.537522" y="63.501824" />
                  <PolyStepSegment x="122.537522" y="63.5046" />
                  <PolyStepSegment x="122.537522" y="63.515705" />
                  <PolyStepSegment x="122.537522" y="63.529586" />
                  <PolyStepSegment x="122.537522" y="63.551796" />
                  <PolyStepSegment x="122.537522" y="63.574005" />
                  <PolyStepSegment x="122.534746" y="63.601768" />
                  <PolyStepSegment x="122.534746" y="63.662844" />
                  <PolyStepSegment x="122.529194" y="63.729474" />
                  <PolyStepSegment x="122.523641" y="63.793327" />
                  <PolyStepSegment x="122.520865" y="63.823865" />
                  <PolyStepSegment x="122.515312" y="63.848851" />
                  <PolyStepSegment x="122.50976" y="63.871061" />
                  <PolyStepSegment x="122.504208" y="63.890495" />
                  <PolyStepSegment x="122.504208" y="63.893271" />
                  <PolyStepSegment x="122.498655" y="63.904376" />
                  <PolyStepSegment x="122.490327" y="63.921033" />
                  <PolyStepSegment x="122.479222" y="63.940466" />
                  <PolyStepSegment x="122.465341" y="63.962676" />
                  <PolyStepSegment x="122.448683" y="63.987662" />
                  <PolyStepSegment x="122.426473" y="64.009872" />
                  <PolyStepSegment x="122.401487" y="64.029306" />
                  <PolyStepSegment x="122.398711" y="64.032082" />
                  <PolyStepSegment x="122.390383" y="64.037634" />
                  <PolyStepSegment x="122.373725" y="64.045963" />
                  <PolyStepSegment x="122.354292" y="64.054291" />
                  <PolyStepSegment x="122.329306" y="64.06262" />
                  <PolyStepSegment x="122.301544" y="64.070949" />
                  <PolyStepSegment x="122.271005" y="64.076501" />
                  <PolyStepSegment x="122.234914" y="64.079277" />
                  <PolyStepSegment x="122.212705" y="64.079277" />
                  <PolyStepSegment x="122.190495" y="64.076501" />
                  <PolyStepSegment x="122.15718" y="64.070949" />
                  <PolyStepSegment x="122.123865" y="64.06262" />
                  <PolyStepSegment x="122.084998" y="64.048739" />
                  <PolyStepSegment x="122.043355" y="64.032082" />
                  <PolyStepSegment x="122.004488" y="64.007096" />
                  <PolyStepSegment x="121.998936" y="64.00432" />
                  <PolyStepSegment x="121.987831" y="63.993215" />
                  <PolyStepSegment x="121.971173" y="63.979334" />
                  <PolyStepSegment x="121.948964" y="63.957124" />
                  <PolyStepSegment x="121.926754" y="63.932138" />
                  <PolyStepSegment x="121.904544" y="63.898823" />
                  <PolyStepSegment x="121.885111" y="63.862732" />
                  <PolyStepSegment x="121.868453" y="63.821089" />
                  <PolyStepSegment x="121.865677" y="63.815537" />
                  <PolyStepSegment x="121.865677" y="63.809984" />
                  <PolyStepSegment x="121.862901" y="63.798879" />
                  <PolyStepSegment x="121.860125" y="63.784998" />
                  <PolyStepSegment x="121.857348" y="63.768341" />
                  <PolyStepSegment x="121.854572" y="63.748907" />
                  <PolyStepSegment x="121.851796" y="63.726698" />
                  <PolyStepSegment x="121.846243" y="63.698935" />
                  <PolyStepSegment x="121.843467" y="63.668397" />
                  <PolyStepSegment x="121.840691" y="63.632306" />
                  <PolyStepSegment x="121.837915" y="63.593439" />
                  <PolyStepSegment x="121.835139" y="63.551796" />
                  <PolyStepSegment x="121.835139" y="63.5046" />
                  <PolyStepSegment x="121.832362" y="63.451852" />
                  <PolyStepSegment x="121.832362" y="63.396327" />
                  <PolyStepSegment x="121.832362" y="62.555133" />
                  <PolyStepSegment x="121.340971" y="62.555133" />
                  <PolyStepSegment x="121.340971" y="64.412424" />
                  <PolyStepSegment x="121.796272" y="64.412424" />
                  <PolyStepSegment x="121.796272" y="64.137578" />
                  <PolyStepSegment x="121.799048" y="64.140354" />
                  <PolyStepSegment x="121.807376" y="64.151459" />
                  <PolyStepSegment x="121.821257" y="64.168117" />
                  <PolyStepSegment x="121.840691" y="64.18755" />
                  <PolyStepSegment x="121.862901" y="64.20976" />
                  <PolyStepSegment x="121.893439" y="64.237522" />
                  <PolyStepSegment x="121.923978" y="64.265284" />
                  <PolyStepSegment x="121.962845" y="64.295823" />
                  <PolyStepSegment x="122.004488" y="64.326361" />
                  <PolyStepSegment x="122.051684" y="64.354123" />
                  <PolyStepSegment x="122.101656" y="64.381885" />
                  <PolyStepSegment x="122.154404" y="64.404095" />
                  <PolyStepSegment x="122.212705" y="64.426305" />
                  <PolyStepSegment x="122.273781" y="64.440186" />
                  <PolyStepSegment x="122.337634" y="64.451291" />
                  <PolyStepSegment x="122.404264" y="64.454067" />
                  <PolyStepSegment x="122.432026" y="64.454067" />
                  <PolyStepSegment x="122.462564" y="64.451291" />
                </Polygon>
              </Contour>
            </Features>
            <Features>
              <Contour>
                <Polygon>
                  <PolyBegin x="125.291532" y="64.684493" />
                  <PolyStepSegment x="124.050562" y="64.684493" />
                  <PolyStepSegment x="124.050562" y="64.076501" />
                  <PolyStepSegment x="125.122183" y="64.076501" />
                  <PolyStepSegment x="125.122183" y="63.643411" />
                  <PolyStepSegment x="124.050562" y="63.643411" />
                  <PolyStepSegment x="124.050562" y="62.555133" />
                  <PolyStepSegment x="123.534185" y="62.555133" />
                  <PolyStepSegment x="123.534185" y="65.117584" />
                  <PolyStepSegment x="125.291532" y="65.117584" />
                  <PolyStepSegment x="125.291532" y="64.684493" />
                </Polygon>
              </Contour>
            </Features>
            <Features>
              <Contour>
                <Polygon>
                  <PolyBegin x="81.771508" y="98.048514" />
                  <PolyStepSegment x="81.804822" y="98.045737" />
                  <PolyStepSegment x="81.84369" y="98.042961" />
                  <PolyStepSegment x="81.890885" y="98.037409" />
                  <PolyStepSegment x="81.943633" y="98.02908" />
                  <PolyStepSegment x="81.999158" y="98.015199" />
                  <PolyStepSegment x="82.057458" y="98.001318" />
                  <PolyStepSegment x="82.118535" y="97.981884" />
                  <PolyStepSegment x="82.182388" y="97.959675" />
                  <PolyStepSegment x="82.246241" y="97.931912" />
                  <PolyStepSegment x="82.310094" y="97.901374" />
                  <PolyStepSegment x="82.373948" y="97.862507" />
                  <PolyStepSegment x="82.432248" y="97.820864" />
                  <PolyStepSegment x="82.490549" y="97.770892" />
                  <PolyStepSegment x="82.493325" y="97.768115" />
                  <PolyStepSegment x="82.498877" y="97.762563" />
                  <PolyStepSegment x="82.507206" y="97.754234" />
                  <PolyStepSegment x="82.518311" y="97.740353" />
                  <PolyStepSegment x="82.534968" y="97.723696" />
                  <PolyStepSegment x="82.551626" y="97.704262" />
                  <PolyStepSegment x="82.568283" y="97.679276" />
                  <PolyStepSegment x="82.590493" y="97.651514" />
                  <PolyStepSegment x="82.609926" y="97.618199" />
                  <PolyStepSegment x="82.632136" y="97.584885" />
                  <PolyStepSegment x="82.654346" y="97.546018" />
                  <PolyStepSegment x="82.676555" y="97.504374" />
                  <PolyStepSegment x="82.695989" y="97.457179" />
                  <PolyStepSegment x="82.718199" y="97.409983" />
                  <PolyStepSegment x="82.737632" y="97.357235" />
                  <PolyStepSegment x="82.75429" y="97.30171" />
                  <PolyStepSegment x="82.243465" y="97.179557" />
                  <PolyStepSegment x="82.243465" y="97.182333" />
                  <PolyStepSegment x="82.240689" y="97.187885" />
                  <PolyStepSegment x="82.237913" y="97.19899" />
                  <PolyStepSegment x="82.235137" y="97.212871" />
                  <PolyStepSegment x="82.229584" y="97.229529" />
                  <PolyStepSegment x="82.221255" y="97.248962" />
                  <PolyStepSegment x="82.201822" y="97.293382" />
                  <PolyStepSegment x="82.176836" y="97.343354" />
                  <PolyStepSegment x="82.143521" y="97.396102" />
                  <PolyStepSegment x="82.101878" y="97.446074" />
                  <PolyStepSegment x="82.051906" y="97.49327" />
                  <PolyStepSegment x="82.04913" y="97.496046" />
                  <PolyStepSegment x="82.046354" y="97.498822" />
                  <PolyStepSegment x="82.038025" y="97.504374" />
                  <PolyStepSegment x="82.02692" y="97.512703" />
                  <PolyStepSegment x="82.013039" y="97.521032" />
                  <PolyStepSegment x="81.996382" y="97.52936" />
                  <PolyStepSegment x="81.954738" y="97.55157" />
                  <PolyStepSegment x="81.90199" y="97.57378" />
                  <PolyStepSegment x="81.84369" y="97.590437" />
                  <PolyStepSegment x="81.77706" y="97.604318" />
                  <PolyStepSegment x="81.702102" y="97.609871" />
                  <PolyStepSegment x="81.67434" y="97.609871" />
                  <PolyStepSegment x="81.654907" y="97.607095" />
                  <PolyStepSegment x="81.629921" y="97.604318" />
                  <PolyStepSegment x="81.602158" y="97.598766" />
                  <PolyStepSegment x="81.57162" y="97.593213" />
                  <PolyStepSegment x="81.538305" y="97.584885" />
                  <PolyStepSegment x="81.502214" y="97.57378" />
                  <PolyStepSegment x="81.463347" y="97.559899" />
                  <PolyStepSegment x="81.42448" y="97.543242" />
                  <PolyStepSegment x="81.385613" y="97.523808" />
                  <PolyStepSegment x="81.346746" y="97.498822" />
                  <PolyStepSegment x="81.310655" y="97.47106" />
                  <PolyStepSegment x="81.271788" y="97.440521" />
                  <PolyStepSegment x="81.238474" y="97.404431" />
                  <PolyStepSegment x="81.235697" y="97.401654" />
                  <PolyStepSegment x="81.230145" y="97.396102" />
                  <PolyStepSegment x="81.221816" y="97.382221" />
                  <PolyStepSegment x="81.210711" y="97.365563" />
                  <PolyStepSegment x="81.19683" y="97.343354" />
                  <PolyStepSegment x="81.182949" y="97.315592" />
                  <PolyStepSegment x="81.166292" y="97.282277" />
                  <PolyStepSegment x="81.152411" y="97.24341" />
                  <PolyStepSegment x="81.135753" y="97.201766" />
                  <PolyStepSegment x="81.119096" y="97.151795" />
                  <PolyStepSegment x="81.105215" y="97.099046" />
                  <PolyStepSegment x="81.091334" y="97.03797" />
                  <PolyStepSegment x="81.080229" y="96.97134" />
                  <PolyStepSegment x="81.0719" y="96.901935" />
                  <PolyStepSegment x="81.066348" y="96.824201" />
                  <PolyStepSegment x="81.063572" y="96.740914" />
                  <PolyStepSegment x="81.063572" y="96.735362" />
                  <PolyStepSegment x="81.063572" y="96.718704" />
                  <PolyStepSegment x="81.063572" y="96.693718" />
                  <PolyStepSegment x="81.066348" y="96.66318" />
                  <PolyStepSegment x="81.069124" y="96.621536" />
                  <PolyStepSegment x="81.0719" y="96.577117" />
                  <PolyStepSegment x="81.077453" y="96.527145" />
                  <PolyStepSegment x="81.085781" y="96.471621" />
                  <PolyStepSegment x="81.105215" y="96.357796" />
                  <PolyStepSegment x="81.119096" y="96.302271" />
                  <PolyStepSegment x="81.135753" y="96.243971" />
                  <PolyStepSegment x="81.155187" y="96.188446" />
                  <PolyStepSegment x="81.180173" y="96.138474" />
                  <PolyStepSegment x="81.205159" y="96.091278" />
                  <PolyStepSegment x="81.235697" y="96.049635" />
                  <PolyStepSegment x="81.238474" y="96.046859" />
                  <PolyStepSegment x="81.244026" y="96.041307" />
                  <PolyStepSegment x="81.255131" y="96.030202" />
                  <PolyStepSegment x="81.266236" y="96.016321" />
                  <PolyStepSegment x="81.285669" y="96.002439" />
                  <PolyStepSegment x="81.305103" y="95.985782" />
                  <PolyStepSegment x="81.330089" y="95.966349" />
                  <PolyStepSegment x="81.357851" y="95.946915" />
                  <PolyStepSegment x="81.388389" y="95.927482" />
                  <PolyStepSegment x="81.42448" y="95.908048" />
                  <PolyStepSegment x="81.460571" y="95.891391" />
                  <PolyStepSegment x="81.502214" y="95.87751" />
                  <PolyStepSegment x="81.543858" y="95.863628" />
                  <PolyStepSegment x="81.591053" y="95.852524" />
                  <PolyStepSegment x="81.641025" y="95.846971" />
                  <PolyStepSegment x="81.690997" y="95.844195" />
                  <PolyStepSegment x="81.710431" y="95.844195" />
                  <PolyStepSegment x="81.724312" y="95.846971" />
                  <PolyStepSegment x="81.743746" y="95.846971" />
                  <PolyStepSegment x="81.763179" y="95.852524" />
                  <PolyStepSegment x="81.813151" y="95.860852" />
                  <PolyStepSegment x="81.868675" y="95.87751" />
                  <PolyStepSegment x="81.926976" y="95.899719" />
                  <PolyStepSegment x="81.985277" y="95.933034" />
                  <PolyStepSegment x="82.015815" y="95.952467" />
                  <PolyStepSegment x="82.043577" y="95.974677" />
                  <PolyStepSegment x="82.046354" y="95.977453" />
                  <PolyStepSegment x="82.04913" y="95.98023" />
                  <PolyStepSegment x="82.057458" y="95.988558" />
                  <PolyStepSegment x="82.068563" y="95.999663" />
                  <PolyStepSegment x="82.079668" y="96.013544" />
                  <PolyStepSegment x="82.093549" y="96.030202" />
                  <PolyStepSegment x="82.110207" y="96.052411" />
                  <PolyStepSegment x="82.126864" y="96.074621" />
                  <PolyStepSegment x="82.143521" y="96.102383" />
                  <PolyStepSegment x="82.162955" y="96.132922" />
                  <PolyStepSegment x="82.179612" y="96.166236" />
                  <PolyStepSegment x="82.199046" y="96.205104" />
                  <PolyStepSegment x="82.215703" y="96.243971" />
                  <PolyStepSegment x="82.23236" y="96.28839" />
                  <PolyStepSegment x="82.246241" y="96.338362" />
                  <PolyStepSegment x="82.260122" y="96.388334" />
                  <PolyStepSegment x="82.762618" y="96.232866" />
                  <PolyStepSegment x="82.762618" y="96.227313" />
                  <PolyStepSegment x="82.757066" y="96.213432" />
                  <PolyStepSegment x="82.751513" y="96.193999" />
                  <PolyStepSegment x="82.740409" y="96.16346" />
                  <PolyStepSegment x="82.726527" y="96.130146" />
                  <PolyStepSegment x="82.712646" y="96.088502" />
                  <PolyStepSegment x="82.693213" y="96.044083" />
                  <PolyStepSegment x="82.671003" y="95.996887" />
                  <PolyStepSegment x="82.646017" y="95.946915" />
                  <PolyStepSegment x="82.618255" y="95.894167" />
                  <PolyStepSegment x="82.58494" y="95.841419" />
                  <PolyStepSegment x="82.551626" y="95.791447" />
                  <PolyStepSegment x="82.512759" y="95.738699" />
                  <PolyStepSegment x="82.471115" y="95.691503" />
                  <PolyStepSegment x="82.426696" y="95.647083" />
                  <PolyStepSegment x="82.376724" y="95.60544" />
                  <PolyStepSegment x="82.373948" y="95.602664" />
                  <PolyStepSegment x="82.365619" y="95.597111" />
                  <PolyStepSegment x="82.348962" y="95.586006" />
                  <PolyStepSegment x="82.329528" y="95.574902" />
                  <PolyStepSegment x="82.301766" y="95.558244" />
                  <PolyStepSegment x="82.271227" y="95.541587" />
                  <PolyStepSegment x="82.235137" y="95.522153" />
                  <PolyStepSegment x="82.190717" y="95.505496" />
                  <PolyStepSegment x="82.146297" y="95.486063" />
                  <PolyStepSegment x="82.093549" y="95.466629" />
                  <PolyStepSegment x="82.038025" y="95.449972" />
                  <PolyStepSegment x="81.976948" y="95.433314" />
                  <PolyStepSegment x="81.913095" y="95.422209" />
                  <PolyStepSegment x="81.84369" y="95.411105" />
                  <PolyStepSegment x="81.771508" y="95.405552" />
                  <PolyStepSegment x="81.69655" y="95.402776" />
                  <PolyStepSegment x="81.67434" y="95.402776" />
                  <PolyStepSegment x="81.646578" y="95.405552" />
                  <PolyStepSegment x="81.610487" y="95.408328" />
                  <PolyStepSegment x="81.568844" y="95.413881" />
                  <PolyStepSegment x="81.518872" y="95.422209" />
                  <PolyStepSegment x="81.460571" y="95.430538" />
                  <PolyStepSegment x="81.399494" y="95.447195" />
                  <PolyStepSegment x="81.335641" y="95.463853" />
                  <PolyStepSegment x="81.266236" y="95.488839" />
                  <PolyStepSegment x="81.19683" y="95.516601" />
                  <PolyStepSegment x="81.127425" y="95.549916" />
                  <PolyStepSegment x="81.058019" y="95.588783" />
                  <PolyStepSegment x="80.988614" y="95.635978" />
                  <PolyStepSegment x="80.921984" y="95.688727" />
                  <PolyStepSegment x="80.858131" y="95.749803" />
                  <PolyStepSegment x="80.855355" y="95.75258" />
                  <PolyStepSegment x="80.84425" y="95.766461" />
                  <PolyStepSegment x="80.827593" y="95.785894" />
                  <PolyStepSegment x="80.808159" y="95.813656" />
                  <PolyStepSegment x="80.783173" y="95.849747" />
                  <PolyStepSegment x="80.755411" y="95.891391" />
                  <PolyStepSegment x="80.724873" y="95.941363" />
                  <PolyStepSegment x="80.694334" y="95.999663" />
                  <PolyStepSegment x="80.663796" y="96.063516" />
                  <PolyStepSegment x="80.633258" y="96.135698" />
                  <PolyStepSegment x="80.605495" y="96.213432" />
                  <PolyStepSegment x="80.580509" y="96.299495" />
                  <PolyStepSegment x="80.561076" y="96.39111" />
                  <PolyStepSegment x="80.544419" y="96.488278" />
                  <PolyStepSegment x="80.533314" y="96.590998" />
                  <PolyStepSegment x="80.530537" y="96.702047" />
                  <PolyStepSegment x="80.530537" y="96.704823" />
                  <PolyStepSegment x="80.530537" y="96.710376" />
                  <PolyStepSegment x="80.530537" y="96.718704" />
                  <PolyStepSegment x="80.530537" y="96.729809" />
                  <PolyStepSegment x="80.530537" y="96.746466" />
                  <PolyStepSegment x="80.533314" y="96.763124" />
                  <PolyStepSegment x="80.53609" y="96.807543" />
                  <PolyStepSegment x="80.541642" y="96.860291" />
                  <PolyStepSegment x="80.547195" y="96.924144" />
                  <PolyStepSegment x="80.5583" y="96.99355" />
                  <PolyStepSegment x="80.572181" y="97.065732" />
                  <PolyStepSegment x="80.588838" y="97.146242" />
                  <PolyStepSegment x="80.611048" y="97.226752" />
                  <PolyStepSegment x="80.636034" y="97.310039" />
                  <PolyStepSegment x="80.669348" y="97.393326" />
                  <PolyStepSegment x="80.705439" y="97.473836" />
                  <PolyStepSegment x="80.749859" y="97.55157" />
                  <PolyStepSegment x="80.799831" y="97.626528" />
                  <PolyStepSegment x="80.858131" y="97.695934" />
                  <PolyStepSegment x="80.860908" y="97.69871" />
                  <PolyStepSegment x="80.874789" y="97.712591" />
                  <PolyStepSegment x="80.891446" y="97.729248" />
                  <PolyStepSegment x="80.919208" y="97.751458" />
                  <PolyStepSegment x="80.952523" y="97.77922" />
                  <PolyStepSegment x="80.99139" y="97.809759" />
                  <PolyStepSegment x="81.038586" y="97.840297" />
                  <PolyStepSegment x="81.091334" y="97.873612" />
                  <PolyStepSegment x="81.149634" y="97.906926" />
                  <PolyStepSegment x="81.216264" y="97.940241" />
                  <PolyStepSegment x="81.285669" y="97.968003" />
                  <PolyStepSegment x="81.363403" y="97.995765" />
                  <PolyStepSegment x="81.44669" y="98.017975" />
                  <PolyStepSegment x="81.535529" y="98.037409" />
                  <PolyStepSegment x="81.629921" y="98.048514" />
                  <PolyStepSegment x="81.727088" y="98.05129" />
                  <PolyStepSegment x="81.749298" y="98.05129" />
                  <PolyStepSegment x="81.771508" y="98.048514" />
                </Polygon>
              </Contour>
            </Features>
            <Features>
              <Contour>
                <Polygon>
                  <PolyBegin x="85.519405" y="95.447195" />
                  <PolyStepSegment x="84.955832" y="95.447195" />
                  <PolyStepSegment x="84.730958" y="96.030202" />
                  <PolyStepSegment x="83.706533" y="96.030202" />
                  <PolyStepSegment x="83.492764" y="95.447195" />
                  <PolyStepSegment x="82.945849" y="95.447195" />
                  <PolyStepSegment x="83.942512" y="98.009646" />
                  <PolyStepSegment x="84.492203" y="98.009646" />
                  <PolyStepSegment x="85.519405" y="95.447195" />
                </Polygon>
                <Cutout>
                  <PolyBegin x="84.211805" y="97.412759" />
                  <PolyStepSegment x="83.864778" y="96.463292" />
                  <PolyStepSegment x="84.567161" y="96.463292" />
                  <PolyStepSegment x="84.211805" y="97.412759" />
                </Cutout>
              </Contour>
            </Features>
            <Features>
              <Contour>
                <Polygon>
                  <PolyBegin x="86.321732" y="95.880286" />
                  <PolyStepSegment x="87.607122" y="95.880286" />
                  <PolyStepSegment x="87.607122" y="95.447195" />
                  <PolyStepSegment x="85.805355" y="95.447195" />
                  <PolyStepSegment x="85.805355" y="97.987437" />
                  <PolyStepSegment x="86.321732" y="97.987437" />
                  <PolyStepSegment x="86.321732" y="95.880286" />
                </Polygon>
              </Contour>
            </Features>
            <Features>
              <Contour>
                <Polygon>
                  <PolyBegin x="89.500504" y="95.880286" />
                  <PolyStepSegment x="90.785894" y="95.880286" />
                  <PolyStepSegment x="90.785894" y="95.447195" />
                  <PolyStepSegment x="88.984127" y="95.447195" />
                  <PolyStepSegment x="88.984127" y="97.987437" />
                  <PolyStepSegment x="89.500504" y="97.987437" />
                  <PolyStepSegment x="89.500504" y="95.880286" />
                </Polygon>
              </Contour>
            </Features>
            <Features>
              <Contour>
                <Polygon>
                  <PolyBegin x="92.343354" y="98.048514" />
                  <PolyStepSegment x="92.382221" y="98.045737" />
                  <PolyStepSegment x="92.429416" y="98.040185" />
                  <PolyStepSegment x="92.484941" y="98.031856" />
                  <PolyStepSegment x="92.546018" y="98.020751" />
                  <PolyStepSegment x="92.612647" y="98.00687" />
                  <PolyStepSegment x="92.684829" y="97.987437" />
                  <PolyStepSegment x="92.75701" y="97.965227" />
                  <PolyStepSegment x="92.831968" y="97.937465" />
                  <PolyStepSegment x="92.909702" y="97.901374" />
                  <PolyStepSegment x="92.98466" y="97.862507" />
                  <PolyStepSegment x="93.056842" y="97.815311" />
                  <PolyStepSegment x="93.126248" y="97.759787" />
                  <PolyStepSegment x="93.192877" y="97.69871" />
                  <PolyStepSegment x="93.195653" y="97.695934" />
                  <PolyStepSegment x="93.206758" y="97.682053" />
                  <PolyStepSegment x="93.223415" y="97.662619" />
                  <PolyStepSegment x="93.245625" y="97.634857" />
                  <PolyStepSegment x="93.273387" y="97.598766" />
                  <PolyStepSegment x="93.301149" y="97.554346" />
                  <PolyStepSegment x="93.331688" y="97.504374" />
                  <PolyStepSegment x="93.365002" y="97.443298" />
                  <PolyStepSegment x="93.395541" y="97.379445" />
                  <PolyStepSegment x="93.426079" y="97.304487" />
                  <PolyStepSegment x="93.456618" y="97.223976" />
                  <PolyStepSegment x="93.481604" y="97.137913" />
                  <PolyStepSegment x="93.503814" y="97.043522" />
                  <PolyStepSegment x="93.520471" y="96.943578" />
                  <PolyStepSegment x="93.531576" y="96.835305" />
                  <PolyStepSegment x="93.534352" y="96.72148" />
                  <PolyStepSegment x="93.534352" y="96.718704" />
                  <PolyStepSegment x="93.534352" y="96.713152" />
                  <PolyStepSegment x="93.534352" y="96.704823" />
                  <PolyStepSegment x="93.534352" y="96.693718" />
                  <PolyStepSegment x="93.534352" y="96.679837" />
                  <PolyStepSegment x="93.531576" y="96.66318" />
                  <PolyStepSegment x="93.528799" y="96.61876" />
                  <PolyStepSegment x="93.523247" y="96.566012" />
                  <PolyStepSegment x="93.517695" y="96.507711" />
                  <PolyStepSegment x="93.50659" y="96.438306" />
                  <PolyStepSegment x="93.492709" y="96.366124" />
                  <PolyStepSegment x="93.473275" y="96.291166" />
                  <PolyStepSegment x="93.451065" y="96.210656" />
                  <PolyStepSegment x="93.423303" y="96.130146" />
                  <PolyStepSegment x="93.392765" y="96.049635" />
                  <PolyStepSegment x="93.353898" y="95.969125" />
                  <PolyStepSegment x="93.306702" y="95.891391" />
                  <PolyStepSegment x="93.25673" y="95.819209" />
                  <PolyStepSegment x="93.195653" y="95.749803" />
                  <PolyStepSegment x="93.192877" y="95.747027" />
                  <PolyStepSegment x="93.178996" y="95.735922" />
                  <PolyStepSegment x="93.162338" y="95.716489" />
                  <PolyStepSegment x="93.134576" y="95.694279" />
                  <PolyStepSegment x="93.101262" y="95.669293" />
                  <PolyStepSegment x="93.059618" y="95.638755" />
                  <PolyStepSegment x="93.012423" y="95.608216" />
                  <PolyStepSegment x="92.956898" y="95.574902" />
                  <PolyStepSegment x="92.895821" y="95.541587" />
                  <PolyStepSegment x="92.829192" y="95.511048" />
                  <PolyStepSegment x="92.754234" y="95.48051" />
                  <PolyStepSegment x="92.673724" y="95.455524" />
                  <PolyStepSegment x="92.587661" y="95.433314" />
                  <PolyStepSegment x="92.496046" y="95.413881" />
                  <PolyStepSegment x="92.396102" y="95.402776" />
                  <PolyStepSegment x="92.293382" y="95.4" />
                  <PolyStepSegment x="92.268396" y="95.4" />
                  <PolyStepSegment x="92.237857" y="95.402776" />
                  <PolyStepSegment x="92.19899" y="95.405552" />
                  <PolyStepSegment x="92.151794" y="95.411105" />
                  <PolyStepSegment x="92.093494" y="95.419433" />
                  <PolyStepSegment x="92.032417" y="95.427762" />
                  <PolyStepSegment x="91.965788" y="95.444419" />
                  <PolyStepSegment x="91.893606" y="95.461077" />
                  <PolyStepSegment x="91.821424" y="95.486063" />
                  <PolyStepSegment x="91.74369" y="95.513825" />
                  <PolyStepSegment x="91.668732" y="95.547139" />
                  <PolyStepSegment x="91.593774" y="95.586006" />
                  <PolyStepSegment x="91.521592" y="95.633202" />
                  <PolyStepSegment x="91.452187" y="95.68595" />
                  <PolyStepSegment x="91.385558" y="95.747027" />
                  <PolyStepSegment x="91.382781" y="95.75258" />
                  <PolyStepSegment x="91.371677" y="95.763685" />
                  <PolyStepSegment x="91.355019" y="95.783118" />
                  <PolyStepSegment x="91.332809" y="95.81088" />
                  <PolyStepSegment x="91.307823" y="95.846971" />
                  <PolyStepSegment x="91.280061" y="95.891391" />
                  <PolyStepSegment x="91.249523" y="95.941363" />
                  <PolyStepSegment x="91.218984" y="95.999663" />
                  <PolyStepSegment x="91.18567" y="96.063516" />
                  <PolyStepSegment x="91.155131" y="96.135698" />
                  <PolyStepSegment x="91.127369" y="96.213432" />
                  <PolyStepSegment x="91.102383" y="96.299495" />
                  <PolyStepSegment x="91.080173" y="96.39111" />
                  <PolyStepSegment x="91.063516" y="96.491054" />
                  <PolyStepSegment x="91.052411" y="96.596551" />
                  <PolyStepSegment x="91.049635" y="96.707599" />
                  <PolyStepSegment x="91.049635" y="96.713152" />
                  <PolyStepSegment x="91.049635" y="96.724257" />
                  <PolyStepSegment x="91.049635" y="96.746466" />
                  <PolyStepSegment x="91.052411" y="96.774229" />
                  <PolyStepSegment x="91.052411" y="96.807543" />
                  <PolyStepSegment x="91.055187" y="96.84641" />
                  <PolyStepSegment x="91.06074" y="96.888054" />
                  <PolyStepSegment x="91.063516" y="96.938026" />
                  <PolyStepSegment x="91.071845" y="96.987998" />
                  <PolyStepSegment x="91.077397" y="97.040746" />
                  <PolyStepSegment x="91.099607" y="97.151795" />
                  <PolyStepSegment x="91.127369" y="97.260067" />
                  <PolyStepSegment x="91.146803" y="97.315592" />
                  <PolyStepSegment x="91.166236" y="97.365563" />
                  <PolyStepSegment x="91.166236" y="97.36834" />
                  <PolyStepSegment x="91.169012" y="97.373892" />
                  <PolyStepSegment x="91.174565" y="97.384997" />
                  <PolyStepSegment x="91.182894" y="97.398878" />
                  <PolyStepSegment x="91.191222" y="97.415535" />
                  <PolyStepSegment x="91.202327" y="97.434969" />
                  <PolyStepSegment x="91.227313" y="97.484941" />
                  <PolyStepSegment x="91.260628" y="97.537689" />
                  <PolyStepSegment x="91.302271" y="97.598766" />
                  <PolyStepSegment x="91.349467" y="97.657067" />
                  <PolyStepSegment x="91.402215" y="97.718143" />
                  <PolyStepSegment x="91.404991" y="97.72092" />
                  <PolyStepSegment x="91.410544" y="97.723696" />
                  <PolyStepSegment x="91.418872" y="97.732024" />
                  <PolyStepSegment x="91.429977" y="97.743129" />
                  <PolyStepSegment x="91.443858" y="97.75701" />
                  <PolyStepSegment x="91.460516" y="97.770892" />
                  <PolyStepSegment x="91.502159" y="97.804206" />
                  <PolyStepSegment x="91.549355" y="97.843073" />
                  <PolyStepSegment x="91.607655" y="97.88194" />
                  <PolyStepSegment x="91.668732" y="97.918031" />
                  <PolyStepSegment x="91.735361" y="97.94857" />
                  <PolyStepSegment x="91.738138" y="97.94857" />
                  <PolyStepSegment x="91.746466" y="97.954122" />
                  <PolyStepSegment x="91.760347" y="97.956898" />
                  <PolyStepSegment x="91.777005" y="97.965227" />
                  <PolyStepSegment x="91.799214" y="97.973556" />
                  <PolyStepSegment x="91.826977" y="97.981884" />
                  <PolyStepSegment x="91.857515" y="97.990213" />
                  <PolyStepSegment x="91.893606" y="98.001318" />
                  <PolyStepSegment x="91.932473" y="98.009646" />
                  <PolyStepSegment x="91.974116" y="98.017975" />
                  <PolyStepSegment x="92.021312" y="98.026304" />
                  <PolyStepSegment x="92.068508" y="98.034632" />
                  <PolyStepSegment x="92.174004" y="98.045737" />
                  <PolyStepSegment x="92.287829" y="98.05129" />
                  <PolyStepSegment x="92.312815" y="98.05129" />
                  <PolyStepSegment x="92.343354" y="98.048514" />
                </Polygon>
                <Cutout>
                  <PolyBegin x="92.293382" y="97.609871" />
                  <PolyStepSegment x="92.262843" y="97.609871" />
                  <PolyStepSegment x="92.240633" y="97.607095" />
                  <PolyStepSegment x="92.212871" y="97.604318" />
                  <PolyStepSegment x="92.182333" y="97.598766" />
                  <PolyStepSegment x="92.146242" y="97.590437" />
                  <PolyStepSegment x="92.110151" y="97.582109" />
                  <PolyStepSegment x="92.068508" y="97.571004" />
                  <PolyStepSegment x="92.026864" y="97.557123" />
                  <PolyStepSegment x="91.985221" y="97.537689" />
                  <PolyStepSegment x="91.940802" y="97.515479" />
                  <PolyStepSegment x="91.899158" y="97.490493" />
                  <PolyStepSegment x="91.854739" y="97.459955" />
                  <PolyStepSegment x="91.815872" y="97.42664" />
                  <PolyStepSegment x="91.777005" y="97.387773" />
                  <PolyStepSegment x="91.774228" y="97.384997" />
                  <PolyStepSegment x="91.768676" y="97.376668" />
                  <PolyStepSegment x="91.760347" y="97.365563" />
                  <PolyStepSegment x="91.746466" y="97.34613" />
                  <PolyStepSegment x="91.732585" y="97.32392" />
                  <PolyStepSegment x="91.715928" y="97.296158" />
                  <PolyStepSegment x="91.69927" y="97.262843" />
                  <PolyStepSegment x="91.679837" y="97.223976" />
                  <PolyStepSegment x="91.66318" y="97.179557" />
                  <PolyStepSegment x="91.643746" y="97.129585" />
                  <PolyStepSegment x="91.627089" y="97.076837" />
                  <PolyStepSegment x="91.613208" y="97.01576" />
                  <PolyStepSegment x="91.599327" y="96.951907" />
                  <PolyStepSegment x="91.590998" y="96.882501" />
                  <PolyStepSegment x="91.585445" y="96.807543" />
                  <PolyStepSegment x="91.582669" y="96.727033" />
                  <PolyStepSegment x="91.582669" y="96.72148" />
                  <PolyStepSegment x="91.582669" y="96.707599" />
                  <PolyStepSegment x="91.585445" y="96.68539" />
                  <PolyStepSegment x="91.585445" y="96.654851" />
                  <PolyStepSegment x="91.588222" y="96.61876" />
                  <PolyStepSegment x="91.593774" y="96.577117" />
                  <PolyStepSegment x="91.599327" y="96.529921" />
                  <PolyStepSegment x="91.607655" y="96.479949" />
                  <PolyStepSegment x="91.61876" y="96.427201" />
                  <PolyStepSegment x="91.632641" y="96.374453" />
                  <PolyStepSegment x="91.646522" y="96.318929" />
                  <PolyStepSegment x="91.665956" y="96.263404" />
                  <PolyStepSegment x="91.690942" y="96.210656" />
                  <PolyStepSegment x="91.715928" y="96.160684" />
                  <PolyStepSegment x="91.746466" y="96.110712" />
                  <PolyStepSegment x="91.782557" y="96.066292" />
                  <PolyStepSegment x="91.785333" y="96.063516" />
                  <PolyStepSegment x="91.790886" y="96.057964" />
                  <PolyStepSegment x="91.801991" y="96.046859" />
                  <PolyStepSegment x="91.818648" y="96.030202" />
                  <PolyStepSegment x="91.838082" y="96.013544" />
                  <PolyStepSegment x="91.863067" y="95.994111" />
                  <PolyStepSegment x="91.89083" y="95.974677" />
                  <PolyStepSegment x="91.921368" y="95.955244" />
                  <PolyStepSegment x="91.957459" y="95.933034" />
                  <PolyStepSegment x="91.996326" y="95.9136" />
                  <PolyStepSegment x="92.037969" y="95.894167" />
                  <PolyStepSegment x="92.082389" y="95.87751" />
                  <PolyStepSegment x="92.129585" y="95.863628" />
                  <PolyStepSegment x="92.182333" y="95.852524" />
                  <PolyStepSegment x="92.237857" y="95.844195" />
                  <PolyStepSegment x="92.293382" y="95.841419" />
                  <PolyStepSegment x="92.307263" y="95.841419" />
                  <PolyStepSegment x="92.32392" y="95.844195" />
                  <PolyStepSegment x="92.34613" y="95.844195" />
                  <PolyStepSegment x="92.371116" y="95.846971" />
                  <PolyStepSegment x="92.401654" y="95.852524" />
                  <PolyStepSegment x="92.434969" y="95.860852" />
                  <PolyStepSegment x="92.473836" y="95.869181" />
                  <PolyStepSegment x="92.512703" y="95.880286" />
                  <PolyStepSegment x="92.55157" y="95.896943" />
                  <PolyStepSegment x="92.59599" y="95.9136" />
                  <PolyStepSegment x="92.637633" y="95.93581" />
                  <PolyStepSegment x="92.679276" y="95.960796" />
                  <PolyStepSegment x="92.720919" y="95.991335" />
                  <PolyStepSegment x="92.762563" y="96.024649" />
                  <PolyStepSegment x="92.80143" y="96.063516" />
                  <PolyStepSegment x="92.804206" y="96.066292" />
                  <PolyStepSegment x="92.809758" y="96.074621" />
                  <PolyStepSegment x="92.820863" y="96.085726" />
                  <PolyStepSegment x="92.831968" y="96.10516" />
                  <PolyStepSegment x="92.848626" y="96.127369" />
                  <PolyStepSegment x="92.865283" y="96.157908" />
                  <PolyStepSegment x="92.88194" y="96.191222" />
                  <PolyStepSegment x="92.901374" y="96.230089" />
                  <PolyStepSegment x="92.920807" y="96.274509" />
                  <PolyStepSegment x="92.937465" y="96.324481" />
                  <PolyStepSegment x="92.954122" y="96.380005" />
                  <PolyStepSegment x="92.970779" y="96.438306" />
                  <PolyStepSegment x="92.981884" y="96.504935" />
                  <PolyStepSegment x="92.992989" y="96.574341" />
                  <PolyStepSegment x="92.998541" y="96.652075" />
                  <PolyStepSegment x="93.001318" y="96.732585" />
                  <PolyStepSegment x="93.001318" y="96.738138" />
                  <PolyStepSegment x="93.001318" y="96.752019" />
                  <PolyStepSegment x="93.001318" y="96.774229" />
                  <PolyStepSegment x="92.998541" y="96.804767" />
                  <PolyStepSegment x="92.995765" y="96.840858" />
                  <PolyStepSegment x="92.990213" y="96.882501" />
                  <PolyStepSegment x="92.98466" y="96.929697" />
                  <PolyStepSegment x="92.976332" y="96.979669" />
                  <PolyStepSegment x="92.968003" y="97.032417" />
                  <PolyStepSegment x="92.954122" y="97.087941" />
                  <PolyStepSegment x="92.937465" y="97.143466" />
                  <PolyStepSegment x="92.920807" y="97.196214" />
                  <PolyStepSegment x="92.895821" y="97.248962" />
                  <PolyStepSegment x="92.870835" y="97.298934" />
                  <PolyStepSegment x="92.840297" y="97.348906" />
                  <PolyStepSegment x="92.806982" y="97.390549" />
                  <PolyStepSegment x="92.804206" y="97.393326" />
                  <PolyStepSegment x="92.798654" y="97.398878" />
                  <PolyStepSegment x="92.787549" y="97.409983" />
                  <PolyStepSegment x="92.770891" y="97.423864" />
                  <PolyStepSegment x="92.751458" y="97.440521" />
                  <PolyStepSegment x="92.729248" y="97.459955" />
                  <PolyStepSegment x="92.701486" y="97.479388" />
                  <PolyStepSegment x="92.670948" y="97.501598" />
                  <PolyStepSegment x="92.634857" y="97.521032" />
                  <PolyStepSegment x="92.59599" y="97.540465" />
                  <PolyStepSegment x="92.554346" y="97.559899" />
                  <PolyStepSegment x="92.507151" y="97.576556" />
                  <PolyStepSegment x="92.459955" y="97.590437" />
                  <PolyStepSegment x="92.407207" y="97.601542" />
                  <PolyStepSegment x="92.351682" y="97.607095" />
                  <PolyStepSegment x="92.293382" y="97.609871" />
                </Cutout>
              </Contour>
            </Features>
            <Features>
              <Contour>
                <Polygon>
                  <PolyBegin x="96.252271" y="95.447195" />
                  <PolyStepSegment x="95.688699" y="95.447195" />
                  <PolyStepSegment x="95.463825" y="96.030202" />
                  <PolyStepSegment x="94.4394" y="96.030202" />
                  <PolyStepSegment x="94.225631" y="95.447195" />
                  <PolyStepSegment x="93.678715" y="95.447195" />
                  <PolyStepSegment x="94.675378" y="98.009646" />
                  <PolyStepSegment x="95.22507" y="98.009646" />
                  <PolyStepSegment x="96.252271" y="95.447195" />
                </Polygon>
                <Cutout>
                  <PolyBegin x="94.944672" y="97.412759" />
                  <PolyStepSegment x="94.597644" y="96.463292" />
                  <PolyStepSegment x="95.300028" y="96.463292" />
                  <PolyStepSegment x="94.944672" y="97.412759" />
                </Cutout>
              </Contour>
            </Features>
            <Features>
              <Contour>
                <Polygon>
                  <PolyBegin x="97.548766" y="98.00687" />
                  <PolyStepSegment x="97.612619" y="98.00687" />
                  <PolyStepSegment x="97.64871" y="98.004094" />
                  <PolyStepSegment x="97.726444" y="97.998542" />
                  <PolyStepSegment x="97.806954" y="97.987437" />
                  <PolyStepSegment x="97.884689" y="97.976332" />
                  <PolyStepSegment x="97.92078" y="97.968003" />
                  <PolyStepSegment x="97.954094" y="97.959675" />
                  <PolyStepSegment x="97.95687" y="97.959675" />
                  <PolyStepSegment x="97.965199" y="97.956898" />
                  <PolyStepSegment x="97.976304" y="97.951346" />
                  <PolyStepSegment x="97.992961" y="97.945793" />
                  <PolyStepSegment x="98.012395" y="97.940241" />
                  <PolyStepSegment x="98.034605" y="97.929136" />
                  <PolyStepSegment x="98.087353" y="97.90415" />
                  <PolyStepSegment x="98.14843" y="97.873612" />
                  <PolyStepSegment x="98.212283" y="97.831968" />
                  <PolyStepSegment x="98.276136" y="97.781996" />
                  <PolyStepSegment x="98.339989" y="97.723696" />
                  <PolyStepSegment x="98.342765" y="97.72092" />
                  <PolyStepSegment x="98.348317" y="97.715367" />
                  <PolyStepSegment x="98.356646" y="97.707039" />
                  <PolyStepSegment x="98.367751" y="97.693157" />
                  <PolyStepSegment x="98.378856" y="97.6765" />
                  <PolyStepSegment x="98.395513" y="97.657067" />
                  <PolyStepSegment x="98.41217" y="97.634857" />
                  <PolyStepSegment x="98.431604" y="97.607095" />
                  <PolyStepSegment x="98.451038" y="97.579332" />
                  <PolyStepSegment x="98.470471" y="97.548794" />
                  <PolyStepSegment x="98.512114" y="97.476612" />
                  <PolyStepSegment x="98.550981" y="97.396102" />
                  <PolyStepSegment x="98.584296" y="97.307263" />
                  <PolyStepSegment x="98.584296" y="97.304487" />
                  <PolyStepSegment x="98.587072" y="97.296158" />
                  <PolyStepSegment x="98.592625" y="97.282277" />
                  <PolyStepSegment x="98.598177" y="97.262843" />
                  <PolyStepSegment x="98.60373" y="97.240634" />
                  <PolyStepSegment x="98.612058" y="97.210095" />
                  <PolyStepSegment x="98.620387" y="97.17678" />
                  <PolyStepSegment x="98.628716" y="97.14069" />
                  <PolyStepSegment x="98.634268" y="97.099046" />
                  <PolyStepSegment x="98.642597" y="97.051851" />
                  <PolyStepSegment x="98.650925" y="97.001879" />
                  <PolyStepSegment x="98.656478" y="96.94913" />
                  <PolyStepSegment x="98.66203" y="96.89083" />
                  <PolyStepSegment x="98.667583" y="96.832529" />
                  <PolyStepSegment x="98.670359" y="96.768676" />
                  <PolyStepSegment x="98.670359" y="96.702047" />
                  <PolyStepSegment x="98.670359" y="96.699271" />
                  <PolyStepSegment x="98.670359" y="96.688166" />
                  <PolyStepSegment x="98.670359" y="96.671508" />
                  <PolyStepSegment x="98.670359" y="96.649299" />
                  <PolyStepSegment x="98.667583" y="96.621536" />
                  <PolyStepSegment x="98.667583" y="96.590998" />
                  <PolyStepSegment x="98.664806" y="96.554907" />
                  <PolyStepSegment x="98.659254" y="96.51604" />
                  <PolyStepSegment x="98.650925" y="96.429977" />
                  <PolyStepSegment x="98.637044" y="96.338362" />
                  <PolyStepSegment x="98.617611" y="96.246747" />
                  <PolyStepSegment x="98.589849" y="96.157908" />
                  <PolyStepSegment x="98.589849" y="96.155132" />
                  <PolyStepSegment x="98.584296" y="96.146803" />
                  <PolyStepSegment x="98.578744" y="96.130146" />
                  <PolyStepSegment x="98.573191" y="96.110712" />
                  <PolyStepSegment x="98.562086" y="96.088502" />
                  <PolyStepSegment x="98.550981" y="96.06074" />
                  <PolyStepSegment x="98.5371" y="96.030202" />
                  <PolyStepSegment x="98.520443" y="95.996887" />
                  <PolyStepSegment x="98.481576" y="95.924705" />
                  <PolyStepSegment x="98.43438" y="95.849747" />
                  <PolyStepSegment x="98.378856" y="95.774789" />
                  <PolyStepSegment x="98.315003" y="95.705384" />
                  <PolyStepSegment x="98.312227" y="95.702608" />
                  <PolyStepSegment x="98.30945" y="95.699831" />
                  <PolyStepSegment x="98.301122" y="95.691503" />
                  <PolyStepSegment x="98.290017" y="95.683174" />
                  <PolyStepSegment x="98.276136" y="95.672069" />
                  <PolyStepSegment x="98.262255" y="95.658188" />
                  <PolyStepSegment x="98.242821" y="95.644307" />
                  <PolyStepSegment x="98.220611" y="95.630426" />
                  <PolyStepSegment x="98.167863" y="95.597111" />
                  <PolyStepSegment x="98.106786" y="95.563797" />
                  <PolyStepSegment x="98.034605" y="95.530482" />
                  <PolyStepSegment x="97.954094" y="95.499944" />
                  <PolyStepSegment x="97.951318" y="95.499944" />
                  <PolyStepSegment x="97.945766" y="95.497167" />
                  <PolyStepSegment x="97.937437" y="95.494391" />
                  <PolyStepSegment x="97.923556" y="95.491615" />
                  <PolyStepSegment x="97.906898" y="95.488839" />
                  <PolyStepSegment x="97.884689" y="95.483286" />
                  <PolyStepSegment x="97.859703" y="95.477734" />
                  <PolyStepSegment x="97.83194" y="95.474958" />
                  <PolyStepSegment x="97.801402" y="95.469405" />
                  <PolyStepSegment x="97.768087" y="95.463853" />
                  <PolyStepSegment x="97.72922" y="95.4583" />
                  <PolyStepSegment x="97.687577" y="95.455524" />
                  <PolyStepSegment x="97.645934" y="95.452748" />
                  <PolyStepSegment x="97.598738" y="95.449972" />
                  <PolyStepSegment x="97.548766" y="95.447195" />
                  <PolyStepSegment x="96.524341" y="95.447195" />
                  <PolyStepSegment x="96.524341" y="98.009646" />
                  <PolyStepSegment x="97.521004" y="98.009646" />
                  <PolyStepSegment x="97.548766" y="98.00687" />
                </Polygon>
                <Cutout>
                  <PolyBegin x="97.379417" y="97.576556" />
                  <PolyStepSegment x="97.040718" y="97.576556" />
                  <PolyStepSegment x="97.040718" y="95.880286" />
                  <PolyStepSegment x="97.50157" y="95.880286" />
                  <PolyStepSegment x="97.54599" y="95.883062" />
                  <PolyStepSegment x="97.598738" y="95.885838" />
                  <PolyStepSegment x="97.651486" y="95.888614" />
                  <PolyStepSegment x="97.698682" y="95.894167" />
                  <PolyStepSegment x="97.720892" y="95.899719" />
                  <PolyStepSegment x="97.740325" y="95.902496" />
                  <PolyStepSegment x="97.743101" y="95.902496" />
                  <PolyStepSegment x="97.745878" y="95.905272" />
                  <PolyStepSegment x="97.762535" y="95.908048" />
                  <PolyStepSegment x="97.784745" y="95.916377" />
                  <PolyStepSegment x="97.812507" y="95.927482" />
                  <PolyStepSegment x="97.845822" y="95.944139" />
                  <PolyStepSegment x="97.881912" y="95.963572" />
                  <PolyStepSegment x="97.915227" y="95.985782" />
                  <PolyStepSegment x="97.948542" y="96.010768" />
                  <PolyStepSegment x="97.951318" y="96.013544" />
                  <PolyStepSegment x="97.962423" y="96.024649" />
                  <PolyStepSegment x="97.97908" y="96.044083" />
                  <PolyStepSegment x="97.995737" y="96.069069" />
                  <PolyStepSegment x="98.017947" y="96.10516" />
                  <PolyStepSegment x="98.040157" y="96.146803" />
                  <PolyStepSegment x="98.062367" y="96.196775" />
                  <PolyStepSegment x="98.084576" y="96.257852" />
                  <PolyStepSegment x="98.084576" y="96.260628" />
                  <PolyStepSegment x="98.087353" y="96.26618" />
                  <PolyStepSegment x="98.090129" y="96.274509" />
                  <PolyStepSegment x="98.092905" y="96.28839" />
                  <PolyStepSegment x="98.095681" y="96.307824" />
                  <PolyStepSegment x="98.101234" y="96.327257" />
                  <PolyStepSegment x="98.106786" y="96.352243" />
                  <PolyStepSegment x="98.112339" y="96.380005" />
                  <PolyStepSegment x="98.115115" y="96.41332" />
                  <PolyStepSegment x="98.120667" y="96.449411" />
                  <PolyStepSegment x="98.12622" y="96.485502" />
                  <PolyStepSegment x="98.128996" y="96.527145" />
                  <PolyStepSegment x="98.131772" y="96.574341" />
                  <PolyStepSegment x="98.134548" y="96.621536" />
                  <PolyStepSegment x="98.137325" y="96.674285" />
                  <PolyStepSegment x="98.137325" y="96.727033" />
                  <PolyStepSegment x="98.137325" y="96.729809" />
                  <PolyStepSegment x="98.137325" y="96.740914" />
                  <PolyStepSegment x="98.137325" y="96.754795" />
                  <PolyStepSegment x="98.137325" y="96.777005" />
                  <PolyStepSegment x="98.134548" y="96.801991" />
                  <PolyStepSegment x="98.134548" y="96.829753" />
                  <PolyStepSegment x="98.131772" y="96.860291" />
                  <PolyStepSegment x="98.131772" y="96.896382" />
                  <PolyStepSegment x="98.123444" y="96.968564" />
                  <PolyStepSegment x="98.115115" y="97.043522" />
                  <PolyStepSegment x="98.101234" y="97.11848" />
                  <PolyStepSegment x="98.092905" y="97.151795" />
                  <PolyStepSegment x="98.084576" y="97.182333" />
                  <PolyStepSegment x="98.084576" y="97.185109" />
                  <PolyStepSegment x="98.0818" y="97.190662" />
                  <PolyStepSegment x="98.079024" y="97.19899" />
                  <PolyStepSegment x="98.076248" y="97.207319" />
                  <PolyStepSegment x="98.062367" y="97.237857" />
                  <PolyStepSegment x="98.045709" y="97.273948" />
                  <PolyStepSegment x="98.026276" y="97.312815" />
                  <PolyStepSegment x="98.00129" y="97.354459" />
                  <PolyStepSegment x="97.970751" y="97.393326" />
                  <PolyStepSegment x="97.937437" y="97.429417" />
                  <PolyStepSegment x="97.931884" y="97.432193" />
                  <PolyStepSegment x="97.92078" y="97.443298" />
                  <PolyStepSegment x="97.89857" y="97.459955" />
                  <PolyStepSegment x="97.870808" y="97.479388" />
                  <PolyStepSegment x="97.837493" y="97.498822" />
                  <PolyStepSegment x="97.79585" y="97.518256" />
                  <PolyStepSegment x="97.748654" y="97.537689" />
                  <PolyStepSegment x="97.695906" y="97.55157" />
                  <PolyStepSegment x="97.690353" y="97.55157" />
                  <PolyStepSegment x="97.684801" y="97.554346" />
                  <PolyStepSegment x="97.673696" y="97.554346" />
                  <PolyStepSegment x="97.662591" y="97.557123" />
                  <PolyStepSegment x="97.645934" y="97.559899" />
                  <PolyStepSegment x="97.6265" y="97.562675" />
                  <PolyStepSegment x="97.601514" y="97.565451" />
                  <PolyStepSegment x="97.576528" y="97.565451" />
                  <PolyStepSegment x="97.54599" y="97.568228" />
                  <PolyStepSegment x="97.509899" y="97.571004" />
                  <PolyStepSegment x="97.471032" y="97.57378" />
                  <PolyStepSegment x="97.426612" y="97.57378" />
                  <PolyStepSegment x="97.379417" y="97.576556" />
                </Cutout>
              </Contour>
            </Features>
            <Features>
              <Contour>
                <Polygon>
                  <PolyBegin x="100.90244" y="98.015199" />
                  <PolyStepSegment x="100.932978" y="98.012423" />
                  <PolyStepSegment x="100.969069" y="98.00687" />
                  <PolyStepSegment x="101.010712" y="98.001318" />
                  <PolyStepSegment x="101.055132" y="97.992989" />
                  <PolyStepSegment x="101.102328" y="97.981884" />
                  <PolyStepSegment x="101.149523" y="97.968003" />
                  <PolyStepSegment x="101.199495" y="97.951346" />
                  <PolyStepSegment x="101.249467" y="97.931912" />
                  <PolyStepSegment x="101.296663" y="97.906926" />
                  <PolyStepSegment x="101.343859" y="97.879164" />
                  <PolyStepSegment x="101.391055" y="97.848626" />
                  <PolyStepSegment x="101.432698" y="97.812535" />
                  <PolyStepSegment x="101.435474" y="97.809759" />
                  <PolyStepSegment x="101.441026" y="97.804206" />
                  <PolyStepSegment x="101.452131" y="97.790325" />
                  <PolyStepSegment x="101.466012" y="97.776444" />
                  <PolyStepSegment x="101.48267" y="97.75701" />
                  <PolyStepSegment x="101.502103" y="97.732024" />
                  <PolyStepSegment x="101.521537" y="97.704262" />
                  <PolyStepSegment x="101.543747" y="97.670948" />
                  <PolyStepSegment x="101.56318" y="97.637633" />
                  <PolyStepSegment x="101.582614" y="97.598766" />
                  <PolyStepSegment x="101.602047" y="97.557123" />
                  <PolyStepSegment x="101.618705" y="97.512703" />
                  <PolyStepSegment x="101.632586" y="97.462731" />
                  <PolyStepSegment x="101.643691" y="97.412759" />
                  <PolyStepSegment x="101.649243" y="97.360011" />
                  <PolyStepSegment x="101.652019" y="97.304487" />
                  <PolyStepSegment x="101.652019" y="97.30171" />
                  <PolyStepSegment x="101.652019" y="97.296158" />
                  <PolyStepSegment x="101.652019" y="97.287829" />
                  <PolyStepSegment x="101.652019" y="97.273948" />
                  <PolyStepSegment x="101.649243" y="97.260067" />
                  <PolyStepSegment x="101.649243" y="97.240634" />
                  <PolyStepSegment x="101.643691" y="97.19899" />
                  <PolyStepSegment x="101.635362" y="97.146242" />
                  <PolyStepSegment x="101.624257" y="97.090718" />
                  <PolyStepSegment x="101.610376" y="97.032417" />
                  <PolyStepSegment x="101.588166" y="96.974116" />
                  <PolyStepSegment x="101.588166" y="96.97134" />
                  <PolyStepSegment x="101.58539" y="96.968564" />
                  <PolyStepSegment x="101.582614" y="96.957459" />
                  <PolyStepSegment x="101.577061" y="96.946354" />
                  <PolyStepSegment x="101.568733" y="96.932473" />
                  <PolyStepSegment x="101.560404" y="96.915816" />
                  <PolyStepSegment x="101.54097" y="96.874173" />
                  <PolyStepSegment x="101.513208" y="96.826977" />
                  <PolyStepSegment x="101.479894" y="96.771452" />
                  <PolyStepSegment x="101.43825" y="96.710376" />
                  <PolyStepSegment x="101.391055" y="96.646522" />
                  <PolyStepSegment x="101.385502" y="96.64097" />
                  <PolyStepSegment x="101.374397" y="96.624313" />
                  <PolyStepSegment x="101.349411" y="96.599327" />
                  <PolyStepSegment x="101.318873" y="96.563236" />
                  <PolyStepSegment x="101.296663" y="96.541026" />
                  <PolyStepSegment x="101.274453" y="96.51604" />
                  <PolyStepSegment x="101.246691" y="96.491054" />
                  <PolyStepSegment x="101.218929" y="96.460516" />
                  <PolyStepSegment x="101.185614" y="96.429977" />
                  <PolyStepSegment x="101.149523" y="96.393886" />
                  <PolyStepSegment x="101.110656" y="96.357796" />
                  <PolyStepSegment x="101.069013" y="96.318929" />
                  <PolyStepSegment x="101.066237" y="96.316152" />
                  <PolyStepSegment x="101.057908" y="96.3106" />
                  <PolyStepSegment x="101.046803" y="96.299495" />
                  <PolyStepSegment x="101.032922" y="96.285614" />
                  <PolyStepSegment x="101.013489" y="96.268957" />
                  <PolyStepSegment x="100.991279" y="96.249523" />
                  <PolyStepSegment x="100.944083" y="96.205104" />
                  <PolyStepSegment x="100.894111" y="96.157908" />
                  <PolyStepSegment x="100.846915" y="96.110712" />
                  <PolyStepSegment x="100.824706" y="96.088502" />
                  <PolyStepSegment x="100.805272" y="96.069069" />
                  <PolyStepSegment x="100.788615" y="96.049635" />
                  <PolyStepSegment x="100.774734" y="96.035754" />
                  <PolyStepSegment x="100.771957" y="96.032978" />
                  <PolyStepSegment x="100.763629" y="96.024649" />
                  <PolyStepSegment x="100.752524" y="96.010768" />
                  <PolyStepSegment x="100.738643" y="95.994111" />
                  <PolyStepSegment x="100.724762" y="95.971901" />
                  <PolyStepSegment x="100.708104" y="95.949691" />
                  <PolyStepSegment x="100.67479" y="95.902496" />
                  <PolyStepSegment x="101.652019" y="95.902496" />
                  <PolyStepSegment x="101.652019" y="95.447195" />
                  <PolyStepSegment x="99.930763" y="95.447195" />
                  <PolyStepSegment x="99.930763" y="95.449972" />
                  <PolyStepSegment x="99.933539" y="95.4583" />
                  <PolyStepSegment x="99.933539" y="95.472181" />
                  <PolyStepSegment x="99.936315" y="95.491615" />
                  <PolyStepSegment x="99.941868" y="95.513825" />
                  <PolyStepSegment x="99.94742" y="95.541587" />
                  <PolyStepSegment x="99.952973" y="95.572125" />
                  <PolyStepSegment x="99.961301" y="95.60544" />
                  <PolyStepSegment x="99.983511" y="95.680398" />
                  <PolyStepSegment x="100.014049" y="95.763685" />
                  <PolyStepSegment x="100.05014" y="95.849747" />
                  <PolyStepSegment x="100.097336" y="95.93581" />
                  <PolyStepSegment x="100.100112" y="95.938586" />
                  <PolyStepSegment x="100.102888" y="95.946915" />
                  <PolyStepSegment x="100.113993" y="95.960796" />
                  <PolyStepSegment x="100.125098" y="95.977453" />
                  <PolyStepSegment x="100.141756" y="95.999663" />
                  <PolyStepSegment x="100.163965" y="96.030202" />
                  <PolyStepSegment x="100.188951" y="96.06074" />
                  <PolyStepSegment x="100.21949" y="96.099607" />
                  <PolyStepSegment x="100.252804" y="96.14125" />
                  <PolyStepSegment x="100.294448" y="96.18567" />
                  <PolyStepSegment x="100.338867" y="96.238418" />
                  <PolyStepSegment x="100.388839" y="96.291166" />
                  <PolyStepSegment x="100.444364" y="96.349467" />
                  <PolyStepSegment x="100.508217" y="96.41332" />
                  <PolyStepSegment x="100.574846" y="96.479949" />
                  <PolyStepSegment x="100.649804" y="96.549355" />
                  <PolyStepSegment x="100.65258" y="96.552131" />
                  <PolyStepSegment x="100.663685" y="96.563236" />
                  <PolyStepSegment x="100.680342" y="96.579893" />
                  <PolyStepSegment x="100.702552" y="96.599327" />
                  <PolyStepSegment x="100.730314" y="96.624313" />
                  <PolyStepSegment x="100.758076" y="96.652075" />
                  <PolyStepSegment x="100.791391" y="96.68539" />
                  <PolyStepSegment x="100.824706" y="96.718704" />
                  <PolyStepSegment x="100.896887" y="96.78811" />
                  <PolyStepSegment x="100.963517" y="96.857515" />
                  <PolyStepSegment x="100.991279" y="96.888054" />
                  <PolyStepSegment x="101.019041" y="96.918592" />
                  <PolyStepSegment x="101.041251" y="96.946354" />
                  <PolyStepSegment x="101.057908" y="96.968564" />
                  <PolyStepSegment x="101.057908" y="96.97134" />
                  <PolyStepSegment x="101.063461" y="96.974116" />
                  <PolyStepSegment x="101.066237" y="96.982445" />
                  <PolyStepSegment x="101.074565" y="96.99355" />
                  <PolyStepSegment x="101.091223" y="97.024088" />
                  <PolyStepSegment x="101.110656" y="97.062955" />
                  <PolyStepSegment x="101.127314" y="97.107375" />
                  <PolyStepSegment x="101.143971" y="97.157347" />
                  <PolyStepSegment x="101.155076" y="97.212871" />
                  <PolyStepSegment x="101.160628" y="97.268396" />
                  <PolyStepSegment x="101.160628" y="97.271172" />
                  <PolyStepSegment x="101.160628" y="97.276724" />
                  <PolyStepSegment x="101.160628" y="97.285053" />
                  <PolyStepSegment x="101.160628" y="97.296158" />
                  <PolyStepSegment x="101.155076" y="97.32392" />
                  <PolyStepSegment x="101.149523" y="97.362787" />
                  <PolyStepSegment x="101.138418" y="97.401654" />
                  <PolyStepSegment x="101.124537" y="97.443298" />
                  <PolyStepSegment x="101.102328" y="97.484941" />
                  <PolyStepSegment x="101.071789" y="97.521032" />
                  <PolyStepSegment x="101.069013" y="97.523808" />
                  <PolyStepSegment x="101.055132" y="97.534913" />
                  <PolyStepSegment x="101.035698" y="97.548794" />
                  <PolyStepSegment x="101.007936" y="97.565451" />
                  <PolyStepSegment x="100.971845" y="97.582109" />
                  <PolyStepSegment x="100.930202" y="97.59599" />
                  <PolyStepSegment x="100.883006" y="97.607095" />
                  <PolyStepSegment x="100.827482" y="97.609871" />
                  <PolyStepSegment x="100.802496" y="97.609871" />
                  <PolyStepSegment x="100.774734" y="97.604318" />
                  <PolyStepSegment x="100.738643" y="97.598766" />
                  <PolyStepSegment x="100.699776" y="97.587661" />
                  <PolyStepSegment x="100.658132" y="97.571004" />
                  <PolyStepSegment x="100.616489" y="97.546018" />
                  <PolyStepSegment x="100.580398" y="97.515479" />
                  <PolyStepSegment x="100.577622" y="97.509927" />
                  <PolyStepSegment x="100.566517" y="97.498822" />
                  <PolyStepSegment x="100.552636" y="97.476612" />
                  <PolyStepSegment x="100.533203" y="97.443298" />
                  <PolyStepSegment x="100.516545" y="97.401654" />
                  <PolyStepSegment x="100.499888" y="97.348906" />
                  <PolyStepSegment x="100.486007" y="97.285053" />
                  <PolyStepSegment x="100.480454" y="97.248962" />
                  <PolyStepSegment x="100.477678" y="97.210095" />
                  <PolyStepSegment x="99.989063" y="97.257291" />
                  <PolyStepSegment x="99.989063" y="97.262843" />
                  <PolyStepSegment x="99.99184" y="97.273948" />
                  <PolyStepSegment x="99.994616" y="97.296158" />
                  <PolyStepSegment x="100.000168" y="97.32392" />
                  <PolyStepSegment x="100.005721" y="97.357235" />
                  <PolyStepSegment x="100.014049" y="97.396102" />
                  <PolyStepSegment x="100.025154" y="97.437745" />
                  <PolyStepSegment x="100.039035" y="97.482165" />
                  <PolyStepSegment x="100.055693" y="97.52936" />
                  <PolyStepSegment x="100.075126" y="97.576556" />
                  <PolyStepSegment x="100.097336" y="97.626528" />
                  <PolyStepSegment x="100.122322" y="97.673724" />
                  <PolyStepSegment x="100.150084" y="97.72092" />
                  <PolyStepSegment x="100.183399" y="97.765339" />
                  <PolyStepSegment x="100.21949" y="97.804206" />
                  <PolyStepSegment x="100.261133" y="97.840297" />
                  <PolyStepSegment x="100.263909" y="97.843073" />
                  <PolyStepSegment x="100.272238" y="97.848626" />
                  <PolyStepSegment x="100.286119" y="97.856954" />
                  <PolyStepSegment x="100.302776" y="97.868059" />
                  <PolyStepSegment x="100.324986" y="97.88194" />
                  <PolyStepSegment x="100.352748" y="97.895821" />
                  <PolyStepSegment x="100.383287" y="97.912479" />
                  <PolyStepSegment x="100.419378" y="97.929136" />
                  <PolyStepSegment x="100.461021" y="97.945793" />
                  <PolyStepSegment x="100.502664" y="97.962451" />
                  <PolyStepSegment x="100.54986" y="97.976332" />
                  <PolyStepSegment x="100.602608" y="97.990213" />
                  <PolyStepSegment x="100.655356" y="98.001318" />
                  <PolyStepSegment x="100.713657" y="98.009646" />
                  <PolyStepSegment x="100.774734" y="98.015199" />
                  <PolyStepSegment x="100.838587" y="98.017975" />
                  <PolyStepSegment x="100.874678" y="98.017975" />
                  <PolyStepSegment x="100.90244" y="98.015199" />
                </Polygon>
              </Contour>
            </Features>
            <Features>
              <Contour>
                <Polygon>
                  <PolyBegin x="103.992373" y="96.130146" />
                  <PolyStepSegment x="103.026248" y="96.130146" />
                  <PolyStepSegment x="103.026248" y="96.621536" />
                  <PolyStepSegment x="103.992373" y="96.621536" />
                  <PolyStepSegment x="103.992373" y="96.130146" />
                </Polygon>
              </Contour>
            </Features>
            <Features>
              <Contour>
                <Polygon>
                  <PolyBegin x="106.418789" y="95.447195" />
                  <PolyStepSegment x="105.927398" y="95.447195" />
                  <PolyStepSegment x="105.927398" y="97.293382" />
                  <PolyStepSegment x="105.924622" y="97.290606" />
                  <PolyStepSegment x="105.916293" y="97.282277" />
                  <PolyStepSegment x="105.899636" y="97.268396" />
                  <PolyStepSegment x="105.880202" y="97.251738" />
                  <PolyStepSegment x="105.855216" y="97.232305" />
                  <PolyStepSegment x="105.821902" y="97.207319" />
                  <PolyStepSegment x="105.788587" y="97.179557" />
                  <PolyStepSegment x="105.746944" y="97.151795" />
                  <PolyStepSegment x="105.702524" y="97.121256" />
                  <PolyStepSegment x="105.655328" y="97.090718" />
                  <PolyStepSegment x="105.60258" y="97.060179" />
                  <PolyStepSegment x="105.547056" y="97.029641" />
                  <PolyStepSegment x="105.488755" y="96.999102" />
                  <PolyStepSegment x="105.424902" y="96.97134" />
                  <PolyStepSegment x="105.361049" y="96.946354" />
                  <PolyStepSegment x="105.29442" y="96.921368" />
                  <PolyStepSegment x="105.29442" y="97.36834" />
                  <PolyStepSegment x="105.297196" y="97.36834" />
                  <PolyStepSegment x="105.302748" y="97.371116" />
                  <PolyStepSegment x="105.313853" y="97.373892" />
                  <PolyStepSegment x="105.327734" y="97.379445" />
                  <PolyStepSegment x="105.347168" y="97.387773" />
                  <PolyStepSegment x="105.366602" y="97.396102" />
                  <PolyStepSegment x="105.391588" y="97.407207" />
                  <PolyStepSegment x="105.41935" y="97.421088" />
                  <PolyStepSegment x="105.480427" y="97.451626" />
                  <PolyStepSegment x="105.549832" y="97.49327" />
                  <PolyStepSegment x="105.627566" y="97.543242" />
                  <PolyStepSegment x="105.710853" y="97.604318" />
                  <PolyStepSegment x="105.713629" y="97.607095" />
                  <PolyStepSegment x="105.721958" y="97.612647" />
                  <PolyStepSegment x="105.733063" y="97.620976" />
                  <PolyStepSegment x="105.746944" y="97.634857" />
                  <PolyStepSegment x="105.766377" y="97.651514" />
                  <PolyStepSegment x="105.785811" y="97.673724" />
                  <PolyStepSegment x="105.808021" y="97.695934" />
                  <PolyStepSegment x="105.833007" y="97.723696" />
                  <PolyStepSegment x="105.885755" y="97.784773" />
                  <PolyStepSegment x="105.935727" y="97.854178" />
                  <PolyStepSegment x="105.982922" y="97.931912" />
                  <PolyStepSegment x="106.002356" y="97.973556" />
                  <PolyStepSegment x="106.019013" y="98.017975" />
                  <PolyStepSegment x="106.418789" y="98.017975" />
                  <PolyStepSegment x="106.418789" y="95.447195" />
                </Polygon>
              </Contour>
            </Features>
            <Features>
              <Contour>
                <Polygon>
                  <PolyBegin x="108.017892" y="98.015199" />
                  <PolyStepSegment x="108.042878" y="98.015199" />
                  <PolyStepSegment x="108.073416" y="98.009646" />
                  <PolyStepSegment x="108.109507" y="98.004094" />
                  <PolyStepSegment x="108.15115" y="97.995765" />
                  <PolyStepSegment x="108.19557" y="97.984661" />
                  <PolyStepSegment x="108.239989" y="97.970779" />
                  <PolyStepSegment x="108.287185" y="97.954122" />
                  <PolyStepSegment x="108.337157" y="97.931912" />
                  <PolyStepSegment x="108.384353" y="97.906926" />
                  <PolyStepSegment x="108.431548" y="97.876388" />
                  <PolyStepSegment x="108.478744" y="97.840297" />
                  <PolyStepSegment x="108.523164" y="97.798654" />
                  <PolyStepSegment x="108.564807" y="97.751458" />
                  <PolyStepSegment x="108.567583" y="97.748682" />
                  <PolyStepSegment x="108.575912" y="97.737577" />
                  <PolyStepSegment x="108.587017" y="97.718143" />
                  <PolyStepSegment x="108.603674" y="97.690381" />
                  <PolyStepSegment x="108.623108" y="97.657067" />
                  <PolyStepSegment x="108.645317" y="97.612647" />
                  <PolyStepSegment x="108.667527" y="97.562675" />
                  <PolyStepSegment x="108.689737" y="97.501598" />
                  <PolyStepSegment x="108.711947" y="97.434969" />
                  <PolyStepSegment x="108.736933" y="97.357235" />
                  <PolyStepSegment x="108.756366" y="97.271172" />
                  <PolyStepSegment x="108.7758" y="97.17678" />
                  <PolyStepSegment x="108.792457" y="97.07406" />
                  <PolyStepSegment x="108.803562" y="96.960235" />
                  <PolyStepSegment x="108.811891" y="96.838082" />
                  <PolyStepSegment x="108.814667" y="96.707599" />
                  <PolyStepSegment x="108.814667" y="96.704823" />
                  <PolyStepSegment x="108.814667" y="96.699271" />
                  <PolyStepSegment x="108.814667" y="96.688166" />
                  <PolyStepSegment x="108.814667" y="96.677061" />
                  <PolyStepSegment x="108.814667" y="96.657627" />
                  <PolyStepSegment x="108.811891" y="96.638194" />
                  <PolyStepSegment x="108.811891" y="96.615984" />
                  <PolyStepSegment x="108.811891" y="96.588222" />
                  <PolyStepSegment x="108.806338" y="96.529921" />
                  <PolyStepSegment x="108.800786" y="96.460516" />
                  <PolyStepSegment x="108.792457" y="96.385558" />
                  <PolyStepSegment x="108.784128" y="96.305047" />
                  <PolyStepSegment x="108.770247" y="96.218985" />
                  <PolyStepSegment x="108.75359" y="96.132922" />
                  <PolyStepSegment x="108.73138" y="96.044083" />
                  <PolyStepSegment x="108.70917" y="95.95802" />
                  <PolyStepSegment x="108.678632" y="95.87751" />
                  <PolyStepSegment x="108.645317" y="95.796999" />
                  <PolyStepSegment x="108.60645" y="95.724817" />
                  <PolyStepSegment x="108.562031" y="95.660964" />
                  <PolyStepSegment x="108.559255" y="95.658188" />
                  <PolyStepSegment x="108.553702" y="95.649859" />
                  <PolyStepSegment x="108.539821" y="95.635978" />
                  <PolyStepSegment x="108.523164" y="95.619321" />
                  <PolyStepSegment x="108.50373" y="95.599888" />
                  <PolyStepSegment x="108.475968" y="95.577678" />
                  <PolyStepSegment x="108.44543" y="95.555468" />
                  <PolyStepSegment x="108.412115" y="95.530482" />
                  <PolyStepSegment x="108.373248" y="95.505496" />
                  <PolyStepSegment x="108.328828" y="95.483286" />
                  <PolyStepSegment x="108.281633" y="95.461077" />
                  <PolyStepSegment x="108.228884" y="95.441643" />
                  <PolyStepSegment x="108.17336" y="95.424986" />
                  <PolyStepSegment x="108.112283" y="95.411105" />
                  <PolyStepSegment x="108.04843" y="95.402776" />
                  <PolyStepSegment x="107.981801" y="95.4" />
                  <PolyStepSegment x="107.965143" y="95.4" />
                  <PolyStepSegment x="107.94571" y="95.402776" />
                  <PolyStepSegment x="107.920724" y="95.405552" />
                  <PolyStepSegment x="107.887409" y="95.408328" />
                  <PolyStepSegment x="107.851318" y="95.413881" />
                  <PolyStepSegment x="107.809675" y="95.424986" />
                  <PolyStepSegment x="107.765256" y="95.436091" />
                  <PolyStepSegment x="107.71806" y="95.449972" />
                  <PolyStepSegment x="107.670864" y="95.469405" />
                  <PolyStepSegment x="107.620892" y="95.494391" />
                  <PolyStepSegment x="107.57092" y="95.519377" />
                  <PolyStepSegment x="107.520948" y="95.552692" />
                  <PolyStepSegment x="107.470976" y="95.591559" />
                  <PolyStepSegment x="107.423781" y="95.635978" />
                  <PolyStepSegment x="107.379361" y="95.68595" />
                  <PolyStepSegment x="107.376585" y="95.688727" />
                  <PolyStepSegment x="107.371032" y="95.699831" />
                  <PolyStepSegment x="107.357151" y="95.716489" />
                  <PolyStepSegment x="107.34327" y="95.741475" />
                  <PolyStepSegment x="107.326613" y="95.774789" />
                  <PolyStepSegment x="107.307179" y="95.816433" />
                  <PolyStepSegment x="107.287746" y="95.866405" />
                  <PolyStepSegment x="107.265536" y="95.921929" />
                  <PolyStepSegment x="107.243326" y="95.988558" />
                  <PolyStepSegment x="107.223893" y="96.063516" />
                  <PolyStepSegment x="107.204459" y="96.146803" />
                  <PolyStepSegment x="107.187802" y="96.241194" />
                  <PolyStepSegment x="107.173921" y="96.343914" />
                  <PolyStepSegment x="107.162816" y="96.45774" />
                  <PolyStepSegment x="107.154487" y="96.579893" />
                  <PolyStepSegment x="107.151711" y="96.713152" />
                  <PolyStepSegment x="107.151711" y="96.715928" />
                  <PolyStepSegment x="107.151711" y="96.72148" />
                  <PolyStepSegment x="107.151711" y="96.732585" />
                  <PolyStepSegment x="107.151711" y="96.74369" />
                  <PolyStepSegment x="107.151711" y="96.763124" />
                  <PolyStepSegment x="107.154487" y="96.782557" />
                  <PolyStepSegment x="107.154487" y="96.804767" />
                  <PolyStepSegment x="107.154487" y="96.829753" />
                  <PolyStepSegment x="107.16004" y="96.89083" />
                  <PolyStepSegment x="107.165592" y="96.957459" />
                  <PolyStepSegment x="107.173921" y="97.032417" />
                  <PolyStepSegment x="107.182249" y="97.112927" />
                  <PolyStepSegment x="107.196131" y="97.19899" />
                  <PolyStepSegment x="107.212788" y="97.285053" />
                  <PolyStepSegment x="107.232221" y="97.371116" />
                  <PolyStepSegment x="107.257207" y="97.457179" />
                  <PolyStepSegment x="107.28497" y="97.540465" />
                  <PolyStepSegment x="107.318284" y="97.618199" />
                  <PolyStepSegment x="107.357151" y="97.690381" />
                  <PolyStepSegment x="107.401571" y="97.754234" />
                  <PolyStepSegment x="107.404347" y="97.75701" />
                  <PolyStepSegment x="107.412676" y="97.765339" />
                  <PolyStepSegment x="107.423781" y="97.77922" />
                  <PolyStepSegment x="107.440438" y="97.795878" />
                  <PolyStepSegment x="107.462648" y="97.815311" />
                  <PolyStepSegment x="107.487634" y="97.837521" />
                  <PolyStepSegment x="107.518172" y="97.862507" />
                  <PolyStepSegment x="107.551487" y="97.887493" />
                  <PolyStepSegment x="107.590354" y="97.909703" />
                  <PolyStepSegment x="107.634773" y="97.934689" />
                  <PolyStepSegment x="107.681969" y="97.956898" />
                  <PolyStepSegment x="107.734717" y="97.976332" />
                  <PolyStepSegment x="107.790242" y="97.992989" />
                  <PolyStepSegment x="107.851318" y="98.00687" />
                  <PolyStepSegment x="107.915172" y="98.015199" />
                  <PolyStepSegment x="107.981801" y="98.017975" />
                  <PolyStepSegment x="107.998458" y="98.017975" />
                  <PolyStepSegment x="108.017892" y="98.015199" />
                </Polygon>
                <Cutout>
                  <PolyBegin x="107.981801" y="97.609871" />
                  <PolyStepSegment x="107.96792" y="97.609871" />
                  <PolyStepSegment x="107.951262" y="97.607095" />
                  <PolyStepSegment x="107.929053" y="97.601542" />
                  <PolyStepSegment x="107.904067" y="97.59599" />
                  <PolyStepSegment x="107.876304" y="97.584885" />
                  <PolyStepSegment x="107.851318" y="97.571004" />
                  <PolyStepSegment x="107.823556" y="97.55157" />
                  <PolyStepSegment x="107.82078" y="97.548794" />
                  <PolyStepSegment x="107.812451" y="97.540465" />
                  <PolyStepSegment x="107.79857" y="97.526584" />
                  <PolyStepSegment x="107.784689" y="97.504374" />
                  <PolyStepSegment x="107.768032" y="97.476612" />
                  <PolyStepSegment x="107.748598" y="97.443298" />
                  <PolyStepSegment x="107.731941" y="97.398878" />
                  <PolyStepSegment x="107.715284" y="97.348906" />
                  <PolyStepSegment x="107.715284" y="97.34613" />
                  <PolyStepSegment x="107.712507" y="97.340577" />
                  <PolyStepSegment x="107.709731" y="97.329473" />
                  <PolyStepSegment x="107.706955" y="97.312815" />
                  <PolyStepSegment x="107.704179" y="97.290606" />
                  <PolyStepSegment x="107.698626" y="97.26562" />
                  <PolyStepSegment x="107.69585" y="97.232305" />
                  <PolyStepSegment x="107.690298" y="97.196214" />
                  <PolyStepSegment x="107.684745" y="97.154571" />
                  <PolyStepSegment x="107.681969" y="97.107375" />
                  <PolyStepSegment x="107.676417" y="97.054627" />
                  <PolyStepSegment x="107.67364" y="96.996326" />
                  <PolyStepSegment x="107.670864" y="96.935249" />
                  <PolyStepSegment x="107.668088" y="96.863068" />
                  <PolyStepSegment x="107.665312" y="96.78811" />
                  <PolyStepSegment x="107.665312" y="96.707599" />
                  <PolyStepSegment x="107.665312" y="96.702047" />
                  <PolyStepSegment x="107.665312" y="96.688166" />
                  <PolyStepSegment x="107.665312" y="96.665956" />
                  <PolyStepSegment x="107.665312" y="96.635418" />
                  <PolyStepSegment x="107.668088" y="96.596551" />
                  <PolyStepSegment x="107.668088" y="96.554907" />
                  <PolyStepSegment x="107.668088" y="96.510488" />
                  <PolyStepSegment x="107.670864" y="96.460516" />
                  <PolyStepSegment x="107.676417" y="96.357796" />
                  <PolyStepSegment x="107.684745" y="96.255075" />
                  <PolyStepSegment x="107.690298" y="96.205104" />
                  <PolyStepSegment x="107.69585" y="96.160684" />
                  <PolyStepSegment x="107.701403" y="96.121817" />
                  <PolyStepSegment x="107.709731" y="96.085726" />
                  <PolyStepSegment x="107.709731" y="96.08295" />
                  <PolyStepSegment x="107.712507" y="96.077397" />
                  <PolyStepSegment x="107.715284" y="96.069069" />
                  <PolyStepSegment x="107.71806" y="96.057964" />
                  <PolyStepSegment x="107.726389" y="96.030202" />
                  <PolyStepSegment x="107.74027" y="95.996887" />
                  <PolyStepSegment x="107.756927" y="95.95802" />
                  <PolyStepSegment x="107.776361" y="95.921929" />
                  <PolyStepSegment x="107.79857" y="95.888614" />
                  <PolyStepSegment x="107.823556" y="95.863628" />
                  <PolyStepSegment x="107.826332" y="95.860852" />
                  <PolyStepSegment x="107.834661" y="95.8553" />
                  <PolyStepSegment x="107.851318" y="95.846971" />
                  <PolyStepSegment x="107.870752" y="95.835866" />
                  <PolyStepSegment x="107.892962" y="95.824761" />
                  <PolyStepSegment x="107.920724" y="95.816433" />
                  <PolyStepSegment x="107.948486" y="95.81088" />
                  <PolyStepSegment x="107.981801" y="95.808104" />
                  <PolyStepSegment x="107.995682" y="95.808104" />
                  <PolyStepSegment x="108.012339" y="95.81088" />
                  <PolyStepSegment x="108.034549" y="95.816433" />
                  <PolyStepSegment x="108.059535" y="95.821985" />
                  <PolyStepSegment x="108.087297" y="95.830314" />
                  <PolyStepSegment x="108.112283" y="95.844195" />
                  <PolyStepSegment x="108.140045" y="95.863628" />
                  <PolyStepSegment x="108.142822" y="95.866405" />
                  <PolyStepSegment x="108.15115" y="95.874733" />
                  <PolyStepSegment x="108.165031" y="95.888614" />
                  <PolyStepSegment x="108.178912" y="95.910824" />
                  <PolyStepSegment x="108.198346" y="95.938586" />
                  <PolyStepSegment x="108.215003" y="95.971901" />
                  <PolyStepSegment x="108.231661" y="96.016321" />
                  <PolyStepSegment x="108.248318" y="96.066292" />
                  <PolyStepSegment x="108.248318" y="96.069069" />
                  <PolyStepSegment x="108.251094" y="96.074621" />
                  <PolyStepSegment x="108.25387" y="96.085726" />
                  <PolyStepSegment x="108.256647" y="96.102383" />
                  <PolyStepSegment x="108.259423" y="96.124593" />
                  <PolyStepSegment x="108.264975" y="96.149579" />
                  <PolyStepSegment x="108.270528" y="96.180118" />
                  <PolyStepSegment x="108.27608" y="96.216208" />
                  <PolyStepSegment x="108.278856" y="96.257852" />
                  <PolyStepSegment x="108.284409" y="96.305047" />
                  <PolyStepSegment x="108.289961" y="96.357796" />
                  <PolyStepSegment x="108.292737" y="96.416096" />
                  <PolyStepSegment x="108.295514" y="96.479949" />
                  <PolyStepSegment x="108.29829" y="96.549355" />
                  <PolyStepSegment x="108.301066" y="96.627089" />
                  <PolyStepSegment x="108.301066" y="96.707599" />
                  <PolyStepSegment x="108.301066" y="96.713152" />
                  <PolyStepSegment x="108.301066" y="96.727033" />
                  <PolyStepSegment x="108.301066" y="96.749243" />
                  <PolyStepSegment x="108.301066" y="96.779781" />
                  <PolyStepSegment x="108.301066" y="96.815872" />
                  <PolyStepSegment x="108.29829" y="96.860291" />
                  <PolyStepSegment x="108.29829" y="96.904711" />
                  <PolyStepSegment x="108.295514" y="96.954683" />
                  <PolyStepSegment x="108.289961" y="97.057403" />
                  <PolyStepSegment x="108.281633" y="97.157347" />
                  <PolyStepSegment x="108.27608" y="97.207319" />
                  <PolyStepSegment x="108.270528" y="97.251738" />
                  <PolyStepSegment x="108.262199" y="97.290606" />
                  <PolyStepSegment x="108.25387" y="97.326696" />
                  <PolyStepSegment x="108.25387" y="97.329473" />
                  <PolyStepSegment x="108.251094" y="97.335025" />
                  <PolyStepSegment x="108.248318" y="97.343354" />
                  <PolyStepSegment x="108.245542" y="97.354459" />
                  <PolyStepSegment x="108.237213" y="97.382221" />
                  <PolyStepSegment x="108.223332" y="97.418312" />
                  <PolyStepSegment x="108.206675" y="97.457179" />
                  <PolyStepSegment x="108.187241" y="97.49327" />
                  <PolyStepSegment x="108.165031" y="97.526584" />
                  <PolyStepSegment x="108.140045" y="97.55157" />
                  <PolyStepSegment x="108.137269" y="97.554346" />
                  <PolyStepSegment x="108.12894" y="97.559899" />
                  <PolyStepSegment x="108.112283" y="97.571004" />
                  <PolyStepSegment x="108.095626" y="97.582109" />
                  <PolyStepSegment x="108.07064" y="97.590437" />
                  <PolyStepSegment x="108.042878" y="97.601542" />
                  <PolyStepSegment x="108.015115" y="97.607095" />
                  <PolyStepSegment x="107.981801" y="97.609871" />
                </Cutout>
              </Contour>
            </Features>
            <Features>
              <Contour>
                <Polygon>
                  <PolyBegin x="110.008441" y="98.015199" />
                  <PolyStepSegment x="110.033427" y="98.015199" />
                  <PolyStepSegment x="110.063966" y="98.009646" />
                  <PolyStepSegment x="110.100057" y="98.004094" />
                  <PolyStepSegment x="110.1417" y="97.995765" />
                  <PolyStepSegment x="110.186119" y="97.984661" />
                  <PolyStepSegment x="110.230539" y="97.970779" />
                  <PolyStepSegment x="110.277735" y="97.954122" />
                  <PolyStepSegment x="110.327707" y="97.931912" />
                  <PolyStepSegment x="110.374902" y="97.906926" />
                  <PolyStepSegment x="110.422098" y="97.876388" />
                  <PolyStepSegment x="110.469294" y="97.840297" />
                  <PolyStepSegment x="110.513713" y="97.798654" />
                  <PolyStepSegment x="110.555357" y="97.751458" />
                  <PolyStepSegment x="110.558133" y="97.748682" />
                  <PolyStepSegment x="110.566462" y="97.737577" />
                  <PolyStepSegment x="110.577566" y="97.718143" />
                  <PolyStepSegment x="110.594224" y="97.690381" />
                  <PolyStepSegment x="110.613657" y="97.657067" />
                  <PolyStepSegment x="110.635867" y="97.612647" />
                  <PolyStepSegment x="110.658077" y="97.562675" />
                  <PolyStepSegment x="110.680287" y="97.501598" />
                  <PolyStepSegment x="110.702496" y="97.434969" />
                  <PolyStepSegment x="110.727482" y="97.357235" />
                  <PolyStepSegment x="110.746916" y="97.271172" />
                  <PolyStepSegment x="110.766349" y="97.17678" />
                  <PolyStepSegment x="110.783007" y="97.07406" />
                  <PolyStepSegment x="110.794112" y="96.960235" />
                  <PolyStepSegment x="110.80244" y="96.838082" />
                  <PolyStepSegment x="110.805217" y="96.707599" />
                  <PolyStepSegment x="110.805217" y="96.704823" />
                  <PolyStepSegment x="110.805217" y="96.699271" />
                  <PolyStepSegment x="110.805217" y="96.688166" />
                  <PolyStepSegment x="110.805217" y="96.677061" />
                  <PolyStepSegment x="110.805217" y="96.657627" />
                  <PolyStepSegment x="110.80244" y="96.638194" />
                  <PolyStepSegment x="110.80244" y="96.615984" />
                  <PolyStepSegment x="110.80244" y="96.588222" />
                  <PolyStepSegment x="110.796888" y="96.529921" />
                  <PolyStepSegment x="110.791335" y="96.460516" />
                  <PolyStepSegment x="110.783007" y="96.385558" />
                  <PolyStepSegment x="110.774678" y="96.305047" />
                  <PolyStepSegment x="110.760797" y="96.218985" />
                  <PolyStepSegment x="110.74414" y="96.132922" />
                  <PolyStepSegment x="110.72193" y="96.044083" />
                  <PolyStepSegment x="110.69972" y="95.95802" />
                  <PolyStepSegment x="110.669182" y="95.87751" />
                  <PolyStepSegment x="110.635867" y="95.796999" />
                  <PolyStepSegment x="110.597" y="95.724817" />
                  <PolyStepSegment x="110.552581" y="95.660964" />
                  <PolyStepSegment x="110.549804" y="95.658188" />
                  <PolyStepSegment x="110.544252" y="95.649859" />
                  <PolyStepSegment x="110.530371" y="95.635978" />
                  <PolyStepSegment x="110.513713" y="95.619321" />
                  <PolyStepSegment x="110.49428" y="95.599888" />
                  <PolyStepSegment x="110.466518" y="95.577678" />
                  <PolyStepSegment x="110.435979" y="95.555468" />
                  <PolyStepSegment x="110.402665" y="95.530482" />
                  <PolyStepSegment x="110.363798" y="95.505496" />
                  <PolyStepSegment x="110.319378" y="95.483286" />
                  <PolyStepSegment x="110.272182" y="95.461077" />
                  <PolyStepSegment x="110.219434" y="95.441643" />
                  <PolyStepSegment x="110.16391" y="95.424986" />
                  <PolyStepSegment x="110.102833" y="95.411105" />
                  <PolyStepSegment x="110.03898" y="95.402776" />
                  <PolyStepSegment x="109.972351" y="95.4" />
                  <PolyStepSegment x="109.955693" y="95.4" />
                  <PolyStepSegment x="109.93626" y="95.402776" />
                  <PolyStepSegment x="109.911274" y="95.405552" />
                  <PolyStepSegment x="109.877959" y="95.408328" />
                  <PolyStepSegment x="109.841868" y="95.413881" />
                  <PolyStepSegment x="109.800225" y="95.424986" />
                  <PolyStepSegment x="109.755805" y="95.436091" />
                  <PolyStepSegment x="109.70861" y="95.449972" />
                  <PolyStepSegment x="109.661414" y="95.469405" />
                  <PolyStepSegment x="109.611442" y="95.494391" />
                  <PolyStepSegment x="109.56147" y="95.519377" />
                  <PolyStepSegment x="109.511498" y="95.552692" />
                  <PolyStepSegment x="109.461526" y="95.591559" />
                  <PolyStepSegment x="109.41433" y="95.635978" />
                  <PolyStepSegment x="109.369911" y="95.68595" />
                  <PolyStepSegment x="109.367135" y="95.688727" />
                  <PolyStepSegment x="109.361582" y="95.699831" />
                  <PolyStepSegment x="109.347701" y="95.716489" />
                  <PolyStepSegment x="109.33382" y="95.741475" />
                  <PolyStepSegment x="109.317163" y="95.774789" />
                  <PolyStepSegment x="109.297729" y="95.816433" />
                  <PolyStepSegment x="109.278296" y="95.866405" />
                  <PolyStepSegment x="109.256086" y="95.921929" />
                  <PolyStepSegment x="109.233876" y="95.988558" />
                  <PolyStepSegment x="109.214442" y="96.063516" />
                  <PolyStepSegment x="109.195009" y="96.146803" />
                  <PolyStepSegment x="109.178352" y="96.241194" />
                  <PolyStepSegment x="109.164471" y="96.343914" />
                  <PolyStepSegment x="109.153366" y="96.45774" />
                  <PolyStepSegment x="109.145037" y="96.579893" />
                  <PolyStepSegment x="109.142261" y="96.713152" />
                  <PolyStepSegment x="109.142261" y="96.715928" />
                  <PolyStepSegment x="109.142261" y="96.72148" />
                  <PolyStepSegment x="109.142261" y="96.732585" />
                  <PolyStepSegment x="109.142261" y="96.74369" />
                  <PolyStepSegment x="109.142261" y="96.763124" />
                  <PolyStepSegment x="109.145037" y="96.782557" />
                  <PolyStepSegment x="109.145037" y="96.804767" />
                  <PolyStepSegment x="109.145037" y="96.829753" />
                  <PolyStepSegment x="109.150589" y="96.89083" />
                  <PolyStepSegment x="109.156142" y="96.957459" />
                  <PolyStepSegment x="109.164471" y="97.032417" />
                  <PolyStepSegment x="109.172799" y="97.112927" />
                  <PolyStepSegment x="109.18668" y="97.19899" />
                  <PolyStepSegment x="109.203338" y="97.285053" />
                  <PolyStepSegment x="109.222771" y="97.371116" />
                  <PolyStepSegment x="109.247757" y="97.457179" />
                  <PolyStepSegment x="109.275519" y="97.540465" />
                  <PolyStepSegment x="109.308834" y="97.618199" />
                  <PolyStepSegment x="109.347701" y="97.690381" />
                  <PolyStepSegment x="109.392121" y="97.754234" />
                  <PolyStepSegment x="109.394897" y="97.75701" />
                  <PolyStepSegment x="109.403225" y="97.765339" />
                  <PolyStepSegment x="109.41433" y="97.77922" />
                  <PolyStepSegment x="109.430988" y="97.795878" />
                  <PolyStepSegment x="109.453197" y="97.815311" />
                  <PolyStepSegment x="109.478183" y="97.837521" />
                  <PolyStepSegment x="109.508722" y="97.862507" />
                  <PolyStepSegment x="109.542036" y="97.887493" />
                  <PolyStepSegment x="109.580904" y="97.909703" />
                  <PolyStepSegment x="109.625323" y="97.934689" />
                  <PolyStepSegment x="109.672519" y="97.956898" />
                  <PolyStepSegment x="109.725267" y="97.976332" />
                  <PolyStepSegment x="109.780791" y="97.992989" />
                  <PolyStepSegment x="109.841868" y="98.00687" />
                  <PolyStepSegment x="109.905721" y="98.015199" />
                  <PolyStepSegment x="109.972351" y="98.017975" />
                  <PolyStepSegment x="109.989008" y="98.017975" />
                  <PolyStepSegment x="110.008441" y="98.015199" />
                </Polygon>
                <Cutout>
                  <PolyBegin x="109.972351" y="97.609871" />
                  <PolyStepSegment x="109.958469" y="97.609871" />
                  <PolyStepSegment x="109.941812" y="97.607095" />
                  <PolyStepSegment x="109.919602" y="97.601542" />
                  <PolyStepSegment x="109.894616" y="97.59599" />
                  <PolyStepSegment x="109.866854" y="97.584885" />
                  <PolyStepSegment x="109.841868" y="97.571004" />
                  <PolyStepSegment x="109.814106" y="97.55157" />
                  <PolyStepSegment x="109.81133" y="97.548794" />
                  <PolyStepSegment x="109.803001" y="97.540465" />
                  <PolyStepSegment x="109.78912" y="97.526584" />
                  <PolyStepSegment x="109.775239" y="97.504374" />
                  <PolyStepSegment x="109.758582" y="97.476612" />
                  <PolyStepSegment x="109.739148" y="97.443298" />
                  <PolyStepSegment x="109.722491" y="97.398878" />
                  <PolyStepSegment x="109.705833" y="97.348906" />
                  <PolyStepSegment x="109.705833" y="97.34613" />
                  <PolyStepSegment x="109.703057" y="97.340577" />
                  <PolyStepSegment x="109.700281" y="97.329473" />
                  <PolyStepSegment x="109.697505" y="97.312815" />
                  <PolyStepSegment x="109.694729" y="97.290606" />
                  <PolyStepSegment x="109.689176" y="97.26562" />
                  <PolyStepSegment x="109.6864" y="97.232305" />
                  <PolyStepSegment x="109.680847" y="97.196214" />
                  <PolyStepSegment x="109.675295" y="97.154571" />
                  <PolyStepSegment x="109.672519" y="97.107375" />
                  <PolyStepSegment x="109.666966" y="97.054627" />
                  <PolyStepSegment x="109.66419" y="96.996326" />
                  <PolyStepSegment x="109.661414" y="96.935249" />
                  <PolyStepSegment x="109.658638" y="96.863068" />
                  <PolyStepSegment x="109.655861" y="96.78811" />
                  <PolyStepSegment x="109.655861" y="96.707599" />
                  <PolyStepSegment x="109.655861" y="96.702047" />
                  <PolyStepSegment x="109.655861" y="96.688166" />
                  <PolyStepSegment x="109.655861" y="96.665956" />
                  <PolyStepSegment x="109.655861" y="96.635418" />
                  <PolyStepSegment x="109.658638" y="96.596551" />
                  <PolyStepSegment x="109.658638" y="96.554907" />
                  <PolyStepSegment x="109.658638" y="96.510488" />
                  <PolyStepSegment x="109.661414" y="96.460516" />
                  <PolyStepSegment x="109.666966" y="96.357796" />
                  <PolyStepSegment x="109.675295" y="96.255075" />
                  <PolyStepSegment x="109.680847" y="96.205104" />
                  <PolyStepSegment x="109.6864" y="96.160684" />
                  <PolyStepSegment x="109.691952" y="96.121817" />
                  <PolyStepSegment x="109.700281" y="96.085726" />
                  <PolyStepSegment x="109.700281" y="96.08295" />
                  <PolyStepSegment x="109.703057" y="96.077397" />
                  <PolyStepSegment x="109.705833" y="96.069069" />
                  <PolyStepSegment x="109.70861" y="96.057964" />
                  <PolyStepSegment x="109.716938" y="96.030202" />
                  <PolyStepSegment x="109.730819" y="95.996887" />
                  <PolyStepSegment x="109.747477" y="95.95802" />
                  <PolyStepSegment x="109.76691" y="95.921929" />
                  <PolyStepSegment x="109.78912" y="95.888614" />
                  <PolyStepSegment x="109.814106" y="95.863628" />
                  <PolyStepSegment x="109.816882" y="95.860852" />
                  <PolyStepSegment x="109.825211" y="95.8553" />
                  <PolyStepSegment x="109.841868" y="95.846971" />
                  <PolyStepSegment x="109.861302" y="95.835866" />
                  <PolyStepSegment x="109.883512" y="95.824761" />
                  <PolyStepSegment x="109.911274" y="95.816433" />
                  <PolyStepSegment x="109.939036" y="95.81088" />
                  <PolyStepSegment x="109.972351" y="95.808104" />
                  <PolyStepSegment x="109.986232" y="95.808104" />
                  <PolyStepSegment x="110.002889" y="95.81088" />
                  <PolyStepSegment x="110.025099" y="95.816433" />
                  <PolyStepSegment x="110.050085" y="95.821985" />
                  <PolyStepSegment x="110.077847" y="95.830314" />
                  <PolyStepSegment x="110.102833" y="95.844195" />
                  <PolyStepSegment x="110.130595" y="95.863628" />
                  <PolyStepSegment x="110.133371" y="95.866405" />
                  <PolyStepSegment x="110.1417" y="95.874733" />
                  <PolyStepSegment x="110.155581" y="95.888614" />
                  <PolyStepSegment x="110.169462" y="95.910824" />
                  <PolyStepSegment x="110.188896" y="95.938586" />
                  <PolyStepSegment x="110.205553" y="95.971901" />
                  <PolyStepSegment x="110.22221" y="96.016321" />
                  <PolyStepSegment x="110.238868" y="96.066292" />
                  <PolyStepSegment x="110.238868" y="96.069069" />
                  <PolyStepSegment x="110.241644" y="96.074621" />
                  <PolyStepSegment x="110.24442" y="96.085726" />
                  <PolyStepSegment x="110.247196" y="96.102383" />
                  <PolyStepSegment x="110.249973" y="96.124593" />
                  <PolyStepSegment x="110.255525" y="96.149579" />
                  <PolyStepSegment x="110.261077" y="96.180118" />
                  <PolyStepSegment x="110.26663" y="96.216208" />
                  <PolyStepSegment x="110.269406" y="96.257852" />
                  <PolyStepSegment x="110.274959" y="96.305047" />
                  <PolyStepSegment x="110.280511" y="96.357796" />
                  <PolyStepSegment x="110.283287" y="96.416096" />
                  <PolyStepSegment x="110.286063" y="96.479949" />
                  <PolyStepSegment x="110.28884" y="96.549355" />
                  <PolyStepSegment x="110.291616" y="96.627089" />
                  <PolyStepSegment x="110.291616" y="96.707599" />
                  <PolyStepSegment x="110.291616" y="96.713152" />
                  <PolyStepSegment x="110.291616" y="96.727033" />
                  <PolyStepSegment x="110.291616" y="96.749243" />
                  <PolyStepSegment x="110.291616" y="96.779781" />
                  <PolyStepSegment x="110.291616" y="96.815872" />
                  <PolyStepSegment x="110.28884" y="96.860291" />
                  <PolyStepSegment x="110.28884" y="96.904711" />
                  <PolyStepSegment x="110.286063" y="96.954683" />
                  <PolyStepSegment x="110.280511" y="97.057403" />
                  <PolyStepSegment x="110.272182" y="97.157347" />
                  <PolyStepSegment x="110.26663" y="97.207319" />
                  <PolyStepSegment x="110.261077" y="97.251738" />
                  <PolyStepSegment x="110.252749" y="97.290606" />
                  <PolyStepSegment x="110.24442" y="97.326696" />
                  <PolyStepSegment x="110.24442" y="97.329473" />
                  <PolyStepSegment x="110.241644" y="97.335025" />
                  <PolyStepSegment x="110.238868" y="97.343354" />
                  <PolyStepSegment x="110.236091" y="97.354459" />
                  <PolyStepSegment x="110.227763" y="97.382221" />
                  <PolyStepSegment x="110.213882" y="97.418312" />
                  <PolyStepSegment x="110.197224" y="97.457179" />
                  <PolyStepSegment x="110.177791" y="97.49327" />
                  <PolyStepSegment x="110.155581" y="97.526584" />
                  <PolyStepSegment x="110.130595" y="97.55157" />
                  <PolyStepSegment x="110.127819" y="97.554346" />
                  <PolyStepSegment x="110.11949" y="97.559899" />
                  <PolyStepSegment x="110.102833" y="97.571004" />
                  <PolyStepSegment x="110.086176" y="97.582109" />
                  <PolyStepSegment x="110.06119" y="97.590437" />
                  <PolyStepSegment x="110.033427" y="97.601542" />
                  <PolyStepSegment x="110.005665" y="97.607095" />
                  <PolyStepSegment x="109.972351" y="97.609871" />
                </Cutout>
              </Contour>
            </Features>
            <Features>
              <Contour>
                <Polygon>
                  <PolyBegin x="113.425968" y="98.048514" />
                  <PolyStepSegment x="113.464835" y="98.045737" />
                  <PolyStepSegment x="113.512031" y="98.040185" />
                  <PolyStepSegment x="113.567555" y="98.031856" />
                  <PolyStepSegment x="113.628632" y="98.020751" />
                  <PolyStepSegment x="113.695262" y="98.00687" />
                  <PolyStepSegment x="113.767443" y="97.987437" />
                  <PolyStepSegment x="113.839625" y="97.965227" />
                  <PolyStepSegment x="113.914583" y="97.937465" />
                  <PolyStepSegment x="113.992317" y="97.901374" />
                  <PolyStepSegment x="114.067275" y="97.862507" />
                  <PolyStepSegment x="114.139457" y="97.815311" />
                  <PolyStepSegment x="114.208862" y="97.759787" />
                  <PolyStepSegment x="114.275492" y="97.69871" />
                  <PolyStepSegment x="114.278268" y="97.695934" />
                  <PolyStepSegment x="114.289373" y="97.682053" />
                  <PolyStepSegment x="114.30603" y="97.662619" />
                  <PolyStepSegment x="114.32824" y="97.634857" />
                  <PolyStepSegment x="114.356002" y="97.598766" />
                  <PolyStepSegment x="114.383764" y="97.554346" />
                  <PolyStepSegment x="114.414303" y="97.504374" />
                  <PolyStepSegment x="114.447617" y="97.443298" />
                  <PolyStepSegment x="114.478156" y="97.379445" />
                  <PolyStepSegment x="114.508694" y="97.304487" />
                  <PolyStepSegment x="114.539232" y="97.223976" />
                  <PolyStepSegment x="114.564218" y="97.137913" />
                  <PolyStepSegment x="114.586428" y="97.043522" />
                  <PolyStepSegment x="114.603086" y="96.943578" />
                  <PolyStepSegment x="114.61419" y="96.835305" />
                  <PolyStepSegment x="114.616967" y="96.72148" />
                  <PolyStepSegment x="114.616967" y="96.718704" />
                  <PolyStepSegment x="114.616967" y="96.713152" />
                  <PolyStepSegment x="114.616967" y="96.704823" />
                  <PolyStepSegment x="114.616967" y="96.693718" />
                  <PolyStepSegment x="114.616967" y="96.679837" />
                  <PolyStepSegment x="114.61419" y="96.66318" />
                  <PolyStepSegment x="114.611414" y="96.61876" />
                  <PolyStepSegment x="114.605862" y="96.566012" />
                  <PolyStepSegment x="114.600309" y="96.507711" />
                  <PolyStepSegment x="114.589204" y="96.438306" />
                  <PolyStepSegment x="114.575323" y="96.366124" />
                  <PolyStepSegment x="114.55589" y="96.291166" />
                  <PolyStepSegment x="114.53368" y="96.210656" />
                  <PolyStepSegment x="114.505918" y="96.130146" />
                  <PolyStepSegment x="114.475379" y="96.049635" />
                  <PolyStepSegment x="114.436512" y="95.969125" />
                  <PolyStepSegment x="114.389317" y="95.891391" />
                  <PolyStepSegment x="114.339345" y="95.819209" />
                  <PolyStepSegment x="114.278268" y="95.749803" />
                  <PolyStepSegment x="114.275492" y="95.747027" />
                  <PolyStepSegment x="114.26161" y="95.735922" />
                  <PolyStepSegment x="114.244953" y="95.716489" />
                  <PolyStepSegment x="114.217191" y="95.694279" />
                  <PolyStepSegment x="114.183876" y="95.669293" />
                  <PolyStepSegment x="114.142233" y="95.638755" />
                  <PolyStepSegment x="114.095037" y="95.608216" />
                  <PolyStepSegment x="114.039513" y="95.574902" />
                  <PolyStepSegment x="113.978436" y="95.541587" />
                  <PolyStepSegment x="113.911807" y="95.511048" />
                  <PolyStepSegment x="113.836849" y="95.48051" />
                  <PolyStepSegment x="113.756338" y="95.455524" />
                  <PolyStepSegment x="113.670276" y="95.433314" />
                  <PolyStepSegment x="113.57866" y="95.413881" />
                  <PolyStepSegment x="113.478716" y="95.402776" />
                  <PolyStepSegment x="113.375996" y="95.4" />
                  <PolyStepSegment x="113.35101" y="95.4" />
                  <PolyStepSegment x="113.320472" y="95.402776" />
                  <PolyStepSegment x="113.281605" y="95.405552" />
                  <PolyStepSegment x="113.234409" y="95.411105" />
                  <PolyStepSegment x="113.176108" y="95.419433" />
                  <PolyStepSegment x="113.115032" y="95.427762" />
                  <PolyStepSegment x="113.048402" y="95.444419" />
                  <PolyStepSegment x="112.976221" y="95.461077" />
                  <PolyStepSegment x="112.904039" y="95.486063" />
                  <PolyStepSegment x="112.826305" y="95.513825" />
                  <PolyStepSegment x="112.751347" y="95.547139" />
                  <PolyStepSegment x="112.676389" y="95.586006" />
                  <PolyStepSegment x="112.604207" y="95.633202" />
                  <PolyStepSegment x="112.534802" y="95.68595" />
                  <PolyStepSegment x="112.468172" y="95.747027" />
                  <PolyStepSegment x="112.465396" y="95.75258" />
                  <PolyStepSegment x="112.454291" y="95.763685" />
                  <PolyStepSegment x="112.437634" y="95.783118" />
                  <PolyStepSegment x="112.415424" y="95.81088" />
                  <PolyStepSegment x="112.390438" y="95.846971" />
                  <PolyStepSegment x="112.362676" y="95.891391" />
                  <PolyStepSegment x="112.332138" y="95.941363" />
                  <PolyStepSegment x="112.301599" y="95.999663" />
                  <PolyStepSegment x="112.268284" y="96.063516" />
                  <PolyStepSegment x="112.237746" y="96.135698" />
                  <PolyStepSegment x="112.209984" y="96.213432" />
                  <PolyStepSegment x="112.184998" y="96.299495" />
                  <PolyStepSegment x="112.162788" y="96.39111" />
                  <PolyStepSegment x="112.146131" y="96.491054" />
                  <PolyStepSegment x="112.135026" y="96.596551" />
                  <PolyStepSegment x="112.13225" y="96.707599" />
                  <PolyStepSegment x="112.13225" y="96.713152" />
                  <PolyStepSegment x="112.13225" y="96.724257" />
                  <PolyStepSegment x="112.13225" y="96.746466" />
                  <PolyStepSegment x="112.135026" y="96.774229" />
                  <PolyStepSegment x="112.135026" y="96.807543" />
                  <PolyStepSegment x="112.137802" y="96.84641" />
                  <PolyStepSegment x="112.143355" y="96.888054" />
                  <PolyStepSegment x="112.146131" y="96.938026" />
                  <PolyStepSegment x="112.154459" y="96.987998" />
                  <PolyStepSegment x="112.160012" y="97.040746" />
                  <PolyStepSegment x="112.182222" y="97.151795" />
                  <PolyStepSegment x="112.209984" y="97.260067" />
                  <PolyStepSegment x="112.229417" y="97.315592" />
                  <PolyStepSegment x="112.248851" y="97.365563" />
                  <PolyStepSegment x="112.248851" y="97.36834" />
                  <PolyStepSegment x="112.251627" y="97.373892" />
                  <PolyStepSegment x="112.25718" y="97.384997" />
                  <PolyStepSegment x="112.265508" y="97.398878" />
                  <PolyStepSegment x="112.273837" y="97.415535" />
                  <PolyStepSegment x="112.284942" y="97.434969" />
                  <PolyStepSegment x="112.309928" y="97.484941" />
                  <PolyStepSegment x="112.343242" y="97.537689" />
                  <PolyStepSegment x="112.384886" y="97.598766" />
                  <PolyStepSegment x="112.432081" y="97.657067" />
                  <PolyStepSegment x="112.48483" y="97.718143" />
                  <PolyStepSegment x="112.487606" y="97.72092" />
                  <PolyStepSegment x="112.493158" y="97.723696" />
                  <PolyStepSegment x="112.501487" y="97.732024" />
                  <PolyStepSegment x="112.512592" y="97.743129" />
                  <PolyStepSegment x="112.526473" y="97.75701" />
                  <PolyStepSegment x="112.54313" y="97.770892" />
                  <PolyStepSegment x="112.584774" y="97.804206" />
                  <PolyStepSegment x="112.631969" y="97.843073" />
                  <PolyStepSegment x="112.69027" y="97.88194" />
                  <PolyStepSegment x="112.751347" y="97.918031" />
                  <PolyStepSegment x="112.817976" y="97.94857" />
                  <PolyStepSegment x="112.820752" y="97.94857" />
                  <PolyStepSegment x="112.829081" y="97.954122" />
                  <PolyStepSegment x="112.842962" y="97.956898" />
                  <PolyStepSegment x="112.859619" y="97.965227" />
                  <PolyStepSegment x="112.881829" y="97.973556" />
                  <PolyStepSegment x="112.909591" y="97.981884" />
                  <PolyStepSegment x="112.94013" y="97.990213" />
                  <PolyStepSegment x="112.976221" y="98.001318" />
                  <PolyStepSegment x="113.015088" y="98.009646" />
                  <PolyStepSegment x="113.056731" y="98.017975" />
                  <PolyStepSegment x="113.103927" y="98.026304" />
                  <PolyStepSegment x="113.151122" y="98.034632" />
                  <PolyStepSegment x="113.256619" y="98.045737" />
                  <PolyStepSegment x="113.370444" y="98.05129" />
                  <PolyStepSegment x="113.39543" y="98.05129" />
                  <PolyStepSegment x="113.425968" y="98.048514" />
                </Polygon>
                <Cutout>
                  <PolyBegin x="113.375996" y="97.609871" />
                  <PolyStepSegment x="113.345458" y="97.609871" />
                  <PolyStepSegment x="113.323248" y="97.607095" />
                  <PolyStepSegment x="113.295486" y="97.604318" />
                  <PolyStepSegment x="113.264947" y="97.598766" />
                  <PolyStepSegment x="113.228857" y="97.590437" />
                  <PolyStepSegment x="113.192766" y="97.582109" />
                  <PolyStepSegment x="113.151122" y="97.571004" />
                  <PolyStepSegment x="113.109479" y="97.557123" />
                  <PolyStepSegment x="113.067836" y="97.537689" />
                  <PolyStepSegment x="113.023416" y="97.515479" />
                  <PolyStepSegment x="112.981773" y="97.490493" />
                  <PolyStepSegment x="112.937353" y="97.459955" />
                  <PolyStepSegment x="112.898486" y="97.42664" />
                  <PolyStepSegment x="112.859619" y="97.387773" />
                  <PolyStepSegment x="112.856843" y="97.384997" />
                  <PolyStepSegment x="112.851291" y="97.376668" />
                  <PolyStepSegment x="112.842962" y="97.365563" />
                  <PolyStepSegment x="112.829081" y="97.34613" />
                  <PolyStepSegment x="112.8152" y="97.32392" />
                  <PolyStepSegment x="112.798542" y="97.296158" />
                  <PolyStepSegment x="112.781885" y="97.262843" />
                  <PolyStepSegment x="112.762452" y="97.223976" />
                  <PolyStepSegment x="112.745794" y="97.179557" />
                  <PolyStepSegment x="112.726361" y="97.129585" />
                  <PolyStepSegment x="112.709703" y="97.076837" />
                  <PolyStepSegment x="112.695822" y="97.01576" />
                  <PolyStepSegment x="112.681941" y="96.951907" />
                  <PolyStepSegment x="112.673613" y="96.882501" />
                  <PolyStepSegment x="112.66806" y="96.807543" />
                  <PolyStepSegment x="112.665284" y="96.727033" />
                  <PolyStepSegment x="112.665284" y="96.72148" />
                  <PolyStepSegment x="112.665284" y="96.707599" />
                  <PolyStepSegment x="112.66806" y="96.68539" />
                  <PolyStepSegment x="112.66806" y="96.654851" />
                  <PolyStepSegment x="112.670836" y="96.61876" />
                  <PolyStepSegment x="112.676389" y="96.577117" />
                  <PolyStepSegment x="112.681941" y="96.529921" />
                  <PolyStepSegment x="112.69027" y="96.479949" />
                  <PolyStepSegment x="112.701375" y="96.427201" />
                  <PolyStepSegment x="112.715256" y="96.374453" />
                  <PolyStepSegment x="112.729137" y="96.318929" />
                  <PolyStepSegment x="112.748571" y="96.263404" />
                  <PolyStepSegment x="112.773557" y="96.210656" />
                  <PolyStepSegment x="112.798542" y="96.160684" />
                  <PolyStepSegment x="112.829081" y="96.110712" />
                  <PolyStepSegment x="112.865172" y="96.066292" />
                  <PolyStepSegment x="112.867948" y="96.063516" />
                  <PolyStepSegment x="112.8735" y="96.057964" />
                  <PolyStepSegment x="112.884605" y="96.046859" />
                  <PolyStepSegment x="112.901263" y="96.030202" />
                  <PolyStepSegment x="112.920696" y="96.013544" />
                  <PolyStepSegment x="112.945682" y="95.994111" />
                  <PolyStepSegment x="112.973444" y="95.974677" />
                  <PolyStepSegment x="113.003983" y="95.955244" />
                  <PolyStepSegment x="113.040074" y="95.933034" />
                  <PolyStepSegment x="113.078941" y="95.9136" />
                  <PolyStepSegment x="113.120584" y="95.894167" />
                  <PolyStepSegment x="113.165004" y="95.87751" />
                  <PolyStepSegment x="113.212199" y="95.863628" />
                  <PolyStepSegment x="113.264947" y="95.852524" />
                  <PolyStepSegment x="113.320472" y="95.844195" />
                  <PolyStepSegment x="113.375996" y="95.841419" />
                  <PolyStepSegment x="113.389877" y="95.841419" />
                  <PolyStepSegment x="113.406535" y="95.844195" />
                  <PolyStepSegment x="113.428744" y="95.844195" />
                  <PolyStepSegment x="113.45373" y="95.846971" />
                  <PolyStepSegment x="113.484269" y="95.852524" />
                  <PolyStepSegment x="113.517583" y="95.860852" />
                  <PolyStepSegment x="113.556451" y="95.869181" />
                  <PolyStepSegment x="113.595318" y="95.880286" />
                  <PolyStepSegment x="113.634185" y="95.896943" />
                  <PolyStepSegment x="113.678604" y="95.9136" />
                  <PolyStepSegment x="113.720248" y="95.93581" />
                  <PolyStepSegment x="113.761891" y="95.960796" />
                  <PolyStepSegment x="113.803534" y="95.991335" />
                  <PolyStepSegment x="113.845177" y="96.024649" />
                  <PolyStepSegment x="113.884045" y="96.063516" />
                  <PolyStepSegment x="113.886821" y="96.066292" />
                  <PolyStepSegment x="113.892373" y="96.074621" />
                  <PolyStepSegment x="113.903478" y="96.085726" />
                  <PolyStepSegment x="113.914583" y="96.10516" />
                  <PolyStepSegment x="113.93124" y="96.127369" />
                  <PolyStepSegment x="113.947898" y="96.157908" />
                  <PolyStepSegment x="113.964555" y="96.191222" />
                  <PolyStepSegment x="113.983988" y="96.230089" />
                  <PolyStepSegment x="114.003422" y="96.274509" />
                  <PolyStepSegment x="114.020079" y="96.324481" />
                  <PolyStepSegment x="114.036737" y="96.380005" />
                  <PolyStepSegment x="114.053394" y="96.438306" />
                  <PolyStepSegment x="114.064499" y="96.504935" />
                  <PolyStepSegment x="114.075604" y="96.574341" />
                  <PolyStepSegment x="114.081156" y="96.652075" />
                  <PolyStepSegment x="114.083932" y="96.732585" />
                  <PolyStepSegment x="114.083932" y="96.738138" />
                  <PolyStepSegment x="114.083932" y="96.752019" />
                  <PolyStepSegment x="114.083932" y="96.774229" />
                  <PolyStepSegment x="114.081156" y="96.804767" />
                  <PolyStepSegment x="114.07838" y="96.840858" />
                  <PolyStepSegment x="114.072827" y="96.882501" />
                  <PolyStepSegment x="114.067275" y="96.929697" />
                  <PolyStepSegment x="114.058946" y="96.979669" />
                  <PolyStepSegment x="114.050618" y="97.032417" />
                  <PolyStepSegment x="114.036737" y="97.087941" />
                  <PolyStepSegment x="114.020079" y="97.143466" />
                  <PolyStepSegment x="114.003422" y="97.196214" />
                  <PolyStepSegment x="113.978436" y="97.248962" />
                  <PolyStepSegment x="113.95345" y="97.298934" />
                  <PolyStepSegment x="113.922912" y="97.348906" />
                  <PolyStepSegment x="113.889597" y="97.390549" />
                  <PolyStepSegment x="113.886821" y="97.393326" />
                  <PolyStepSegment x="113.881268" y="97.398878" />
                  <PolyStepSegment x="113.870163" y="97.409983" />
                  <PolyStepSegment x="113.853506" y="97.423864" />
                  <PolyStepSegment x="113.834073" y="97.440521" />
                  <PolyStepSegment x="113.811863" y="97.459955" />
                  <PolyStepSegment x="113.784101" y="97.479388" />
                  <PolyStepSegment x="113.753562" y="97.501598" />
                  <PolyStepSegment x="113.717471" y="97.521032" />
                  <PolyStepSegment x="113.678604" y="97.540465" />
                  <PolyStepSegment x="113.636961" y="97.559899" />
                  <PolyStepSegment x="113.589765" y="97.576556" />
                  <PolyStepSegment x="113.542569" y="97.590437" />
                  <PolyStepSegment x="113.489821" y="97.601542" />
                  <PolyStepSegment x="113.434297" y="97.607095" />
                  <PolyStepSegment x="113.375996" y="97.609871" />
                </Cutout>
              </Contour>
            </Features>
            <Features>
              <Contour>
                <Polygon>
                  <PolyBegin x="117.071145" y="95.447195" />
                  <PolyStepSegment x="116.554768" y="95.447195" />
                  <PolyStepSegment x="116.554768" y="96.568788" />
                  <PolyStepSegment x="115.538672" y="96.568788" />
                  <PolyStepSegment x="115.538672" y="95.447195" />
                  <PolyStepSegment x="115.022295" y="95.447195" />
                  <PolyStepSegment x="115.022295" y="98.009646" />
                  <PolyStepSegment x="115.538672" y="98.009646" />
                  <PolyStepSegment x="115.538672" y="97.001879" />
                  <PolyStepSegment x="116.554768" y="97.001879" />
                  <PolyStepSegment x="116.554768" y="98.009646" />
                  <PolyStepSegment x="117.071145" y="98.009646" />
                  <PolyStepSegment x="117.071145" y="95.447195" />
                </Polygon>
              </Contour>
            </Features>
            <Features>
              <Contour>
                <Polygon>
                  <PolyBegin x="120.069463" y="95.447195" />
                  <PolyStepSegment x="119.591953" y="95.447195" />
                  <PolyStepSegment x="119.589177" y="97.462731" />
                  <PolyStepSegment x="119.083905" y="95.447195" />
                  <PolyStepSegment x="118.584185" y="95.447195" />
                  <PolyStepSegment x="118.078913" y="97.462731" />
                  <PolyStepSegment x="118.078913" y="95.447195" />
                  <PolyStepSegment x="117.601403" y="95.447195" />
                  <PolyStepSegment x="117.601403" y="98.009646" />
                  <PolyStepSegment x="118.375968" y="98.009646" />
                  <PolyStepSegment x="118.836821" y="96.260628" />
                  <PolyStepSegment x="119.292121" y="98.009646" />
                  <PolyStepSegment x="120.069463" y="98.009646" />
                  <PolyStepSegment x="120.069463" y="95.447195" />
                </Polygon>
              </Contour>
            </Features>
            <Features>
              <Contour>
                <Polygon>
                  <PolyBegin x="82.766784" y="132.748515" />
                  <PolyStepSegment x="82.800099" y="132.745739" />
                  <PolyStepSegment x="82.838966" y="132.742963" />
                  <PolyStepSegment x="82.886161" y="132.73741" />
                  <PolyStepSegment x="82.93891" y="132.729082" />
                  <PolyStepSegment x="82.994434" y="132.715201" />
                  <PolyStepSegment x="83.052735" y="132.70132" />
                  <PolyStepSegment x="83.113811" y="132.681886" />
                  <PolyStepSegment x="83.177664" y="132.659676" />
                  <PolyStepSegment x="83.241518" y="132.631914" />
                  <PolyStepSegment x="83.305371" y="132.601376" />
                  <PolyStepSegment x="83.369224" y="132.562509" />
                  <PolyStepSegment x="83.427524" y="132.520865" />
                  <PolyStepSegment x="83.485825" y="132.470893" />
                  <PolyStepSegment x="83.488601" y="132.468117" />
                  <PolyStepSegment x="83.494154" y="132.462565" />
                  <PolyStepSegment x="83.502482" y="132.454236" />
                  <PolyStepSegment x="83.513587" y="132.440355" />
                  <PolyStepSegment x="83.530244" y="132.423698" />
                  <PolyStepSegment x="83.546902" y="132.404264" />
                  <PolyStepSegment x="83.563559" y="132.379278" />
                  <PolyStepSegment x="83.585769" y="132.351516" />
                  <PolyStepSegment x="83.605202" y="132.318201" />
                  <PolyStepSegment x="83.627412" y="132.284887" />
                  <PolyStepSegment x="83.649622" y="132.246019" />
                  <PolyStepSegment x="83.671832" y="132.204376" />
                  <PolyStepSegment x="83.691265" y="132.15718" />
                  <PolyStepSegment x="83.713475" y="132.109985" />
                  <PolyStepSegment x="83.732908" y="132.057237" />
                  <PolyStepSegment x="83.749566" y="132.001712" />
                  <PolyStepSegment x="83.238741" y="131.879558" />
                  <PolyStepSegment x="83.238741" y="131.882335" />
                  <PolyStepSegment x="83.235965" y="131.887887" />
                  <PolyStepSegment x="83.233189" y="131.898992" />
                  <PolyStepSegment x="83.230413" y="131.912873" />
                  <PolyStepSegment x="83.22486" y="131.92953" />
                  <PolyStepSegment x="83.216532" y="131.948964" />
                  <PolyStepSegment x="83.197098" y="131.993383" />
                  <PolyStepSegment x="83.172112" y="132.043355" />
                  <PolyStepSegment x="83.138797" y="132.096104" />
                  <PolyStepSegment x="83.097154" y="132.146076" />
                  <PolyStepSegment x="83.047182" y="132.193271" />
                  <PolyStepSegment x="83.044406" y="132.196048" />
                  <PolyStepSegment x="83.04163" y="132.198824" />
                  <PolyStepSegment x="83.033301" y="132.204376" />
                  <PolyStepSegment x="83.022196" y="132.212705" />
                  <PolyStepSegment x="83.008315" y="132.221033" />
                  <PolyStepSegment x="82.991658" y="132.229362" />
                  <PolyStepSegment x="82.950014" y="132.251572" />
                  <PolyStepSegment x="82.897266" y="132.273782" />
                  <PolyStepSegment x="82.838966" y="132.290439" />
                  <PolyStepSegment x="82.772336" y="132.30432" />
                  <PolyStepSegment x="82.697378" y="132.309873" />
                  <PolyStepSegment x="82.669616" y="132.309873" />
                  <PolyStepSegment x="82.650183" y="132.307096" />
                  <PolyStepSegment x="82.625197" y="132.30432" />
                  <PolyStepSegment x="82.597434" y="132.298768" />
                  <PolyStepSegment x="82.566896" y="132.293215" />
                  <PolyStepSegment x="82.533581" y="132.284887" />
                  <PolyStepSegment x="82.497491" y="132.273782" />
                  <PolyStepSegment x="82.458623" y="132.259901" />
                  <PolyStepSegment x="82.419756" y="132.243243" />
                  <PolyStepSegment x="82.380889" y="132.22381" />
                  <PolyStepSegment x="82.342022" y="132.198824" />
                  <PolyStepSegment x="82.305931" y="132.171062" />
                  <PolyStepSegment x="82.267064" y="132.140523" />
                  <PolyStepSegment x="82.23375" y="132.104432" />
                  <PolyStepSegment x="82.230973" y="132.101656" />
                  <PolyStepSegment x="82.225421" y="132.096104" />
                  <PolyStepSegment x="82.217092" y="132.082222" />
                  <PolyStepSegment x="82.205987" y="132.065565" />
                  <PolyStepSegment x="82.192106" y="132.043355" />
                  <PolyStepSegment x="82.178225" y="132.015593" />
                  <PolyStepSegment x="82.161568" y="131.982279" />
                  <PolyStepSegment x="82.147687" y="131.943412" />
                  <PolyStepSegment x="82.13103" y="131.901768" />
                  <PolyStepSegment x="82.114372" y="131.851796" />
                  <PolyStepSegment x="82.100491" y="131.799048" />
                  <PolyStepSegment x="82.08661" y="131.737971" />
                  <PolyStepSegment x="82.075505" y="131.671342" />
                  <PolyStepSegment x="82.067176" y="131.601936" />
                  <PolyStepSegment x="82.061624" y="131.524202" />
                  <PolyStepSegment x="82.058848" y="131.440916" />
                  <PolyStepSegment x="82.058848" y="131.435363" />
                  <PolyStepSegment x="82.058848" y="131.418706" />
                  <PolyStepSegment x="82.058848" y="131.39372" />
                  <PolyStepSegment x="82.061624" y="131.363182" />
                  <PolyStepSegment x="82.0644" y="131.321538" />
                  <PolyStepSegment x="82.067176" y="131.277119" />
                  <PolyStepSegment x="82.072729" y="131.227147" />
                  <PolyStepSegment x="82.081058" y="131.171622" />
                  <PolyStepSegment x="82.100491" y="131.057797" />
                  <PolyStepSegment x="82.114372" y="131.002273" />
                  <PolyStepSegment x="82.13103" y="130.943972" />
                  <PolyStepSegment x="82.150463" y="130.888448" />
                  <PolyStepSegment x="82.175449" y="130.838476" />
                  <PolyStepSegment x="82.200435" y="130.79128" />
                  <PolyStepSegment x="82.230973" y="130.749637" />
                  <PolyStepSegment x="82.23375" y="130.746861" />
                  <PolyStepSegment x="82.239302" y="130.741308" />
                  <PolyStepSegment x="82.250407" y="130.730203" />
                  <PolyStepSegment x="82.261512" y="130.716322" />
                  <PolyStepSegment x="82.280945" y="130.702441" />
                  <PolyStepSegment x="82.300379" y="130.685784" />
                  <PolyStepSegment x="82.325365" y="130.66635" />
                  <PolyStepSegment x="82.353127" y="130.646917" />
                  <PolyStepSegment x="82.383666" y="130.627483" />
                  <PolyStepSegment x="82.419756" y="130.60805" />
                  <PolyStepSegment x="82.455847" y="130.591392" />
                  <PolyStepSegment x="82.497491" y="130.577511" />
                  <PolyStepSegment x="82.539134" y="130.56363" />
                  <PolyStepSegment x="82.58633" y="130.552525" />
                  <PolyStepSegment x="82.636302" y="130.546973" />
                  <PolyStepSegment x="82.686274" y="130.544197" />
                  <PolyStepSegment x="82.705707" y="130.544197" />
                  <PolyStepSegment x="82.719588" y="130.546973" />
                  <PolyStepSegment x="82.739022" y="130.546973" />
                  <PolyStepSegment x="82.758455" y="130.552525" />
                  <PolyStepSegment x="82.808427" y="130.560854" />
                  <PolyStepSegment x="82.863952" y="130.577511" />
                  <PolyStepSegment x="82.922252" y="130.599721" />
                  <PolyStepSegment x="82.980553" y="130.633036" />
                  <PolyStepSegment x="83.011091" y="130.652469" />
                  <PolyStepSegment x="83.038853" y="130.674679" />
                  <PolyStepSegment x="83.04163" y="130.677455" />
                  <PolyStepSegment x="83.044406" y="130.680231" />
                  <PolyStepSegment x="83.052735" y="130.68856" />
                  <PolyStepSegment x="83.063839" y="130.699665" />
                  <PolyStepSegment x="83.074944" y="130.713546" />
                  <PolyStepSegment x="83.088825" y="130.730203" />
                  <PolyStepSegment x="83.105483" y="130.752413" />
                  <PolyStepSegment x="83.12214" y="130.774623" />
                  <PolyStepSegment x="83.138797" y="130.802385" />
                  <PolyStepSegment x="83.158231" y="130.832924" />
                  <PolyStepSegment x="83.174888" y="130.866238" />
                  <PolyStepSegment x="83.194322" y="130.905105" />
                  <PolyStepSegment x="83.210979" y="130.943972" />
                  <PolyStepSegment x="83.227636" y="130.988392" />
                  <PolyStepSegment x="83.241518" y="131.038364" />
                  <PolyStepSegment x="83.255399" y="131.088336" />
                  <PolyStepSegment x="83.757894" y="130.932867" />
                  <PolyStepSegment x="83.757894" y="130.927315" />
                  <PolyStepSegment x="83.752342" y="130.913434" />
                  <PolyStepSegment x="83.74679" y="130.894" />
                  <PolyStepSegment x="83.735685" y="130.863462" />
                  <PolyStepSegment x="83.721804" y="130.830147" />
                  <PolyStepSegment x="83.707922" y="130.788504" />
                  <PolyStepSegment x="83.688489" y="130.744084" />
                  <PolyStepSegment x="83.666279" y="130.696889" />
                  <PolyStepSegment x="83.641293" y="130.646917" />
                  <PolyStepSegment x="83.613531" y="130.594169" />
                  <PolyStepSegment x="83.580216" y="130.54142" />
                  <PolyStepSegment x="83.546902" y="130.491448" />
                  <PolyStepSegment x="83.508035" y="130.4387" />
                  <PolyStepSegment x="83.466391" y="130.391505" />
                  <PolyStepSegment x="83.421972" y="130.347085" />
                  <PolyStepSegment x="83.372" y="130.305442" />
                  <PolyStepSegment x="83.369224" y="130.302665" />
                  <PolyStepSegment x="83.360895" y="130.297113" />
                  <PolyStepSegment x="83.344238" y="130.286008" />
                  <PolyStepSegment x="83.324804" y="130.274903" />
                  <PolyStepSegment x="83.297042" y="130.258246" />
                  <PolyStepSegment x="83.266504" y="130.241589" />
                  <PolyStepSegment x="83.230413" y="130.222155" />
                  <PolyStepSegment x="83.185993" y="130.205498" />
                  <PolyStepSegment x="83.141574" y="130.186064" />
                  <PolyStepSegment x="83.088825" y="130.166631" />
                  <PolyStepSegment x="83.033301" y="130.149973" />
                  <PolyStepSegment x="82.972224" y="130.133316" />
                  <PolyStepSegment x="82.908371" y="130.122211" />
                  <PolyStepSegment x="82.838966" y="130.111106" />
                  <PolyStepSegment x="82.766784" y="130.105554" />
                  <PolyStepSegment x="82.691826" y="130.102778" />
                  <PolyStepSegment x="82.669616" y="130.102778" />
                  <PolyStepSegment x="82.641854" y="130.105554" />
                  <PolyStepSegment x="82.605763" y="130.10833" />
                  <PolyStepSegment x="82.56412" y="130.113883" />
                  <PolyStepSegment x="82.514148" y="130.122211" />
                  <PolyStepSegment x="82.455847" y="130.13054" />
                  <PolyStepSegment x="82.39477" y="130.147197" />
                  <PolyStepSegment x="82.330917" y="130.163854" />
                  <PolyStepSegment x="82.261512" y="130.18884" />
                  <PolyStepSegment x="82.192106" y="130.216603" />
                  <PolyStepSegment x="82.122701" y="130.249917" />
                  <PolyStepSegment x="82.053295" y="130.288784" />
                  <PolyStepSegment x="81.98389" y="130.33598" />
                  <PolyStepSegment x="81.917261" y="130.388728" />
                  <PolyStepSegment x="81.853408" y="130.449805" />
                  <PolyStepSegment x="81.850631" y="130.452581" />
                  <PolyStepSegment x="81.839526" y="130.466462" />
                  <PolyStepSegment x="81.822869" y="130.485896" />
                  <PolyStepSegment x="81.803436" y="130.513658" />
                  <PolyStepSegment x="81.77845" y="130.549749" />
                  <PolyStepSegment x="81.750687" y="130.591392" />
                  <PolyStepSegment x="81.720149" y="130.641364" />
                  <PolyStepSegment x="81.689611" y="130.699665" />
                  <PolyStepSegment x="81.659072" y="130.763518" />
                  <PolyStepSegment x="81.628534" y="130.8357" />
                  <PolyStepSegment x="81.600772" y="130.913434" />
                  <PolyStepSegment x="81.575786" y="130.999497" />
                  <PolyStepSegment x="81.556352" y="131.091112" />
                  <PolyStepSegment x="81.539695" y="131.18828" />
                  <PolyStepSegment x="81.52859" y="131.291" />
                  <PolyStepSegment x="81.525814" y="131.402049" />
                  <PolyStepSegment x="81.525814" y="131.404825" />
                  <PolyStepSegment x="81.525814" y="131.410377" />
                  <PolyStepSegment x="81.525814" y="131.418706" />
                  <PolyStepSegment x="81.525814" y="131.429811" />
                  <PolyStepSegment x="81.525814" y="131.446468" />
                  <PolyStepSegment x="81.52859" y="131.463125" />
                  <PolyStepSegment x="81.531366" y="131.507545" />
                  <PolyStepSegment x="81.536918" y="131.560293" />
                  <PolyStepSegment x="81.542471" y="131.624146" />
                  <PolyStepSegment x="81.553576" y="131.693552" />
                  <PolyStepSegment x="81.567457" y="131.765733" />
                  <PolyStepSegment x="81.584114" y="131.846244" />
                  <PolyStepSegment x="81.606324" y="131.926754" />
                  <PolyStepSegment x="81.63131" y="132.010041" />
                  <PolyStepSegment x="81.664625" y="132.093327" />
                  <PolyStepSegment x="81.700715" y="132.173838" />
                  <PolyStepSegment x="81.745135" y="132.251572" />
                  <PolyStepSegment x="81.795107" y="132.32653" />
                  <PolyStepSegment x="81.853408" y="132.395935" />
                  <PolyStepSegment x="81.856184" y="132.398712" />
                  <PolyStepSegment x="81.870065" y="132.412593" />
                  <PolyStepSegment x="81.886722" y="132.42925" />
                  <PolyStepSegment x="81.914484" y="132.45146" />
                  <PolyStepSegment x="81.947799" y="132.479222" />
                  <PolyStepSegment x="81.986666" y="132.50976" />
                  <PolyStepSegment x="82.033862" y="132.540299" />
                  <PolyStepSegment x="82.08661" y="132.573613" />
                  <PolyStepSegment x="82.144911" y="132.606928" />
                  <PolyStepSegment x="82.21154" y="132.640243" />
                  <PolyStepSegment x="82.280945" y="132.668005" />
                  <PolyStepSegment x="82.35868" y="132.695767" />
                  <PolyStepSegment x="82.441966" y="132.717977" />
                  <PolyStepSegment x="82.530805" y="132.73741" />
                  <PolyStepSegment x="82.625197" y="132.748515" />
                  <PolyStepSegment x="82.722364" y="132.751292" />
                  <PolyStepSegment x="82.744574" y="132.751292" />
                  <PolyStepSegment x="82.766784" y="132.748515" />
                </Polygon>
              </Contour>
            </Features>
            <Features>
              <Contour>
                <Polygon>
                  <PolyBegin x="86.514681" y="130.147197" />
                  <PolyStepSegment x="85.951108" y="130.147197" />
                  <PolyStepSegment x="85.726234" y="130.730203" />
                  <PolyStepSegment x="84.701809" y="130.730203" />
                  <PolyStepSegment x="84.48804" y="130.147197" />
                  <PolyStepSegment x="83.941125" y="130.147197" />
                  <PolyStepSegment x="84.937788" y="132.709648" />
                  <PolyStepSegment x="85.48748" y="132.709648" />
                  <PolyStepSegment x="86.514681" y="130.147197" />
                </Polygon>
                <Cutout>
                  <PolyBegin x="85.207081" y="132.112761" />
                  <PolyStepSegment x="84.860054" y="131.163294" />
                  <PolyStepSegment x="85.562437" y="131.163294" />
                  <PolyStepSegment x="85.207081" y="132.112761" />
                </Cutout>
              </Contour>
            </Features>
            <Features>
              <Contour>
                <Polygon>
                  <PolyBegin x="87.317008" y="130.580287" />
                  <PolyStepSegment x="88.602398" y="130.580287" />
                  <PolyStepSegment x="88.602398" y="130.147197" />
                  <PolyStepSegment x="86.800632" y="130.147197" />
                  <PolyStepSegment x="86.800632" y="132.687438" />
                  <PolyStepSegment x="87.317008" y="132.687438" />
                  <PolyStepSegment x="87.317008" y="130.580287" />
                </Polygon>
              </Contour>
            </Features>
            <Features>
              <Contour>
                <Polygon>
                  <PolyBegin x="90.49578" y="130.580287" />
                  <PolyStepSegment x="91.78117" y="130.580287" />
                  <PolyStepSegment x="91.78117" y="130.147197" />
                  <PolyStepSegment x="89.979403" y="130.147197" />
                  <PolyStepSegment x="89.979403" y="132.687438" />
                  <PolyStepSegment x="90.49578" y="132.687438" />
                  <PolyStepSegment x="90.49578" y="130.580287" />
                </Polygon>
              </Contour>
            </Features>
            <Features>
              <Contour>
                <Polygon>
                  <PolyBegin x="93.33863" y="132.748515" />
                  <PolyStepSegment x="93.377497" y="132.745739" />
                  <PolyStepSegment x="93.424692" y="132.740187" />
                  <PolyStepSegment x="93.480217" y="132.731858" />
                  <PolyStepSegment x="93.541294" y="132.720753" />
                  <PolyStepSegment x="93.607923" y="132.706872" />
                  <PolyStepSegment x="93.680105" y="132.687438" />
                  <PolyStepSegment x="93.752286" y="132.665229" />
                  <PolyStepSegment x="93.827244" y="132.637466" />
                  <PolyStepSegment x="93.904979" y="132.601376" />
                  <PolyStepSegment x="93.979936" y="132.562509" />
                  <PolyStepSegment x="94.052118" y="132.515313" />
                  <PolyStepSegment x="94.121524" y="132.459788" />
                  <PolyStepSegment x="94.188153" y="132.398712" />
                  <PolyStepSegment x="94.190929" y="132.395935" />
                  <PolyStepSegment x="94.202034" y="132.382054" />
                  <PolyStepSegment x="94.218691" y="132.362621" />
                  <PolyStepSegment x="94.240901" y="132.334859" />
                  <PolyStepSegment x="94.268663" y="132.298768" />
                  <PolyStepSegment x="94.296426" y="132.254348" />
                  <PolyStepSegment x="94.326964" y="132.204376" />
                  <PolyStepSegment x="94.360279" y="132.143299" />
                  <PolyStepSegment x="94.390817" y="132.079446" />
                  <PolyStepSegment x="94.421355" y="132.004488" />
                  <PolyStepSegment x="94.451894" y="131.923978" />
                  <PolyStepSegment x="94.47688" y="131.837915" />
                  <PolyStepSegment x="94.49909" y="131.743524" />
                  <PolyStepSegment x="94.515747" y="131.64358" />
                  <PolyStepSegment x="94.526852" y="131.535307" />
                  <PolyStepSegment x="94.529628" y="131.421482" />
                  <PolyStepSegment x="94.529628" y="131.418706" />
                  <PolyStepSegment x="94.529628" y="131.413153" />
                  <PolyStepSegment x="94.529628" y="131.404825" />
                  <PolyStepSegment x="94.529628" y="131.39372" />
                  <PolyStepSegment x="94.529628" y="131.379839" />
                  <PolyStepSegment x="94.526852" y="131.363182" />
                  <PolyStepSegment x="94.524076" y="131.318762" />
                  <PolyStepSegment x="94.518523" y="131.266014" />
                  <PolyStepSegment x="94.512971" y="131.207713" />
                  <PolyStepSegment x="94.501866" y="131.138308" />
                  <PolyStepSegment x="94.487985" y="131.066126" />
                  <PolyStepSegment x="94.468551" y="130.991168" />
                  <PolyStepSegment x="94.446341" y="130.910658" />
                  <PolyStepSegment x="94.418579" y="130.830147" />
                  <PolyStepSegment x="94.388041" y="130.749637" />
                  <PolyStepSegment x="94.349174" y="130.669127" />
                  <PolyStepSegment x="94.301978" y="130.591392" />
                  <PolyStepSegment x="94.252006" y="130.519211" />
                  <PolyStepSegment x="94.190929" y="130.449805" />
                  <PolyStepSegment x="94.188153" y="130.447029" />
                  <PolyStepSegment x="94.174272" y="130.435924" />
                  <PolyStepSegment x="94.157615" y="130.41649" />
                  <PolyStepSegment x="94.129852" y="130.394281" />
                  <PolyStepSegment x="94.096538" y="130.369295" />
                  <PolyStepSegment x="94.054894" y="130.338756" />
                  <PolyStepSegment x="94.007699" y="130.308218" />
                  <PolyStepSegment x="93.952174" y="130.274903" />
                  <PolyStepSegment x="93.891097" y="130.241589" />
                  <PolyStepSegment x="93.824468" y="130.21105" />
                  <PolyStepSegment x="93.74951" y="130.180512" />
                  <PolyStepSegment x="93.669" y="130.155526" />
                  <PolyStepSegment x="93.582937" y="130.133316" />
                  <PolyStepSegment x="93.491322" y="130.113883" />
                  <PolyStepSegment x="93.391378" y="130.102778" />
                  <PolyStepSegment x="93.288658" y="130.100001" />
                  <PolyStepSegment x="93.263672" y="130.100001" />
                  <PolyStepSegment x="93.233133" y="130.102778" />
                  <PolyStepSegment x="93.194266" y="130.105554" />
                  <PolyStepSegment x="93.14707" y="130.111106" />
                  <PolyStepSegment x="93.08877" y="130.119435" />
                  <PolyStepSegment x="93.027693" y="130.127764" />
                  <PolyStepSegment x="92.961064" y="130.144421" />
                  <PolyStepSegment x="92.888882" y="130.161078" />
                  <PolyStepSegment x="92.8167" y="130.186064" />
                  <PolyStepSegment x="92.738966" y="130.213826" />
                  <PolyStepSegment x="92.664008" y="130.247141" />
                  <PolyStepSegment x="92.58905" y="130.286008" />
                  <PolyStepSegment x="92.516869" y="130.333204" />
                  <PolyStepSegment x="92.447463" y="130.385952" />
                  <PolyStepSegment x="92.380834" y="130.447029" />
                  <PolyStepSegment x="92.378058" y="130.452581" />
                  <PolyStepSegment x="92.366953" y="130.463686" />
                  <PolyStepSegment x="92.350295" y="130.48312" />
                  <PolyStepSegment x="92.328086" y="130.510882" />
                  <PolyStepSegment x="92.3031" y="130.546973" />
                  <PolyStepSegment x="92.275337" y="130.591392" />
                  <PolyStepSegment x="92.244799" y="130.641364" />
                  <PolyStepSegment x="92.214261" y="130.699665" />
                  <PolyStepSegment x="92.180946" y="130.763518" />
                  <PolyStepSegment x="92.150408" y="130.8357" />
                  <PolyStepSegment x="92.122645" y="130.913434" />
                  <PolyStepSegment x="92.097659" y="130.999497" />
                  <PolyStepSegment x="92.07545" y="131.091112" />
                  <PolyStepSegment x="92.058792" y="131.191056" />
                  <PolyStepSegment x="92.047687" y="131.296552" />
                  <PolyStepSegment x="92.044911" y="131.407601" />
                  <PolyStepSegment x="92.044911" y="131.413153" />
                  <PolyStepSegment x="92.044911" y="131.424258" />
                  <PolyStepSegment x="92.044911" y="131.446468" />
                  <PolyStepSegment x="92.047687" y="131.47423" />
                  <PolyStepSegment x="92.047687" y="131.507545" />
                  <PolyStepSegment x="92.050464" y="131.546412" />
                  <PolyStepSegment x="92.056016" y="131.588055" />
                  <PolyStepSegment x="92.058792" y="131.638027" />
                  <PolyStepSegment x="92.067121" y="131.687999" />
                  <PolyStepSegment x="92.072673" y="131.740747" />
                  <PolyStepSegment x="92.094883" y="131.851796" />
                  <PolyStepSegment x="92.122645" y="131.960069" />
                  <PolyStepSegment x="92.142079" y="132.015593" />
                  <PolyStepSegment x="92.161512" y="132.065565" />
                  <PolyStepSegment x="92.161512" y="132.068341" />
                  <PolyStepSegment x="92.164289" y="132.073894" />
                  <PolyStepSegment x="92.169841" y="132.084999" />
                  <PolyStepSegment x="92.17817" y="132.09888" />
                  <PolyStepSegment x="92.186498" y="132.115537" />
                  <PolyStepSegment x="92.197603" y="132.134971" />
                  <PolyStepSegment x="92.222589" y="132.184943" />
                  <PolyStepSegment x="92.255904" y="132.237691" />
                  <PolyStepSegment x="92.297547" y="132.298768" />
                  <PolyStepSegment x="92.344743" y="132.357068" />
                  <PolyStepSegment x="92.397491" y="132.418145" />
                  <PolyStepSegment x="92.400267" y="132.420921" />
                  <PolyStepSegment x="92.40582" y="132.423698" />
                  <PolyStepSegment x="92.414148" y="132.432026" />
                  <PolyStepSegment x="92.425253" y="132.443131" />
                  <PolyStepSegment x="92.439134" y="132.457012" />
                  <PolyStepSegment x="92.455792" y="132.470893" />
                  <PolyStepSegment x="92.497435" y="132.504208" />
                  <PolyStepSegment x="92.544631" y="132.543075" />
                  <PolyStepSegment x="92.602931" y="132.581942" />
                  <PolyStepSegment x="92.664008" y="132.618033" />
                  <PolyStepSegment x="92.730637" y="132.648571" />
                  <PolyStepSegment x="92.733414" y="132.648571" />
                  <PolyStepSegment x="92.741742" y="132.654124" />
                  <PolyStepSegment x="92.755623" y="132.6569" />
                  <PolyStepSegment x="92.772281" y="132.665229" />
                  <PolyStepSegment x="92.794491" y="132.673557" />
                  <PolyStepSegment x="92.822253" y="132.681886" />
                  <PolyStepSegment x="92.852791" y="132.690215" />
                  <PolyStepSegment x="92.888882" y="132.70132" />
                  <PolyStepSegment x="92.927749" y="132.709648" />
                  <PolyStepSegment x="92.969392" y="132.717977" />
                  <PolyStepSegment x="93.016588" y="132.726306" />
                  <PolyStepSegment x="93.063784" y="132.734634" />
                  <PolyStepSegment x="93.16928" y="132.745739" />
                  <PolyStepSegment x="93.283105" y="132.751292" />
                  <PolyStepSegment x="93.308091" y="132.751292" />
                  <PolyStepSegment x="93.33863" y="132.748515" />
                </Polygon>
                <Cutout>
                  <PolyBegin x="93.288658" y="132.309873" />
                  <PolyStepSegment x="93.258119" y="132.309873" />
                  <PolyStepSegment x="93.23591" y="132.307096" />
                  <PolyStepSegment x="93.208147" y="132.30432" />
                  <PolyStepSegment x="93.177609" y="132.298768" />
                  <PolyStepSegment x="93.141518" y="132.290439" />
                  <PolyStepSegment x="93.105427" y="132.28211" />
                  <PolyStepSegment x="93.063784" y="132.271005" />
                  <PolyStepSegment x="93.022141" y="132.257124" />
                  <PolyStepSegment x="92.980497" y="132.237691" />
                  <PolyStepSegment x="92.936078" y="132.215481" />
                  <PolyStepSegment x="92.894434" y="132.190495" />
                  <PolyStepSegment x="92.850015" y="132.159957" />
                  <PolyStepSegment x="92.811148" y="132.126642" />
                  <PolyStepSegment x="92.772281" y="132.087775" />
                  <PolyStepSegment x="92.769505" y="132.084999" />
                  <PolyStepSegment x="92.763952" y="132.07667" />
                  <PolyStepSegment x="92.755623" y="132.065565" />
                  <PolyStepSegment x="92.741742" y="132.046132" />
                  <PolyStepSegment x="92.727861" y="132.023922" />
                  <PolyStepSegment x="92.711204" y="131.99616" />
                  <PolyStepSegment x="92.694547" y="131.962845" />
                  <PolyStepSegment x="92.675113" y="131.923978" />
                  <PolyStepSegment x="92.658456" y="131.879558" />
                  <PolyStepSegment x="92.639022" y="131.829586" />
                  <PolyStepSegment x="92.622365" y="131.776838" />
                  <PolyStepSegment x="92.608484" y="131.715761" />
                  <PolyStepSegment x="92.594603" y="131.651908" />
                  <PolyStepSegment x="92.586274" y="131.582503" />
                  <PolyStepSegment x="92.580722" y="131.507545" />
                  <PolyStepSegment x="92.577945" y="131.427035" />
                  <PolyStepSegment x="92.577945" y="131.421482" />
                  <PolyStepSegment x="92.577945" y="131.407601" />
                  <PolyStepSegment x="92.580722" y="131.385391" />
                  <PolyStepSegment x="92.580722" y="131.354853" />
                  <PolyStepSegment x="92.583498" y="131.318762" />
                  <PolyStepSegment x="92.58905" y="131.277119" />
                  <PolyStepSegment x="92.594603" y="131.229923" />
                  <PolyStepSegment x="92.602931" y="131.179951" />
                  <PolyStepSegment x="92.614036" y="131.127203" />
                  <PolyStepSegment x="92.627917" y="131.074455" />
                  <PolyStepSegment x="92.641798" y="131.01893" />
                  <PolyStepSegment x="92.661232" y="130.963406" />
                  <PolyStepSegment x="92.686218" y="130.910658" />
                  <PolyStepSegment x="92.711204" y="130.860686" />
                  <PolyStepSegment x="92.741742" y="130.810714" />
                  <PolyStepSegment x="92.777833" y="130.766294" />
                  <PolyStepSegment x="92.780609" y="130.763518" />
                  <PolyStepSegment x="92.786162" y="130.757966" />
                  <PolyStepSegment x="92.797267" y="130.746861" />
                  <PolyStepSegment x="92.813924" y="130.730203" />
                  <PolyStepSegment x="92.833358" y="130.713546" />
                  <PolyStepSegment x="92.858344" y="130.694112" />
                  <PolyStepSegment x="92.886106" y="130.674679" />
                  <PolyStepSegment x="92.916644" y="130.655245" />
                  <PolyStepSegment x="92.952735" y="130.633036" />
                  <PolyStepSegment x="92.991602" y="130.613602" />
                  <PolyStepSegment x="93.033245" y="130.594169" />
                  <PolyStepSegment x="93.077665" y="130.577511" />
                  <PolyStepSegment x="93.124861" y="130.56363" />
                  <PolyStepSegment x="93.177609" y="130.552525" />
                  <PolyStepSegment x="93.233133" y="130.544197" />
                  <PolyStepSegment x="93.288658" y="130.54142" />
                  <PolyStepSegment x="93.302539" y="130.54142" />
                  <PolyStepSegment x="93.319196" y="130.544197" />
                  <PolyStepSegment x="93.341406" y="130.544197" />
                  <PolyStepSegment x="93.366392" y="130.546973" />
                  <PolyStepSegment x="93.39693" y="130.552525" />
                  <PolyStepSegment x="93.430245" y="130.560854" />
                  <PolyStepSegment x="93.469112" y="130.569183" />
                  <PolyStepSegment x="93.507979" y="130.580287" />
                  <PolyStepSegment x="93.546846" y="130.596945" />
                  <PolyStepSegment x="93.591266" y="130.613602" />
                  <PolyStepSegment x="93.632909" y="130.635812" />
                  <PolyStepSegment x="93.674552" y="130.660798" />
                  <PolyStepSegment x="93.716196" y="130.691336" />
                  <PolyStepSegment x="93.757839" y="130.724651" />
                  <PolyStepSegment x="93.796706" y="130.763518" />
                  <PolyStepSegment x="93.799482" y="130.766294" />
                  <PolyStepSegment x="93.805035" y="130.774623" />
                  <PolyStepSegment x="93.81614" y="130.785728" />
                  <PolyStepSegment x="93.827244" y="130.805161" />
                  <PolyStepSegment x="93.843902" y="130.827371" />
                  <PolyStepSegment x="93.860559" y="130.857909" />
                  <PolyStepSegment x="93.877216" y="130.891224" />
                  <PolyStepSegment x="93.89665" y="130.930091" />
                  <PolyStepSegment x="93.916083" y="130.974511" />
                  <PolyStepSegment x="93.932741" y="131.024483" />
                  <PolyStepSegment x="93.949398" y="131.080007" />
                  <PolyStepSegment x="93.966055" y="131.138308" />
                  <PolyStepSegment x="93.97716" y="131.204937" />
                  <PolyStepSegment x="93.988265" y="131.274342" />
                  <PolyStepSegment x="93.993818" y="131.352077" />
                  <PolyStepSegment x="93.996594" y="131.432587" />
                  <PolyStepSegment x="93.996594" y="131.438139" />
                  <PolyStepSegment x="93.996594" y="131.452021" />
                  <PolyStepSegment x="93.996594" y="131.47423" />
                  <PolyStepSegment x="93.993818" y="131.504769" />
                  <PolyStepSegment x="93.991041" y="131.54086" />
                  <PolyStepSegment x="93.985489" y="131.582503" />
                  <PolyStepSegment x="93.979936" y="131.629699" />
                  <PolyStepSegment x="93.971608" y="131.679671" />
                  <PolyStepSegment x="93.963279" y="131.732419" />
                  <PolyStepSegment x="93.949398" y="131.787943" />
                  <PolyStepSegment x="93.932741" y="131.843468" />
                  <PolyStepSegment x="93.916083" y="131.896216" />
                  <PolyStepSegment x="93.891097" y="131.948964" />
                  <PolyStepSegment x="93.866111" y="131.998936" />
                  <PolyStepSegment x="93.835573" y="132.048908" />
                  <PolyStepSegment x="93.802258" y="132.090551" />
                  <PolyStepSegment x="93.799482" y="132.093327" />
                  <PolyStepSegment x="93.79393" y="132.09888" />
                  <PolyStepSegment x="93.782825" y="132.109985" />
                  <PolyStepSegment x="93.766168" y="132.123866" />
                  <PolyStepSegment x="93.746734" y="132.140523" />
                  <PolyStepSegment x="93.724524" y="132.159957" />
                  <PolyStepSegment x="93.696762" y="132.17939" />
                  <PolyStepSegment x="93.666224" y="132.2016" />
                  <PolyStepSegment x="93.630133" y="132.221033" />
                  <PolyStepSegment x="93.591266" y="132.240467" />
                  <PolyStepSegment x="93.549622" y="132.259901" />
                  <PolyStepSegment x="93.502427" y="132.276558" />
                  <PolyStepSegment x="93.455231" y="132.290439" />
                  <PolyStepSegment x="93.402483" y="132.301544" />
                  <PolyStepSegment x="93.346958" y="132.307096" />
                  <PolyStepSegment x="93.288658" y="132.309873" />
                </Cutout>
              </Contour>
            </Features>
            <Features>
              <Contour>
                <Polygon>
                  <PolyBegin x="97.247547" y="130.147197" />
                  <PolyStepSegment x="96.683975" y="130.147197" />
                  <PolyStepSegment x="96.459101" y="130.730203" />
                  <PolyStepSegment x="95.434676" y="130.730203" />
                  <PolyStepSegment x="95.220907" y="130.147197" />
                  <PolyStepSegment x="94.673992" y="130.147197" />
                  <PolyStepSegment x="95.670654" y="132.709648" />
                  <PolyStepSegment x="96.220346" y="132.709648" />
                  <PolyStepSegment x="97.247547" y="130.147197" />
                </Polygon>
                <Cutout>
                  <PolyBegin x="95.939948" y="132.112761" />
                  <PolyStepSegment x="95.59292" y="131.163294" />
                  <PolyStepSegment x="96.295304" y="131.163294" />
                  <PolyStepSegment x="95.939948" y="132.112761" />
                </Cutout>
              </Contour>
            </Features>
            <Features>
              <Contour>
                <Polygon>
                  <PolyBegin x="98.544042" y="132.706872" />
                  <PolyStepSegment x="98.607895" y="132.706872" />
                  <PolyStepSegment x="98.643986" y="132.704096" />
                  <PolyStepSegment x="98.72172" y="132.698543" />
                  <PolyStepSegment x="98.802231" y="132.687438" />
                  <PolyStepSegment x="98.879965" y="132.676334" />
                  <PolyStepSegment x="98.916056" y="132.668005" />
                  <PolyStepSegment x="98.94937" y="132.659676" />
                  <PolyStepSegment x="98.952147" y="132.659676" />
                  <PolyStepSegment x="98.960475" y="132.6569" />
                  <PolyStepSegment x="98.97158" y="132.651348" />
                  <PolyStepSegment x="98.988237" y="132.645795" />
                  <PolyStepSegment x="99.007671" y="132.640243" />
                  <PolyStepSegment x="99.029881" y="132.629138" />
                  <PolyStepSegment x="99.082629" y="132.604152" />
                  <PolyStepSegment x="99.143706" y="132.573613" />
                  <PolyStepSegment x="99.207559" y="132.53197" />
                  <PolyStepSegment x="99.271412" y="132.481998" />
                  <PolyStepSegment x="99.335265" y="132.423698" />
                  <PolyStepSegment x="99.338041" y="132.420921" />
                  <PolyStepSegment x="99.343594" y="132.415369" />
                  <PolyStepSegment x="99.351922" y="132.40704" />
                  <PolyStepSegment x="99.363027" y="132.393159" />
                  <PolyStepSegment x="99.374132" y="132.376502" />
                  <PolyStepSegment x="99.390789" y="132.357068" />
                  <PolyStepSegment x="99.407447" y="132.334859" />
                  <PolyStepSegment x="99.42688" y="132.307096" />
                  <PolyStepSegment x="99.446314" y="132.279334" />
                  <PolyStepSegment x="99.465747" y="132.248796" />
                  <PolyStepSegment x="99.507391" y="132.176614" />
                  <PolyStepSegment x="99.546258" y="132.096104" />
                  <PolyStepSegment x="99.579572" y="132.007265" />
                  <PolyStepSegment x="99.579572" y="132.004488" />
                  <PolyStepSegment x="99.582348" y="131.99616" />
                  <PolyStepSegment x="99.587901" y="131.982279" />
                  <PolyStepSegment x="99.593453" y="131.962845" />
                  <PolyStepSegment x="99.599006" y="131.940635" />
                  <PolyStepSegment x="99.607334" y="131.910097" />
                  <PolyStepSegment x="99.615663" y="131.876782" />
                  <PolyStepSegment x="99.623992" y="131.840691" />
                  <PolyStepSegment x="99.629544" y="131.799048" />
                  <PolyStepSegment x="99.637873" y="131.751852" />
                  <PolyStepSegment x="99.646202" y="131.70188" />
                  <PolyStepSegment x="99.651754" y="131.649132" />
                  <PolyStepSegment x="99.657306" y="131.590832" />
                  <PolyStepSegment x="99.662859" y="131.532531" />
                  <PolyStepSegment x="99.665635" y="131.468678" />
                  <PolyStepSegment x="99.665635" y="131.402049" />
                  <PolyStepSegment x="99.665635" y="131.399272" />
                  <PolyStepSegment x="99.665635" y="131.388168" />
                  <PolyStepSegment x="99.665635" y="131.37151" />
                  <PolyStepSegment x="99.665635" y="131.3493" />
                  <PolyStepSegment x="99.662859" y="131.321538" />
                  <PolyStepSegment x="99.662859" y="131.291" />
                  <PolyStepSegment x="99.660083" y="131.254909" />
                  <PolyStepSegment x="99.65453" y="131.216042" />
                  <PolyStepSegment x="99.646202" y="131.129979" />
                  <PolyStepSegment x="99.63232" y="131.038364" />
                  <PolyStepSegment x="99.612887" y="130.946749" />
                  <PolyStepSegment x="99.585125" y="130.857909" />
                  <PolyStepSegment x="99.585125" y="130.855133" />
                  <PolyStepSegment x="99.579572" y="130.846805" />
                  <PolyStepSegment x="99.57402" y="130.830147" />
                  <PolyStepSegment x="99.568467" y="130.810714" />
                  <PolyStepSegment x="99.557362" y="130.788504" />
                  <PolyStepSegment x="99.546258" y="130.760742" />
                  <PolyStepSegment x="99.532376" y="130.730203" />
                  <PolyStepSegment x="99.515719" y="130.696889" />
                  <PolyStepSegment x="99.476852" y="130.624707" />
                  <PolyStepSegment x="99.429656" y="130.549749" />
                  <PolyStepSegment x="99.374132" y="130.474791" />
                  <PolyStepSegment x="99.310279" y="130.405386" />
                  <PolyStepSegment x="99.307503" y="130.402609" />
                  <PolyStepSegment x="99.304726" y="130.399833" />
                  <PolyStepSegment x="99.296398" y="130.391505" />
                  <PolyStepSegment x="99.285293" y="130.383176" />
                  <PolyStepSegment x="99.271412" y="130.372071" />
                  <PolyStepSegment x="99.257531" y="130.35819" />
                  <PolyStepSegment x="99.238097" y="130.344309" />
                  <PolyStepSegment x="99.215887" y="130.330428" />
                  <PolyStepSegment x="99.163139" y="130.297113" />
                  <PolyStepSegment x="99.102062" y="130.263798" />
                  <PolyStepSegment x="99.029881" y="130.230484" />
                  <PolyStepSegment x="98.94937" y="130.199945" />
                  <PolyStepSegment x="98.946594" y="130.199945" />
                  <PolyStepSegment x="98.941042" y="130.197169" />
                  <PolyStepSegment x="98.932713" y="130.194393" />
                  <PolyStepSegment x="98.918832" y="130.191617" />
                  <PolyStepSegment x="98.902175" y="130.18884" />
                  <PolyStepSegment x="98.879965" y="130.183288" />
                  <PolyStepSegment x="98.854979" y="130.177736" />
                  <PolyStepSegment x="98.827217" y="130.174959" />
                  <PolyStepSegment x="98.796678" y="130.169407" />
                  <PolyStepSegment x="98.763364" y="130.163854" />
                  <PolyStepSegment x="98.724496" y="130.158302" />
                  <PolyStepSegment x="98.682853" y="130.155526" />
                  <PolyStepSegment x="98.64121" y="130.15275" />
                  <PolyStepSegment x="98.594014" y="130.149973" />
                  <PolyStepSegment x="98.544042" y="130.147197" />
                  <PolyStepSegment x="97.519617" y="130.147197" />
                  <PolyStepSegment x="97.519617" y="132.709648" />
                  <PolyStepSegment x="98.51628" y="132.709648" />
                  <PolyStepSegment x="98.544042" y="132.706872" />
                </Polygon>
                <Cutout>
                  <PolyBegin x="98.374693" y="132.276558" />
                  <PolyStepSegment x="98.035994" y="132.276558" />
                  <PolyStepSegment x="98.035994" y="130.580287" />
                  <PolyStepSegment x="98.496846" y="130.580287" />
                  <PolyStepSegment x="98.541266" y="130.583064" />
                  <PolyStepSegment x="98.594014" y="130.58584" />
                  <PolyStepSegment x="98.646762" y="130.588616" />
                  <PolyStepSegment x="98.693958" y="130.594169" />
                  <PolyStepSegment x="98.716168" y="130.599721" />
                  <PolyStepSegment x="98.735601" y="130.602497" />
                  <PolyStepSegment x="98.738378" y="130.602497" />
                  <PolyStepSegment x="98.741154" y="130.605273" />
                  <PolyStepSegment x="98.757811" y="130.60805" />
                  <PolyStepSegment x="98.780021" y="130.616378" />
                  <PolyStepSegment x="98.807783" y="130.627483" />
                  <PolyStepSegment x="98.841098" y="130.644141" />
                  <PolyStepSegment x="98.877189" y="130.663574" />
                  <PolyStepSegment x="98.910503" y="130.685784" />
                  <PolyStepSegment x="98.943818" y="130.71077" />
                  <PolyStepSegment x="98.946594" y="130.713546" />
                  <PolyStepSegment x="98.957699" y="130.724651" />
                  <PolyStepSegment x="98.974356" y="130.744084" />
                  <PolyStepSegment x="98.991014" y="130.76907" />
                  <PolyStepSegment x="99.013223" y="130.805161" />
                  <PolyStepSegment x="99.035433" y="130.846805" />
                  <PolyStepSegment x="99.057643" y="130.896777" />
                  <PolyStepSegment x="99.079853" y="130.957853" />
                  <PolyStepSegment x="99.079853" y="130.96063" />
                  <PolyStepSegment x="99.082629" y="130.966182" />
                  <PolyStepSegment x="99.085405" y="130.974511" />
                  <PolyStepSegment x="99.088181" y="130.988392" />
                  <PolyStepSegment x="99.090958" y="131.007825" />
                  <PolyStepSegment x="99.09651" y="131.027259" />
                  <PolyStepSegment x="99.102062" y="131.052245" />
                  <PolyStepSegment x="99.107615" y="131.080007" />
                  <PolyStepSegment x="99.110391" y="131.113322" />
                  <PolyStepSegment x="99.115944" y="131.149413" />
                  <PolyStepSegment x="99.121496" y="131.185503" />
                  <PolyStepSegment x="99.124272" y="131.227147" />
                  <PolyStepSegment x="99.127048" y="131.274342" />
                  <PolyStepSegment x="99.129825" y="131.321538" />
                  <PolyStepSegment x="99.132601" y="131.374286" />
                  <PolyStepSegment x="99.132601" y="131.427035" />
                  <PolyStepSegment x="99.132601" y="131.429811" />
                  <PolyStepSegment x="99.132601" y="131.440916" />
                  <PolyStepSegment x="99.132601" y="131.454797" />
                  <PolyStepSegment x="99.132601" y="131.477007" />
                  <PolyStepSegment x="99.129825" y="131.501993" />
                  <PolyStepSegment x="99.129825" y="131.529755" />
                  <PolyStepSegment x="99.127048" y="131.560293" />
                  <PolyStepSegment x="99.127048" y="131.596384" />
                  <PolyStepSegment x="99.11872" y="131.668566" />
                  <PolyStepSegment x="99.110391" y="131.743524" />
                  <PolyStepSegment x="99.09651" y="131.818482" />
                  <PolyStepSegment x="99.088181" y="131.851796" />
                  <PolyStepSegment x="99.079853" y="131.882335" />
                  <PolyStepSegment x="99.079853" y="131.885111" />
                  <PolyStepSegment x="99.077076" y="131.890663" />
                  <PolyStepSegment x="99.0743" y="131.898992" />
                  <PolyStepSegment x="99.071524" y="131.907321" />
                  <PolyStepSegment x="99.057643" y="131.937859" />
                  <PolyStepSegment x="99.040986" y="131.97395" />
                  <PolyStepSegment x="99.021552" y="132.012817" />
                  <PolyStepSegment x="98.996566" y="132.05446" />
                  <PolyStepSegment x="98.966028" y="132.093327" />
                  <PolyStepSegment x="98.932713" y="132.129418" />
                  <PolyStepSegment x="98.927161" y="132.132194" />
                  <PolyStepSegment x="98.916056" y="132.143299" />
                  <PolyStepSegment x="98.893846" y="132.159957" />
                  <PolyStepSegment x="98.866084" y="132.17939" />
                  <PolyStepSegment x="98.832769" y="132.198824" />
                  <PolyStepSegment x="98.791126" y="132.218257" />
                  <PolyStepSegment x="98.74393" y="132.237691" />
                  <PolyStepSegment x="98.691182" y="132.251572" />
                  <PolyStepSegment x="98.685629" y="132.251572" />
                  <PolyStepSegment x="98.680077" y="132.254348" />
                  <PolyStepSegment x="98.668972" y="132.254348" />
                  <PolyStepSegment x="98.657867" y="132.257124" />
                  <PolyStepSegment x="98.64121" y="132.259901" />
                  <PolyStepSegment x="98.621776" y="132.262677" />
                  <PolyStepSegment x="98.59679" y="132.265453" />
                  <PolyStepSegment x="98.571804" y="132.265453" />
                  <PolyStepSegment x="98.541266" y="132.268229" />
                  <PolyStepSegment x="98.505175" y="132.271005" />
                  <PolyStepSegment x="98.466308" y="132.273782" />
                  <PolyStepSegment x="98.421888" y="132.273782" />
                  <PolyStepSegment x="98.374693" y="132.276558" />
                </Cutout>
              </Contour>
            </Features>
            <Features>
              <Contour>
                <Polygon>
                  <PolyBegin x="102.244743" y="130.147197" />
                  <PolyStepSegment x="101.753352" y="130.147197" />
                  <PolyStepSegment x="101.753352" y="131.993383" />
                  <PolyStepSegment x="101.750576" y="131.990607" />
                  <PolyStepSegment x="101.742248" y="131.982279" />
                  <PolyStepSegment x="101.72559" y="131.968397" />
                  <PolyStepSegment x="101.706157" y="131.95174" />
                  <PolyStepSegment x="101.681171" y="131.932307" />
                  <PolyStepSegment x="101.647856" y="131.907321" />
                  <PolyStepSegment x="101.614541" y="131.879558" />
                  <PolyStepSegment x="101.572898" y="131.851796" />
                  <PolyStepSegment x="101.528479" y="131.821258" />
                  <PolyStepSegment x="101.481283" y="131.790719" />
                  <PolyStepSegment x="101.428535" y="131.760181" />
                  <PolyStepSegment x="101.37301" y="131.729643" />
                  <PolyStepSegment x="101.31471" y="131.699104" />
                  <PolyStepSegment x="101.250857" y="131.671342" />
                  <PolyStepSegment x="101.187004" y="131.646356" />
                  <PolyStepSegment x="101.120374" y="131.62137" />
                  <PolyStepSegment x="101.120374" y="132.068341" />
                  <PolyStepSegment x="101.123151" y="132.068341" />
                  <PolyStepSegment x="101.128703" y="132.071118" />
                  <PolyStepSegment x="101.139808" y="132.073894" />
                  <PolyStepSegment x="101.153689" y="132.079446" />
                  <PolyStepSegment x="101.173123" y="132.087775" />
                  <PolyStepSegment x="101.192556" y="132.096104" />
                  <PolyStepSegment x="101.217542" y="132.107208" />
                  <PolyStepSegment x="101.245304" y="132.12109" />
                  <PolyStepSegment x="101.306381" y="132.151628" />
                  <PolyStepSegment x="101.375787" y="132.193271" />
                  <PolyStepSegment x="101.453521" y="132.243243" />
                  <PolyStepSegment x="101.536807" y="132.30432" />
                  <PolyStepSegment x="101.539584" y="132.307096" />
                  <PolyStepSegment x="101.547912" y="132.312649" />
                  <PolyStepSegment x="101.559017" y="132.320977" />
                  <PolyStepSegment x="101.572898" y="132.334859" />
                  <PolyStepSegment x="101.592332" y="132.351516" />
                  <PolyStepSegment x="101.611765" y="132.373726" />
                  <PolyStepSegment x="101.633975" y="132.395935" />
                  <PolyStepSegment x="101.658961" y="132.423698" />
                  <PolyStepSegment x="101.711709" y="132.484774" />
                  <PolyStepSegment x="101.761681" y="132.55418" />
                  <PolyStepSegment x="101.808877" y="132.631914" />
                  <PolyStepSegment x="101.82831" y="132.673557" />
                  <PolyStepSegment x="101.844968" y="132.717977" />
                  <PolyStepSegment x="102.244743" y="132.717977" />
                  <PolyStepSegment x="102.244743" y="130.147197" />
                </Polygon>
              </Contour>
            </Features>
            <Features>
              <Contour>
                <Polygon>
                  <PolyBegin x="104.987649" y="130.830147" />
                  <PolyStepSegment x="104.021524" y="130.830147" />
                  <PolyStepSegment x="104.021524" y="131.321538" />
                  <PolyStepSegment x="104.987649" y="131.321538" />
                  <PolyStepSegment x="104.987649" y="130.830147" />
                </Polygon>
              </Contour>
            </Features>
            <Features>
              <Contour>
                <Polygon>
                  <PolyBegin x="107.414065" y="130.147197" />
                  <PolyStepSegment x="106.922674" y="130.147197" />
                  <PolyStepSegment x="106.922674" y="131.993383" />
                  <PolyStepSegment x="106.919898" y="131.990607" />
                  <PolyStepSegment x="106.911569" y="131.982279" />
                  <PolyStepSegment x="106.894912" y="131.968397" />
                  <PolyStepSegment x="106.875478" y="131.95174" />
                  <PolyStepSegment x="106.850492" y="131.932307" />
                  <PolyStepSegment x="106.817178" y="131.907321" />
                  <PolyStepSegment x="106.783863" y="131.879558" />
                  <PolyStepSegment x="106.74222" y="131.851796" />
                  <PolyStepSegment x="106.6978" y="131.821258" />
                  <PolyStepSegment x="106.650605" y="131.790719" />
                  <PolyStepSegment x="106.597856" y="131.760181" />
                  <PolyStepSegment x="106.542332" y="131.729643" />
                  <PolyStepSegment x="106.484031" y="131.699104" />
                  <PolyStepSegment x="106.420178" y="131.671342" />
                  <PolyStepSegment x="106.356325" y="131.646356" />
                  <PolyStepSegment x="106.289696" y="131.62137" />
                  <PolyStepSegment x="106.289696" y="132.068341" />
                  <PolyStepSegment x="106.292472" y="132.068341" />
                  <PolyStepSegment x="106.298025" y="132.071118" />
                  <PolyStepSegment x="106.30913" y="132.073894" />
                  <PolyStepSegment x="106.323011" y="132.079446" />
                  <PolyStepSegment x="106.342444" y="132.087775" />
                  <PolyStepSegment x="106.361878" y="132.096104" />
                  <PolyStepSegment x="106.386864" y="132.107208" />
                  <PolyStepSegment x="106.414626" y="132.12109" />
                  <PolyStepSegment x="106.475703" y="132.151628" />
                  <PolyStepSegment x="106.545108" y="132.193271" />
                  <PolyStepSegment x="106.622842" y="132.243243" />
                  <PolyStepSegment x="106.706129" y="132.30432" />
                  <PolyStepSegment x="106.708905" y="132.307096" />
                  <PolyStepSegment x="106.717234" y="132.312649" />
                  <PolyStepSegment x="106.728339" y="132.320977" />
                  <PolyStepSegment x="106.74222" y="132.334859" />
                  <PolyStepSegment x="106.761653" y="132.351516" />
                  <PolyStepSegment x="106.781087" y="132.373726" />
                  <PolyStepSegment x="106.803297" y="132.395935" />
                  <PolyStepSegment x="106.828283" y="132.423698" />
                  <PolyStepSegment x="106.881031" y="132.484774" />
                  <PolyStepSegment x="106.931003" y="132.55418" />
                  <PolyStepSegment x="106.978199" y="132.631914" />
                  <PolyStepSegment x="106.997632" y="132.673557" />
                  <PolyStepSegment x="107.014289" y="132.717977" />
                  <PolyStepSegment x="107.414065" y="132.717977" />
                  <PolyStepSegment x="107.414065" y="130.147197" />
                </Polygon>
              </Contour>
            </Features>
            <Features>
              <Contour>
                <Polygon>
                  <PolyBegin x="109.013168" y="132.715201" />
                  <PolyStepSegment x="109.038154" y="132.715201" />
                  <PolyStepSegment x="109.068692" y="132.709648" />
                  <PolyStepSegment x="109.104783" y="132.704096" />
                  <PolyStepSegment x="109.146426" y="132.695767" />
                  <PolyStepSegment x="109.190846" y="132.684662" />
                  <PolyStepSegment x="109.235265" y="132.670781" />
                  <PolyStepSegment x="109.282461" y="132.654124" />
                  <PolyStepSegment x="109.332433" y="132.631914" />
                  <PolyStepSegment x="109.379629" y="132.606928" />
                  <PolyStepSegment x="109.426825" y="132.57639" />
                  <PolyStepSegment x="109.47402" y="132.540299" />
                  <PolyStepSegment x="109.51844" y="132.498655" />
                  <PolyStepSegment x="109.560083" y="132.45146" />
                  <PolyStepSegment x="109.562859" y="132.448684" />
                  <PolyStepSegment x="109.571188" y="132.437579" />
                  <PolyStepSegment x="109.582293" y="132.418145" />
                  <PolyStepSegment x="109.59895" y="132.390383" />
                  <PolyStepSegment x="109.618384" y="132.357068" />
                  <PolyStepSegment x="109.640594" y="132.312649" />
                  <PolyStepSegment x="109.662803" y="132.262677" />
                  <PolyStepSegment x="109.685013" y="132.2016" />
                  <PolyStepSegment x="109.707223" y="132.134971" />
                  <PolyStepSegment x="109.732209" y="132.057237" />
                  <PolyStepSegment x="109.751642" y="131.971174" />
                  <PolyStepSegment x="109.771076" y="131.876782" />
                  <PolyStepSegment x="109.787733" y="131.774062" />
                  <PolyStepSegment x="109.798838" y="131.660237" />
                  <PolyStepSegment x="109.807167" y="131.538083" />
                  <PolyStepSegment x="109.809943" y="131.407601" />
                  <PolyStepSegment x="109.809943" y="131.404825" />
                  <PolyStepSegment x="109.809943" y="131.399272" />
                  <PolyStepSegment x="109.809943" y="131.388168" />
                  <PolyStepSegment x="109.809943" y="131.377063" />
                  <PolyStepSegment x="109.809943" y="131.357629" />
                  <PolyStepSegment x="109.807167" y="131.338196" />
                  <PolyStepSegment x="109.807167" y="131.315986" />
                  <PolyStepSegment x="109.807167" y="131.288224" />
                  <PolyStepSegment x="109.801614" y="131.229923" />
                  <PolyStepSegment x="109.796062" y="131.160517" />
                  <PolyStepSegment x="109.787733" y="131.08556" />
                  <PolyStepSegment x="109.779405" y="131.005049" />
                  <PolyStepSegment x="109.765523" y="130.918986" />
                  <PolyStepSegment x="109.748866" y="130.832924" />
                  <PolyStepSegment x="109.726656" y="130.744084" />
                  <PolyStepSegment x="109.704447" y="130.658022" />
                  <PolyStepSegment x="109.673908" y="130.577511" />
                  <PolyStepSegment x="109.640594" y="130.497001" />
                  <PolyStepSegment x="109.601726" y="130.424819" />
                  <PolyStepSegment x="109.557307" y="130.360966" />
                  <PolyStepSegment x="109.554531" y="130.35819" />
                  <PolyStepSegment x="109.548978" y="130.349861" />
                  <PolyStepSegment x="109.535097" y="130.33598" />
                  <PolyStepSegment x="109.51844" y="130.319323" />
                  <PolyStepSegment x="109.499006" y="130.299889" />
                  <PolyStepSegment x="109.471244" y="130.277679" />
                  <PolyStepSegment x="109.440706" y="130.25547" />
                  <PolyStepSegment x="109.407391" y="130.230484" />
                  <PolyStepSegment x="109.368524" y="130.205498" />
                  <PolyStepSegment x="109.324104" y="130.183288" />
                  <PolyStepSegment x="109.276909" y="130.161078" />
                  <PolyStepSegment x="109.224161" y="130.141645" />
                  <PolyStepSegment x="109.168636" y="130.124987" />
                  <PolyStepSegment x="109.107559" y="130.111106" />
                  <PolyStepSegment x="109.043706" y="130.102778" />
                  <PolyStepSegment x="108.977077" y="130.100001" />
                  <PolyStepSegment x="108.96042" y="130.100001" />
                  <PolyStepSegment x="108.940986" y="130.102778" />
                  <PolyStepSegment x="108.916" y="130.105554" />
                  <PolyStepSegment x="108.882685" y="130.10833" />
                  <PolyStepSegment x="108.846595" y="130.113883" />
                  <PolyStepSegment x="108.804951" y="130.124987" />
                  <PolyStepSegment x="108.760532" y="130.136092" />
                  <PolyStepSegment x="108.713336" y="130.149973" />
                  <PolyStepSegment x="108.66614" y="130.169407" />
                  <PolyStepSegment x="108.616168" y="130.194393" />
                  <PolyStepSegment x="108.566196" y="130.219379" />
                  <PolyStepSegment x="108.516224" y="130.252694" />
                  <PolyStepSegment x="108.466252" y="130.291561" />
                  <PolyStepSegment x="108.419057" y="130.33598" />
                  <PolyStepSegment x="108.374637" y="130.385952" />
                  <PolyStepSegment x="108.371861" y="130.388728" />
                  <PolyStepSegment x="108.366309" y="130.399833" />
                  <PolyStepSegment x="108.352427" y="130.41649" />
                  <PolyStepSegment x="108.338546" y="130.441476" />
                  <PolyStepSegment x="108.321889" y="130.474791" />
                  <PolyStepSegment x="108.302455" y="130.516434" />
                  <PolyStepSegment x="108.283022" y="130.566406" />
                  <PolyStepSegment x="108.260812" y="130.621931" />
                  <PolyStepSegment x="108.238602" y="130.68856" />
                  <PolyStepSegment x="108.219169" y="130.763518" />
                  <PolyStepSegment x="108.199735" y="130.846805" />
                  <PolyStepSegment x="108.183078" y="130.941196" />
                  <PolyStepSegment x="108.169197" y="131.043916" />
                  <PolyStepSegment x="108.158092" y="131.157741" />
                  <PolyStepSegment x="108.149763" y="131.279895" />
                  <PolyStepSegment x="108.146987" y="131.413153" />
                  <PolyStepSegment x="108.146987" y="131.41593" />
                  <PolyStepSegment x="108.146987" y="131.421482" />
                  <PolyStepSegment x="108.146987" y="131.432587" />
                  <PolyStepSegment x="108.146987" y="131.443692" />
                  <PolyStepSegment x="108.146987" y="131.463125" />
                  <PolyStepSegment x="108.149763" y="131.482559" />
                  <PolyStepSegment x="108.149763" y="131.504769" />
                  <PolyStepSegment x="108.149763" y="131.529755" />
                  <PolyStepSegment x="108.155316" y="131.590832" />
                  <PolyStepSegment x="108.160868" y="131.657461" />
                  <PolyStepSegment x="108.169197" y="131.732419" />
                  <PolyStepSegment x="108.177526" y="131.812929" />
                  <PolyStepSegment x="108.191407" y="131.898992" />
                  <PolyStepSegment x="108.208064" y="131.985055" />
                  <PolyStepSegment x="108.227498" y="132.071118" />
                  <PolyStepSegment x="108.252484" y="132.15718" />
                  <PolyStepSegment x="108.280246" y="132.240467" />
                  <PolyStepSegment x="108.31356" y="132.318201" />
                  <PolyStepSegment x="108.352427" y="132.390383" />
                  <PolyStepSegment x="108.396847" y="132.454236" />
                  <PolyStepSegment x="108.399623" y="132.457012" />
                  <PolyStepSegment x="108.407952" y="132.465341" />
                  <PolyStepSegment x="108.419057" y="132.479222" />
                  <PolyStepSegment x="108.435714" y="132.495879" />
                  <PolyStepSegment x="108.457924" y="132.515313" />
                  <PolyStepSegment x="108.48291" y="132.537523" />
                  <PolyStepSegment x="108.513448" y="132.562509" />
                  <PolyStepSegment x="108.546763" y="132.587495" />
                  <PolyStepSegment x="108.58563" y="132.609704" />
                  <PolyStepSegment x="108.630049" y="132.63469" />
                  <PolyStepSegment x="108.677245" y="132.6569" />
                  <PolyStepSegment x="108.729993" y="132.676334" />
                  <PolyStepSegment x="108.785518" y="132.692991" />
                  <PolyStepSegment x="108.846595" y="132.706872" />
                  <PolyStepSegment x="108.910448" y="132.715201" />
                  <PolyStepSegment x="108.977077" y="132.717977" />
                  <PolyStepSegment x="108.993734" y="132.717977" />
                  <PolyStepSegment x="109.013168" y="132.715201" />
                </Polygon>
                <Cutout>
                  <PolyBegin x="108.977077" y="132.309873" />
                  <PolyStepSegment x="108.963196" y="132.309873" />
                  <PolyStepSegment x="108.946539" y="132.307096" />
                  <PolyStepSegment x="108.924329" y="132.301544" />
                  <PolyStepSegment x="108.899343" y="132.295991" />
                  <PolyStepSegment x="108.871581" y="132.284887" />
                  <PolyStepSegment x="108.846595" y="132.271005" />
                  <PolyStepSegment x="108.818832" y="132.251572" />
                  <PolyStepSegment x="108.816056" y="132.248796" />
                  <PolyStepSegment x="108.807728" y="132.240467" />
                  <PolyStepSegment x="108.793846" y="132.226586" />
                  <PolyStepSegment x="108.779965" y="132.204376" />
                  <PolyStepSegment x="108.763308" y="132.176614" />
                  <PolyStepSegment x="108.743874" y="132.143299" />
                  <PolyStepSegment x="108.727217" y="132.09888" />
                  <PolyStepSegment x="108.71056" y="132.048908" />
                  <PolyStepSegment x="108.71056" y="132.046132" />
                  <PolyStepSegment x="108.707784" y="132.040579" />
                  <PolyStepSegment x="108.705007" y="132.029474" />
                  <PolyStepSegment x="108.702231" y="132.012817" />
                  <PolyStepSegment x="108.699455" y="131.990607" />
                  <PolyStepSegment x="108.693902" y="131.965621" />
                  <PolyStepSegment x="108.691126" y="131.932307" />
                  <PolyStepSegment x="108.685574" y="131.896216" />
                  <PolyStepSegment x="108.680021" y="131.854572" />
                  <PolyStepSegment x="108.677245" y="131.807377" />
                  <PolyStepSegment x="108.671693" y="131.754629" />
                  <PolyStepSegment x="108.668917" y="131.696328" />
                  <PolyStepSegment x="108.66614" y="131.635251" />
                  <PolyStepSegment x="108.663364" y="131.563069" />
                  <PolyStepSegment x="108.660588" y="131.488111" />
                  <PolyStepSegment x="108.660588" y="131.407601" />
                  <PolyStepSegment x="108.660588" y="131.402049" />
                  <PolyStepSegment x="108.660588" y="131.388168" />
                  <PolyStepSegment x="108.660588" y="131.365958" />
                  <PolyStepSegment x="108.660588" y="131.335419" />
                  <PolyStepSegment x="108.663364" y="131.296552" />
                  <PolyStepSegment x="108.663364" y="131.254909" />
                  <PolyStepSegment x="108.663364" y="131.210489" />
                  <PolyStepSegment x="108.66614" y="131.160517" />
                  <PolyStepSegment x="108.671693" y="131.057797" />
                  <PolyStepSegment x="108.680021" y="130.955077" />
                  <PolyStepSegment x="108.685574" y="130.905105" />
                  <PolyStepSegment x="108.691126" y="130.860686" />
                  <PolyStepSegment x="108.696679" y="130.821819" />
                  <PolyStepSegment x="108.705007" y="130.785728" />
                  <PolyStepSegment x="108.705007" y="130.782952" />
                  <PolyStepSegment x="108.707784" y="130.777399" />
                  <PolyStepSegment x="108.71056" y="130.76907" />
                  <PolyStepSegment x="108.713336" y="130.757966" />
                  <PolyStepSegment x="108.721665" y="130.730203" />
                  <PolyStepSegment x="108.735546" y="130.696889" />
                  <PolyStepSegment x="108.752203" y="130.658022" />
                  <PolyStepSegment x="108.771637" y="130.621931" />
                  <PolyStepSegment x="108.793846" y="130.588616" />
                  <PolyStepSegment x="108.818832" y="130.56363" />
                  <PolyStepSegment x="108.821609" y="130.560854" />
                  <PolyStepSegment x="108.829937" y="130.555301" />
                  <PolyStepSegment x="108.846595" y="130.546973" />
                  <PolyStepSegment x="108.866028" y="130.535868" />
                  <PolyStepSegment x="108.888238" y="130.524763" />
                  <PolyStepSegment x="108.916" y="130.516434" />
                  <PolyStepSegment x="108.943762" y="130.510882" />
                  <PolyStepSegment x="108.977077" y="130.508106" />
                  <PolyStepSegment x="108.990958" y="130.508106" />
                  <PolyStepSegment x="109.007615" y="130.510882" />
                  <PolyStepSegment x="109.029825" y="130.516434" />
                  <PolyStepSegment x="109.054811" y="130.521987" />
                  <PolyStepSegment x="109.082573" y="130.530316" />
                  <PolyStepSegment x="109.107559" y="130.544197" />
                  <PolyStepSegment x="109.135321" y="130.56363" />
                  <PolyStepSegment x="109.138098" y="130.566406" />
                  <PolyStepSegment x="109.146426" y="130.574735" />
                  <PolyStepSegment x="109.160307" y="130.588616" />
                  <PolyStepSegment x="109.174189" y="130.610826" />
                  <PolyStepSegment x="109.193622" y="130.638588" />
                  <PolyStepSegment x="109.210279" y="130.671903" />
                  <PolyStepSegment x="109.226937" y="130.716322" />
                  <PolyStepSegment x="109.243594" y="130.766294" />
                  <PolyStepSegment x="109.243594" y="130.76907" />
                  <PolyStepSegment x="109.24637" y="130.774623" />
                  <PolyStepSegment x="109.249146" y="130.785728" />
                  <PolyStepSegment x="109.251923" y="130.802385" />
                  <PolyStepSegment x="109.254699" y="130.824595" />
                  <PolyStepSegment x="109.260251" y="130.849581" />
                  <PolyStepSegment x="109.265804" y="130.880119" />
                  <PolyStepSegment x="109.271356" y="130.91621" />
                  <PolyStepSegment x="109.274132" y="130.957853" />
                  <PolyStepSegment x="109.279685" y="131.005049" />
                  <PolyStepSegment x="109.285237" y="131.057797" />
                  <PolyStepSegment x="109.288014" y="131.116098" />
                  <PolyStepSegment x="109.29079" y="131.179951" />
                  <PolyStepSegment x="109.293566" y="131.249356" />
                  <PolyStepSegment x="109.296342" y="131.327091" />
                  <PolyStepSegment x="109.296342" y="131.407601" />
                  <PolyStepSegment x="109.296342" y="131.413153" />
                  <PolyStepSegment x="109.296342" y="131.427035" />
                  <PolyStepSegment x="109.296342" y="131.449244" />
                  <PolyStepSegment x="109.296342" y="131.479783" />
                  <PolyStepSegment x="109.296342" y="131.515874" />
                  <PolyStepSegment x="109.293566" y="131.560293" />
                  <PolyStepSegment x="109.293566" y="131.604713" />
                  <PolyStepSegment x="109.29079" y="131.654685" />
                  <PolyStepSegment x="109.285237" y="131.757405" />
                  <PolyStepSegment x="109.276909" y="131.857349" />
                  <PolyStepSegment x="109.271356" y="131.907321" />
                  <PolyStepSegment x="109.265804" y="131.95174" />
                  <PolyStepSegment x="109.257475" y="131.990607" />
                  <PolyStepSegment x="109.249146" y="132.026698" />
                  <PolyStepSegment x="109.249146" y="132.029474" />
                  <PolyStepSegment x="109.24637" y="132.035027" />
                  <PolyStepSegment x="109.243594" y="132.043355" />
                  <PolyStepSegment x="109.240818" y="132.05446" />
                  <PolyStepSegment x="109.232489" y="132.082222" />
                  <PolyStepSegment x="109.218608" y="132.118313" />
                  <PolyStepSegment x="109.201951" y="132.15718" />
                  <PolyStepSegment x="109.182517" y="132.193271" />
                  <PolyStepSegment x="109.160307" y="132.226586" />
                  <PolyStepSegment x="109.135321" y="132.251572" />
                  <PolyStepSegment x="109.132545" y="132.254348" />
                  <PolyStepSegment x="109.124217" y="132.259901" />
                  <PolyStepSegment x="109.107559" y="132.271005" />
                  <PolyStepSegment x="109.090902" y="132.28211" />
                  <PolyStepSegment x="109.065916" y="132.290439" />
                  <PolyStepSegment x="109.038154" y="132.301544" />
                  <PolyStepSegment x="109.010392" y="132.307096" />
                  <PolyStepSegment x="108.977077" y="132.309873" />
                </Cutout>
              </Contour>
            </Features>
            <Features>
              <Contour>
                <Polygon>
                  <PolyBegin x="112.430695" y="132.748515" />
                  <PolyStepSegment x="112.469562" y="132.745739" />
                  <PolyStepSegment x="112.516757" y="132.740187" />
                  <PolyStepSegment x="112.572282" y="132.731858" />
                  <PolyStepSegment x="112.633359" y="132.720753" />
                  <PolyStepSegment x="112.699988" y="132.706872" />
                  <PolyStepSegment x="112.77217" y="132.687438" />
                  <PolyStepSegment x="112.844351" y="132.665229" />
                  <PolyStepSegment x="112.919309" y="132.637466" />
                  <PolyStepSegment x="112.997043" y="132.601376" />
                  <PolyStepSegment x="113.072001" y="132.562509" />
                  <PolyStepSegment x="113.144183" y="132.515313" />
                  <PolyStepSegment x="113.213589" y="132.459788" />
                  <PolyStepSegment x="113.280218" y="132.398712" />
                  <PolyStepSegment x="113.282994" y="132.395935" />
                  <PolyStepSegment x="113.294099" y="132.382054" />
                  <PolyStepSegment x="113.310756" y="132.362621" />
                  <PolyStepSegment x="113.332966" y="132.334859" />
                  <PolyStepSegment x="113.360728" y="132.298768" />
                  <PolyStepSegment x="113.388491" y="132.254348" />
                  <PolyStepSegment x="113.419029" y="132.204376" />
                  <PolyStepSegment x="113.452344" y="132.143299" />
                  <PolyStepSegment x="113.482882" y="132.079446" />
                  <PolyStepSegment x="113.51342" y="132.004488" />
                  <PolyStepSegment x="113.543959" y="131.923978" />
                  <PolyStepSegment x="113.568945" y="131.837915" />
                  <PolyStepSegment x="113.591155" y="131.743524" />
                  <PolyStepSegment x="113.607812" y="131.64358" />
                  <PolyStepSegment x="113.618917" y="131.535307" />
                  <PolyStepSegment x="113.621693" y="131.421482" />
                  <PolyStepSegment x="113.621693" y="131.418706" />
                  <PolyStepSegment x="113.621693" y="131.413153" />
                  <PolyStepSegment x="113.621693" y="131.404825" />
                  <PolyStepSegment x="113.621693" y="131.39372" />
                  <PolyStepSegment x="113.621693" y="131.379839" />
                  <PolyStepSegment x="113.618917" y="131.363182" />
                  <PolyStepSegment x="113.616141" y="131.318762" />
                  <PolyStepSegment x="113.610588" y="131.266014" />
                  <PolyStepSegment x="113.605036" y="131.207713" />
                  <PolyStepSegment x="113.593931" y="131.138308" />
                  <PolyStepSegment x="113.58005" y="131.066126" />
                  <PolyStepSegment x="113.560616" y="130.991168" />
                  <PolyStepSegment x="113.538406" y="130.910658" />
                  <PolyStepSegment x="113.510644" y="130.830147" />
                  <PolyStepSegment x="113.480106" y="130.749637" />
                  <PolyStepSegment x="113.441239" y="130.669127" />
                  <PolyStepSegment x="113.394043" y="130.591392" />
                  <PolyStepSegment x="113.344071" y="130.519211" />
                  <PolyStepSegment x="113.282994" y="130.449805" />
                  <PolyStepSegment x="113.280218" y="130.447029" />
                  <PolyStepSegment x="113.266337" y="130.435924" />
                  <PolyStepSegment x="113.24968" y="130.41649" />
                  <PolyStepSegment x="113.221917" y="130.394281" />
                  <PolyStepSegment x="113.188603" y="130.369295" />
                  <PolyStepSegment x="113.146959" y="130.338756" />
                  <PolyStepSegment x="113.099764" y="130.308218" />
                  <PolyStepSegment x="113.044239" y="130.274903" />
                  <PolyStepSegment x="112.983162" y="130.241589" />
                  <PolyStepSegment x="112.916533" y="130.21105" />
                  <PolyStepSegment x="112.841575" y="130.180512" />
                  <PolyStepSegment x="112.761065" y="130.155526" />
                  <PolyStepSegment x="112.675002" y="130.133316" />
                  <PolyStepSegment x="112.583387" y="130.113883" />
                  <PolyStepSegment x="112.483443" y="130.102778" />
                  <PolyStepSegment x="112.380723" y="130.100001" />
                  <PolyStepSegment x="112.355737" y="130.100001" />
                  <PolyStepSegment x="112.325198" y="130.102778" />
                  <PolyStepSegment x="112.286331" y="130.105554" />
                  <PolyStepSegment x="112.239135" y="130.111106" />
                  <PolyStepSegment x="112.180835" y="130.119435" />
                  <PolyStepSegment x="112.119758" y="130.127764" />
                  <PolyStepSegment x="112.053129" y="130.144421" />
                  <PolyStepSegment x="111.980947" y="130.161078" />
                  <PolyStepSegment x="111.908765" y="130.186064" />
                  <PolyStepSegment x="111.831031" y="130.213826" />
                  <PolyStepSegment x="111.756073" y="130.247141" />
                  <PolyStepSegment x="111.681115" y="130.286008" />
                  <PolyStepSegment x="111.608933" y="130.333204" />
                  <PolyStepSegment x="111.539528" y="130.385952" />
                  <PolyStepSegment x="111.472899" y="130.447029" />
                  <PolyStepSegment x="111.470122" y="130.452581" />
                  <PolyStepSegment x="111.459018" y="130.463686" />
                  <PolyStepSegment x="111.44236" y="130.48312" />
                  <PolyStepSegment x="111.420151" y="130.510882" />
                  <PolyStepSegment x="111.395165" y="130.546973" />
                  <PolyStepSegment x="111.367402" y="130.591392" />
                  <PolyStepSegment x="111.336864" y="130.641364" />
                  <PolyStepSegment x="111.306326" y="130.699665" />
                  <PolyStepSegment x="111.273011" y="130.763518" />
                  <PolyStepSegment x="111.242472" y="130.8357" />
                  <PolyStepSegment x="111.21471" y="130.913434" />
                  <PolyStepSegment x="111.189724" y="130.999497" />
                  <PolyStepSegment x="111.167515" y="131.091112" />
                  <PolyStepSegment x="111.150857" y="131.191056" />
                  <PolyStepSegment x="111.139752" y="131.296552" />
                  <PolyStepSegment x="111.136976" y="131.407601" />
                  <PolyStepSegment x="111.136976" y="131.413153" />
                  <PolyStepSegment x="111.136976" y="131.424258" />
                  <PolyStepSegment x="111.136976" y="131.446468" />
                  <PolyStepSegment x="111.139752" y="131.47423" />
                  <PolyStepSegment x="111.139752" y="131.507545" />
                  <PolyStepSegment x="111.142529" y="131.546412" />
                  <PolyStepSegment x="111.148081" y="131.588055" />
                  <PolyStepSegment x="111.150857" y="131.638027" />
                  <PolyStepSegment x="111.159186" y="131.687999" />
                  <PolyStepSegment x="111.164738" y="131.740747" />
                  <PolyStepSegment x="111.186948" y="131.851796" />
                  <PolyStepSegment x="111.21471" y="131.960069" />
                  <PolyStepSegment x="111.234144" y="132.015593" />
                  <PolyStepSegment x="111.253577" y="132.065565" />
                  <PolyStepSegment x="111.253577" y="132.068341" />
                  <PolyStepSegment x="111.256354" y="132.073894" />
                  <PolyStepSegment x="111.261906" y="132.084999" />
                  <PolyStepSegment x="111.270235" y="132.09888" />
                  <PolyStepSegment x="111.278563" y="132.115537" />
                  <PolyStepSegment x="111.289668" y="132.134971" />
                  <PolyStepSegment x="111.314654" y="132.184943" />
                  <PolyStepSegment x="111.347969" y="132.237691" />
                  <PolyStepSegment x="111.389612" y="132.298768" />
                  <PolyStepSegment x="111.436808" y="132.357068" />
                  <PolyStepSegment x="111.489556" y="132.418145" />
                  <PolyStepSegment x="111.492332" y="132.420921" />
                  <PolyStepSegment x="111.497885" y="132.423698" />
                  <PolyStepSegment x="111.506213" y="132.432026" />
                  <PolyStepSegment x="111.517318" y="132.443131" />
                  <PolyStepSegment x="111.531199" y="132.457012" />
                  <PolyStepSegment x="111.547857" y="132.470893" />
                  <PolyStepSegment x="111.5895" y="132.504208" />
                  <PolyStepSegment x="111.636696" y="132.543075" />
                  <PolyStepSegment x="111.694996" y="132.581942" />
                  <PolyStepSegment x="111.756073" y="132.618033" />
                  <PolyStepSegment x="111.822702" y="132.648571" />
                  <PolyStepSegment x="111.825479" y="132.648571" />
                  <PolyStepSegment x="111.833807" y="132.654124" />
                  <PolyStepSegment x="111.847688" y="132.6569" />
                  <PolyStepSegment x="111.864346" y="132.665229" />
                  <PolyStepSegment x="111.886556" y="132.673557" />
                  <PolyStepSegment x="111.914318" y="132.681886" />
                  <PolyStepSegment x="111.944856" y="132.690215" />
                  <PolyStepSegment x="111.980947" y="132.70132" />
                  <PolyStepSegment x="112.019814" y="132.709648" />
                  <PolyStepSegment x="112.061457" y="132.717977" />
                  <PolyStepSegment x="112.108653" y="132.726306" />
                  <PolyStepSegment x="112.155849" y="132.734634" />
                  <PolyStepSegment x="112.261345" y="132.745739" />
                  <PolyStepSegment x="112.37517" y="132.751292" />
                  <PolyStepSegment x="112.400156" y="132.751292" />
                  <PolyStepSegment x="112.430695" y="132.748515" />
                </Polygon>
                <Cutout>
                  <PolyBegin x="112.380723" y="132.309873" />
                  <PolyStepSegment x="112.350184" y="132.309873" />
                  <PolyStepSegment x="112.327974" y="132.307096" />
                  <PolyStepSegment x="112.300212" y="132.30432" />
                  <PolyStepSegment x="112.269674" y="132.298768" />
                  <PolyStepSegment x="112.233583" y="132.290439" />
                  <PolyStepSegment x="112.197492" y="132.28211" />
                  <PolyStepSegment x="112.155849" y="132.271005" />
                  <PolyStepSegment x="112.114206" y="132.257124" />
                  <PolyStepSegment x="112.072562" y="132.237691" />
                  <PolyStepSegment x="112.028143" y="132.215481" />
                  <PolyStepSegment x="111.986499" y="132.190495" />
                  <PolyStepSegment x="111.94208" y="132.159957" />
                  <PolyStepSegment x="111.903213" y="132.126642" />
                  <PolyStepSegment x="111.864346" y="132.087775" />
                  <PolyStepSegment x="111.86157" y="132.084999" />
                  <PolyStepSegment x="111.856017" y="132.07667" />
                  <PolyStepSegment x="111.847688" y="132.065565" />
                  <PolyStepSegment x="111.833807" y="132.046132" />
                  <PolyStepSegment x="111.819926" y="132.023922" />
                  <PolyStepSegment x="111.803269" y="131.99616" />
                  <PolyStepSegment x="111.786612" y="131.962845" />
                  <PolyStepSegment x="111.767178" y="131.923978" />
                  <PolyStepSegment x="111.750521" y="131.879558" />
                  <PolyStepSegment x="111.731087" y="131.829586" />
                  <PolyStepSegment x="111.71443" y="131.776838" />
                  <PolyStepSegment x="111.700549" y="131.715761" />
                  <PolyStepSegment x="111.686668" y="131.651908" />
                  <PolyStepSegment x="111.678339" y="131.582503" />
                  <PolyStepSegment x="111.672787" y="131.507545" />
                  <PolyStepSegment x="111.67001" y="131.427035" />
                  <PolyStepSegment x="111.67001" y="131.421482" />
                  <PolyStepSegment x="111.67001" y="131.407601" />
                  <PolyStepSegment x="111.672787" y="131.385391" />
                  <PolyStepSegment x="111.672787" y="131.354853" />
                  <PolyStepSegment x="111.675563" y="131.318762" />
                  <PolyStepSegment x="111.681115" y="131.277119" />
                  <PolyStepSegment x="111.686668" y="131.229923" />
                  <PolyStepSegment x="111.694996" y="131.179951" />
                  <PolyStepSegment x="111.706101" y="131.127203" />
                  <PolyStepSegment x="111.719982" y="131.074455" />
                  <PolyStepSegment x="111.733863" y="131.01893" />
                  <PolyStepSegment x="111.753297" y="130.963406" />
                  <PolyStepSegment x="111.778283" y="130.910658" />
                  <PolyStepSegment x="111.803269" y="130.860686" />
                  <PolyStepSegment x="111.833807" y="130.810714" />
                  <PolyStepSegment x="111.869898" y="130.766294" />
                  <PolyStepSegment x="111.872674" y="130.763518" />
                  <PolyStepSegment x="111.878227" y="130.757966" />
                  <PolyStepSegment x="111.889332" y="130.746861" />
                  <PolyStepSegment x="111.905989" y="130.730203" />
                  <PolyStepSegment x="111.925423" y="130.713546" />
                  <PolyStepSegment x="111.950409" y="130.694112" />
                  <PolyStepSegment x="111.978171" y="130.674679" />
                  <PolyStepSegment x="112.008709" y="130.655245" />
                  <PolyStepSegment x="112.0448" y="130.633036" />
                  <PolyStepSegment x="112.083667" y="130.613602" />
                  <PolyStepSegment x="112.12531" y="130.594169" />
                  <PolyStepSegment x="112.16973" y="130.577511" />
                  <PolyStepSegment x="112.216926" y="130.56363" />
                  <PolyStepSegment x="112.269674" y="130.552525" />
                  <PolyStepSegment x="112.325198" y="130.544197" />
                  <PolyStepSegment x="112.380723" y="130.54142" />
                  <PolyStepSegment x="112.394604" y="130.54142" />
                  <PolyStepSegment x="112.411261" y="130.544197" />
                  <PolyStepSegment x="112.433471" y="130.544197" />
                  <PolyStepSegment x="112.458457" y="130.546973" />
                  <PolyStepSegment x="112.488995" y="130.552525" />
                  <PolyStepSegment x="112.52231" y="130.560854" />
                  <PolyStepSegment x="112.561177" y="130.569183" />
                  <PolyStepSegment x="112.600044" y="130.580287" />
                  <PolyStepSegment x="112.638911" y="130.596945" />
                  <PolyStepSegment x="112.683331" y="130.613602" />
                  <PolyStepSegment x="112.724974" y="130.635812" />
                  <PolyStepSegment x="112.766617" y="130.660798" />
                  <PolyStepSegment x="112.808261" y="130.691336" />
                  <PolyStepSegment x="112.849904" y="130.724651" />
                  <PolyStepSegment x="112.888771" y="130.763518" />
                  <PolyStepSegment x="112.891547" y="130.766294" />
                  <PolyStepSegment x="112.8971" y="130.774623" />
                  <PolyStepSegment x="112.908204" y="130.785728" />
                  <PolyStepSegment x="112.919309" y="130.805161" />
                  <PolyStepSegment x="112.935967" y="130.827371" />
                  <PolyStepSegment x="112.952624" y="130.857909" />
                  <PolyStepSegment x="112.969281" y="130.891224" />
                  <PolyStepSegment x="112.988715" y="130.930091" />
                  <PolyStepSegment x="113.008148" y="130.974511" />
                  <PolyStepSegment x="113.024806" y="131.024483" />
                  <PolyStepSegment x="113.041463" y="131.080007" />
                  <PolyStepSegment x="113.05812" y="131.138308" />
                  <PolyStepSegment x="113.069225" y="131.204937" />
                  <PolyStepSegment x="113.08033" y="131.274342" />
                  <PolyStepSegment x="113.085883" y="131.352077" />
                  <PolyStepSegment x="113.088659" y="131.432587" />
                  <PolyStepSegment x="113.088659" y="131.438139" />
                  <PolyStepSegment x="113.088659" y="131.452021" />
                  <PolyStepSegment x="113.088659" y="131.47423" />
                  <PolyStepSegment x="113.085883" y="131.504769" />
                  <PolyStepSegment x="113.083106" y="131.54086" />
                  <PolyStepSegment x="113.077554" y="131.582503" />
                  <PolyStepSegment x="113.072001" y="131.629699" />
                  <PolyStepSegment x="113.063673" y="131.679671" />
                  <PolyStepSegment x="113.055344" y="131.732419" />
                  <PolyStepSegment x="113.041463" y="131.787943" />
                  <PolyStepSegment x="113.024806" y="131.843468" />
                  <PolyStepSegment x="113.008148" y="131.896216" />
                  <PolyStepSegment x="112.983162" y="131.948964" />
                  <PolyStepSegment x="112.958176" y="131.998936" />
                  <PolyStepSegment x="112.927638" y="132.048908" />
                  <PolyStepSegment x="112.894323" y="132.090551" />
                  <PolyStepSegment x="112.891547" y="132.093327" />
                  <PolyStepSegment x="112.885995" y="132.09888" />
                  <PolyStepSegment x="112.87489" y="132.109985" />
                  <PolyStepSegment x="112.858232" y="132.123866" />
                  <PolyStepSegment x="112.838799" y="132.140523" />
                  <PolyStepSegment x="112.816589" y="132.159957" />
                  <PolyStepSegment x="112.788827" y="132.17939" />
                  <PolyStepSegment x="112.758289" y="132.2016" />
                  <PolyStepSegment x="112.722198" y="132.221033" />
                  <PolyStepSegment x="112.683331" y="132.240467" />
                  <PolyStepSegment x="112.641687" y="132.259901" />
                  <PolyStepSegment x="112.594492" y="132.276558" />
                  <PolyStepSegment x="112.547296" y="132.290439" />
                  <PolyStepSegment x="112.494548" y="132.301544" />
                  <PolyStepSegment x="112.439023" y="132.307096" />
                  <PolyStepSegment x="112.380723" y="132.309873" />
                </Cutout>
              </Contour>
            </Features>
            <Features>
              <Contour>
                <Polygon>
                  <PolyBegin x="116.075871" y="130.147197" />
                  <PolyStepSegment x="115.559495" y="130.147197" />
                  <PolyStepSegment x="115.559495" y="131.26879" />
                  <PolyStepSegment x="114.543398" y="131.26879" />
                  <PolyStepSegment x="114.543398" y="130.147197" />
                  <PolyStepSegment x="114.027021" y="130.147197" />
                  <PolyStepSegment x="114.027021" y="132.709648" />
                  <PolyStepSegment x="114.543398" y="132.709648" />
                  <PolyStepSegment x="114.543398" y="131.70188" />
                  <PolyStepSegment x="115.559495" y="131.70188" />
                  <PolyStepSegment x="115.559495" y="132.709648" />
                  <PolyStepSegment x="116.075871" y="132.709648" />
                  <PolyStepSegment x="116.075871" y="130.147197" />
                </Polygon>
              </Contour>
            </Features>
            <Features>
              <Contour>
                <Polygon>
                  <PolyBegin x="119.074189" y="130.147197" />
                  <PolyStepSegment x="118.596679" y="130.147197" />
                  <PolyStepSegment x="118.593903" y="132.162733" />
                  <PolyStepSegment x="118.088631" y="130.147197" />
                  <PolyStepSegment x="117.588911" y="130.147197" />
                  <PolyStepSegment x="117.083639" y="132.162733" />
                  <PolyStepSegment x="117.083639" y="130.147197" />
                  <PolyStepSegment x="116.60613" y="130.147197" />
                  <PolyStepSegment x="116.60613" y="132.709648" />
                  <PolyStepSegment x="117.380695" y="132.709648" />
                  <PolyStepSegment x="117.841547" y="130.96063" />
                  <PolyStepSegment x="118.296847" y="132.709648" />
                  <PolyStepSegment x="119.074189" y="132.709648" />
                  <PolyStepSegment x="119.074189" y="130.147197" />
                </Polygon>
              </Contour>
            </Features>
          </Set>
        </LayerFeature>
        <LayerFeature layerRef="Top Solder">
          <Set>
            <ColorRef id="LAYER_COLOR_Top Solder" />
          </Set>
          <Set net="SNS_2_NEG">
            <Features>
              <UserSpecial>
                <Arc startX="120.300001" startY="82.799997" endX="126.299999" endY="82.799997" centerX="123.3" centerY="82.8" clockwise="false">
                  <LineDesc lineEnd="ROUND" lineWidth="10.2032" lineProperty="SOLID" />
                </Arc>
                <Arc startX="126.299999" startY="82.8" endX="120.300001" endY="82.799997" centerX="123.3" centerY="82.8" clockwise="false">
                  <LineDesc lineEnd="ROUND" lineWidth="10.2032" lineProperty="SOLID" />
                </Arc>
              </UserSpecial>
            </Features>
          </Set>
          <Set net="SNS_2_POS">
            <Features>
              <UserSpecial>
                <Arc startX="74.300001" startY="82.8" endX="80.299999" endY="82.8" centerX="77.3" centerY="82.8" clockwise="false">
                  <LineDesc lineEnd="ROUND" lineWidth="10.2032" lineProperty="SOLID" />
                </Arc>
                <Arc startX="80.299999" startY="82.8" endX="74.300001" endY="82.8" centerX="77.3" centerY="82.8" clockwise="false">
                  <LineDesc lineEnd="ROUND" lineWidth="10.2032" lineProperty="SOLID" />
                </Arc>
              </UserSpecial>
            </Features>
          </Set>
          <Set net="SNS_3_POS">
            <Features>
              <UserSpecial>
                <Arc startX="74.300001" startY="46.8" endX="80.299999" endY="46.8" centerX="77.3" centerY="46.8" clockwise="false">
                  <LineDesc lineEnd="ROUND" lineWidth="10.2032" lineProperty="SOLID" />
                </Arc>
                <Arc startX="80.299999" startY="46.8" endX="74.300001" endY="46.8" centerX="77.3" centerY="46.8" clockwise="false">
                  <LineDesc lineEnd="ROUND" lineWidth="10.2032" lineProperty="SOLID" />
                </Arc>
              </UserSpecial>
            </Features>
          </Set>
          <Set net="SNS_3_NEG">
            <Features>
              <UserSpecial>
                <Arc startX="120.300001" startY="46.799998" endX="126.299999" endY="46.8" centerX="123.3" centerY="46.8" clockwise="false">
                  <LineDesc lineEnd="ROUND" lineWidth="10.2032" lineProperty="SOLID" />
                </Arc>
                <Arc startX="126.299999" startY="46.8" endX="120.300001" endY="46.799998" centerX="123.3" centerY="46.8" clockwise="false">
                  <LineDesc lineEnd="ROUND" lineWidth="10.2032" lineProperty="SOLID" />
                </Arc>
              </UserSpecial>
            </Features>
          </Set>
          <Set net="EXC_3_NEG">
            <Features>
              <UserSpecial>
                <Arc startX="150.299999" startY="46.8" endX="164.300002" endY="46.8" centerX="157.3" centerY="46.8" clockwise="false">
                  <LineDesc lineEnd="ROUND" lineWidth="15.2032" lineProperty="SOLID" />
                </Arc>
                <Arc startX="164.300002" startY="46.8" endX="150.299999" endY="46.8" centerX="157.3" centerY="46.8" clockwise="false">
                  <LineDesc lineEnd="ROUND" lineWidth="15.2032" lineProperty="SOLID" />
                </Arc>
              </UserSpecial>
            </Features>
          </Set>
          <Set net="SNS_1_POS">
            <Features>
              <Arc startX="80.299999" startY="118.278999" endX="80.299999" endY="118.278999" centerX="77.3" centerY="118.278999" clockwise="false">
                <LineDesc lineEnd="ROUND" lineWidth="10.2032" lineProperty="SOLID" />
              </Arc>
            </Features>
          </Set>
          <Set net="EXC_2_NEG">
            <Features>
              <Arc startX="164.300002" startY="82.8" endX="164.300002" endY="82.8" centerX="157.3" centerY="82.8" clockwise="false">
                <LineDesc lineEnd="ROUND" lineWidth="15.2032" lineProperty="SOLID" />
              </Arc>
            </Features>
          </Set>
          <Set net="EXC_2_POS">
            <Features>
              <Arc startX="50.300001" startY="82.8" endX="50.300001" endY="82.8" centerX="43.3" centerY="82.8" clockwise="false">
                <LineDesc lineEnd="ROUND" lineWidth="15.2032" lineProperty="SOLID" />
              </Arc>
            </Features>
          </Set>
          <Set net="EXC_1_NEG">
            <Features>
              <Arc startX="164.300002" startY="118.799999" endX="164.300002" endY="118.799999" centerX="157.3" centerY="118.799999" clockwise="false">
                <LineDesc lineEnd="ROUND" lineWidth="15.2032" lineProperty="SOLID" />
              </Arc>
            </Features>
          </Set>
          <Set net="SNS_1_NEG">
            <Features>
              <Arc startX="126.299999" startY="118.799999" endX="126.299999" endY="118.799999" centerX="123.3" centerY="118.799999" clockwise="false">
                <LineDesc lineEnd="ROUND" lineWidth="10.2032" lineProperty="SOLID" />
              </Arc>
            </Features>
          </Set>
          <Set net="EXC_1_POS">
            <Features>
              <Arc startX="50.300001" startY="118.799999" endX="50.300001" endY="118.799999" centerX="43.3" centerY="118.799999" clockwise="false">
                <LineDesc lineEnd="ROUND" lineWidth="15.2032" lineProperty="SOLID" />
              </Arc>
            </Features>
          </Set>
          <Set net="EXC_3_POS">
            <Features>
              <Arc startX="50.300001" startY="46.8" endX="50.300001" endY="46.8" centerX="43.3" centerY="46.8" clockwise="false">
                <LineDesc lineEnd="ROUND" lineWidth="15.2032" lineProperty="SOLID" />
              </Arc>
            </Features>
          </Set>
        </LayerFeature>
        <LayerFeature layerRef="Top Layer">
          <Set>
            <ColorRef id="LAYER_COLOR_Top Layer" />
          </Set>
          <Set net="SNS_2_NEG">
            <Features>
              <UserSpecial>
                <Arc startX="120.300001" startY="82.799997" endX="126.299999" endY="82.799997" centerX="123.3" centerY="82.8" clockwise="false">
                  <LineDesc lineEnd="ROUND" lineWidth="10" lineProperty="SOLID" />
                </Arc>
                <Arc startX="126.299999" startY="82.8" endX="120.300001" endY="82.799997" centerX="123.3" centerY="82.8" clockwise="false">
                  <LineDesc lineEnd="ROUND" lineWidth="10" lineProperty="SOLID" />
                </Arc>
                <Line startX="126.299999" startY="82.799997" endX="137.214201" endY="82.8">
                  <LineDesc lineEnd="ROUND" lineWidth="0.254" lineProperty="SOLID" />
                </Line>
                <Line startX="120.300001" startY="82.799997" endX="126.299999" endY="82.799997">
                  <LineDesc lineEnd="ROUND" lineWidth="0.254" lineProperty="SOLID" />
                </Line>
                <Line startX="119.000001" startY="82.799997" endX="120.300001" endY="82.799997">
                  <LineDesc lineEnd="ROUND" lineWidth="0.254" lineProperty="SOLID" />
                </Line>
                <Line startX="101.1128" startY="82.8" endX="120.092622" endY="82.8">
                  <LineDesc lineEnd="ROUND" lineWidth="0.254" lineProperty="SOLID" />
                </Line>
                <Line startX="100.989079" startY="82.8" endX="101.1128" endY="82.8">
                  <LineDesc lineEnd="ROUND" lineWidth="0.254" lineProperty="SOLID" />
                </Line>
              </UserSpecial>
            </Features>
          </Set>
          <Set net="SNS_2_POS">
            <Features>
              <UserSpecial>
                <Arc startX="74.300001" startY="82.8" endX="80.299999" endY="82.8" centerX="77.3" centerY="82.8" clockwise="false">
                  <LineDesc lineEnd="ROUND" lineWidth="10" lineProperty="SOLID" />
                </Arc>
                <Arc startX="80.299999" startY="82.8" endX="74.300001" endY="82.8" centerX="77.3" centerY="82.8" clockwise="false">
                  <LineDesc lineEnd="ROUND" lineWidth="10" lineProperty="SOLID" />
                </Arc>
                <Line startX="81.4" startY="82.8" endX="99.3872" endY="82.8">
                  <LineDesc lineEnd="ROUND" lineWidth="0.254" lineProperty="SOLID" />
                </Line>
                <Line startX="80.299999" startY="82.8" endX="81.4" endY="82.8">
                  <LineDesc lineEnd="ROUND" lineWidth="0.254" lineProperty="SOLID" />
                </Line>
                <Line startX="80.157495" startY="82.8" endX="80.299999" endY="82.8">
                  <LineDesc lineEnd="ROUND" lineWidth="0.254" lineProperty="SOLID" />
                </Line>
                <Line startX="74.300001" startY="82.8" endX="80.157495" endY="82.8">
                  <LineDesc lineEnd="ROUND" lineWidth="0.254" lineProperty="SOLID" />
                </Line>
                <Line startX="64.1858" startY="82.8" endX="74.300001" endY="82.8">
                  <LineDesc lineEnd="ROUND" lineWidth="0.254" lineProperty="SOLID" />
                </Line>
              </UserSpecial>
            </Features>
          </Set>
          <Set net="SNS_3_POS">
            <Features>
              <UserSpecial>
                <Arc startX="74.300001" startY="46.8" endX="80.299999" endY="46.8" centerX="77.3" centerY="46.8" clockwise="false">
                  <LineDesc lineEnd="ROUND" lineWidth="10" lineProperty="SOLID" />
                </Arc>
                <Arc startX="80.299999" startY="46.8" endX="74.300001" endY="46.8" centerX="77.3" centerY="46.8" clockwise="false">
                  <LineDesc lineEnd="ROUND" lineWidth="10" lineProperty="SOLID" />
                </Arc>
                <Line startX="99.599999" startY="46.8" endX="99.599999" endY="50.782233">
                  <LineDesc lineEnd="ROUND" lineWidth="0.254" lineProperty="SOLID" />
                </Line>
                <Line startX="81.4" startY="46.8" endX="99.599999" endY="46.8">
                  <LineDesc lineEnd="ROUND" lineWidth="0.254" lineProperty="SOLID" />
                </Line>
                <Line startX="80.299999" startY="46.8" endX="81.4" endY="46.8">
                  <LineDesc lineEnd="ROUND" lineWidth="0.254" lineProperty="SOLID" />
                </Line>
                <Line startX="79.831997" startY="46.8" endX="80.299999" endY="46.8">
                  <LineDesc lineEnd="ROUND" lineWidth="0.254" lineProperty="SOLID" />
                </Line>
                <Line startX="74.300001" startY="46.8" endX="79.831997" endY="46.8">
                  <LineDesc lineEnd="ROUND" lineWidth="0.254" lineProperty="SOLID" />
                </Line>
                <Line startX="63.9858" startY="46.8" endX="74.300001" endY="46.8">
                  <LineDesc lineEnd="ROUND" lineWidth="0.254" lineProperty="SOLID" />
                </Line>
                <Line startX="99.599999" startY="42.900003" endX="99.599999" endY="46.8">
                  <LineDesc lineEnd="ROUND" lineWidth="0.254" lineProperty="SOLID" />
                </Line>
                <Line startX="63.885801" startY="46.8" endX="63.9858" endY="46.8">
                  <LineDesc lineEnd="ROUND" lineWidth="0.254" lineProperty="SOLID" />
                </Line>
                <Line startX="99.599999" startY="42.900003" endX="99.700001" endY="42.800001">
                  <LineDesc lineEnd="ROUND" lineWidth="0.254" lineProperty="SOLID" />
                </Line>
              </UserSpecial>
            </Features>
          </Set>
          <Set net="SNS_3_NEG">
            <Features>
              <UserSpecial>
                <Arc startX="120.300001" startY="46.799998" endX="126.299999" endY="46.8" centerX="123.3" centerY="46.8" clockwise="false">
                  <LineDesc lineEnd="ROUND" lineWidth="10" lineProperty="SOLID" />
                </Arc>
                <Arc startX="126.299999" startY="46.8" endX="120.300001" endY="46.799998" centerX="123.3" centerY="46.8" clockwise="false">
                  <LineDesc lineEnd="ROUND" lineWidth="10" lineProperty="SOLID" />
                </Arc>
                <Line startX="126.962438" startY="46.8" endX="137.3" endY="46.8">
                  <LineDesc lineEnd="ROUND" lineWidth="0.254" lineProperty="SOLID" />
                </Line>
                <Line startX="137.312926" startY="46.8" endX="137.866603" endY="46.8">
                  <LineDesc lineEnd="ROUND" lineWidth="0.254" lineProperty="SOLID" />
                </Line>
                <Line startX="137.3" startY="46.8" endX="137.312926" endY="46.8">
                  <LineDesc lineEnd="ROUND" lineWidth="0.254" lineProperty="SOLID" />
                </Line>
                <Line startX="126.600001" startY="46.8" endX="126.962438" endY="46.8">
                  <LineDesc lineEnd="ROUND" lineWidth="0.254" lineProperty="SOLID" />
                </Line>
                <Line startX="126.299999" startY="46.8" endX="126.600001" endY="46.8">
                  <LineDesc lineEnd="ROUND" lineWidth="0.254" lineProperty="SOLID" />
                </Line>
                <Line startX="120.96244" startY="46.8" endX="126.299999" endY="46.8">
                  <LineDesc lineEnd="ROUND" lineWidth="0.254" lineProperty="SOLID" />
                </Line>
                <Line startX="120.300001" startY="46.799998" endX="120.96244" endY="46.8">
                  <LineDesc lineEnd="ROUND" lineWidth="0.254" lineProperty="SOLID" />
                </Line>
                <Line startX="101.200001" startY="46.799998" endX="120.300001" endY="46.799998">
                  <LineDesc lineEnd="ROUND" lineWidth="0.254" lineProperty="SOLID" />
                </Line>
                <Line startX="101.200001" startY="46.799998" endX="101.200001" endY="50.683378">
                  <LineDesc lineEnd="ROUND" lineWidth="0.254" lineProperty="SOLID" />
                </Line>
                <Line startX="101.200001" startY="42.824001" endX="101.200001" endY="46.799998">
                  <LineDesc lineEnd="ROUND" lineWidth="0.254" lineProperty="SOLID" />
                </Line>
                <Line startX="101.200001" startY="42.824001" endX="101.224001" endY="42.800001">
                  <LineDesc lineEnd="ROUND" lineWidth="0.254" lineProperty="SOLID" />
                </Line>
              </UserSpecial>
            </Features>
          </Set>
          <Set net="EXC_3_NEG">
            <Features>
              <UserSpecial>
                <Arc startX="150.299999" startY="46.8" endX="164.300002" endY="46.8" centerX="157.3" centerY="46.8" clockwise="false">
                  <LineDesc lineEnd="ROUND" lineWidth="15" lineProperty="SOLID" />
                </Arc>
                <Arc startX="164.300002" startY="46.8" endX="150.299999" endY="46.8" centerX="157.3" centerY="46.8" clockwise="false">
                  <LineDesc lineEnd="ROUND" lineWidth="15" lineProperty="SOLID" />
                </Arc>
                <Line startX="150.299999" startY="46.8" endX="150.34595" endY="46.8">
                  <LineDesc lineEnd="ROUND" lineWidth="0.254" lineProperty="SOLID" />
                </Line>
                <Line startX="137.9858" startY="46.8" endX="150.299999" endY="46.8">
                  <LineDesc lineEnd="ROUND" lineWidth="0.254" lineProperty="SOLID" />
                </Line>
                <Line startX="150.34595" startY="49.800002" endX="150.366512" endY="49.779441">
                  <LineDesc lineEnd="ROUND" lineWidth="0.254" lineProperty="SOLID" />
                </Line>
              </UserSpecial>
            </Features>
          </Set>
          <Set net="SNS_1_POS">
            <Features>
              <UserSpecial>
                <Arc startX="80.299999" startY="118.278999" endX="80.299999" endY="118.278999" centerX="77.3" centerY="118.278999" clockwise="false">
                  <LineDesc lineEnd="ROUND" lineWidth="10" lineProperty="SOLID" />
                </Arc>
                <Line startX="80.052997" startY="118.799999" endX="99.3872" endY="118.799999">
                  <LineDesc lineEnd="ROUND" lineWidth="0.254" lineProperty="SOLID" />
                </Line>
                <Line startX="63.500003" startY="118.799999" endX="73.896977" endY="118.800001">
                  <LineDesc lineEnd="ROUND" lineWidth="0.254" lineProperty="SOLID" />
                </Line>
              </UserSpecial>
            </Features>
          </Set>
          <Set net="EXC_2_NEG">
            <Features>
              <UserSpecial>
                <Arc startX="164.300002" startY="82.8" endX="164.300002" endY="82.8" centerX="157.3" centerY="82.8" clockwise="false">
                  <LineDesc lineEnd="ROUND" lineWidth="15" lineProperty="SOLID" />
                </Arc>
                <Line startX="149.317479" startY="83.6" endX="149.476419" endY="83.758941">
                  <LineDesc lineEnd="ROUND" lineWidth="0.254" lineProperty="SOLID" />
                </Line>
                <Line startX="137.900001" startY="82.8" endX="149.317479" endY="82.8">
                  <LineDesc lineEnd="ROUND" lineWidth="0.254" lineProperty="SOLID" />
                </Line>
              </UserSpecial>
            </Features>
          </Set>
          <Set net="EXC_2_POS">
            <Features>
              <UserSpecial>
                <Arc startX="50.300001" startY="82.8" endX="50.300001" endY="82.8" centerX="43.3" centerY="82.8" clockwise="false">
                  <LineDesc lineEnd="ROUND" lineWidth="15" lineProperty="SOLID" />
                </Arc>
                <Line startX="50.556498" startY="82.8" endX="63.5" endY="82.8">
                  <LineDesc lineEnd="ROUND" lineWidth="0.254" lineProperty="SOLID" />
                </Line>
              </UserSpecial>
            </Features>
          </Set>
          <Set net="EXC_1_NEG">
            <Features>
              <UserSpecial>
                <Arc startX="164.300002" startY="118.799999" endX="164.300002" endY="118.799999" centerX="157.3" centerY="118.799999" clockwise="false">
                  <LineDesc lineEnd="ROUND" lineWidth="15" lineProperty="SOLID" />
                </Arc>
                <Line startX="137.9858" startY="118.799999" endX="150.188097" endY="118.799999">
                  <LineDesc lineEnd="ROUND" lineWidth="0.254" lineProperty="SOLID" />
                </Line>
              </UserSpecial>
            </Features>
          </Set>
          <Set net="SNS_1_NEG">
            <Features>
              <UserSpecial>
                <Arc startX="126.299999" startY="118.799999" endX="126.299999" endY="118.799999" centerX="123.3" centerY="118.799999" clockwise="false">
                  <LineDesc lineEnd="ROUND" lineWidth="10" lineProperty="SOLID" />
                </Arc>
                <Line startX="127.008971" startY="118.799999" endX="138.19999" endY="118.799999">
                  <LineDesc lineEnd="ROUND" lineWidth="0.254" lineProperty="SOLID" />
                </Line>
                <Line startX="126.962438" startY="118.753466" endX="127.008971" endY="118.799999">
                  <LineDesc lineEnd="ROUND" lineWidth="0.254" lineProperty="SOLID" />
                </Line>
                <Line startX="101.0128" startY="118.799999" endX="120.970591" endY="118.799999">
                  <LineDesc lineEnd="ROUND" lineWidth="0.254" lineProperty="SOLID" />
                </Line>
              </UserSpecial>
            </Features>
          </Set>
          <Set net="EXC_1_POS">
            <Features>
              <UserSpecial>
                <Arc startX="50.300001" startY="118.799999" endX="50.300001" endY="118.799999" centerX="43.3" centerY="118.799999" clockwise="false">
                  <LineDesc lineEnd="ROUND" lineWidth="15" lineProperty="SOLID" />
                </Arc>
                <Line startX="51.152001" startY="118.799999" endX="63.3" endY="118.799999">
                  <LineDesc lineEnd="ROUND" lineWidth="0.254" lineProperty="SOLID" />
                </Line>
              </UserSpecial>
            </Features>
          </Set>
          <Set net="EXC_3_POS">
            <Features>
              <UserSpecial>
                <Arc startX="50.300001" startY="46.8" endX="50.300001" endY="46.8" centerX="43.3" centerY="46.8" clockwise="false">
                  <LineDesc lineEnd="ROUND" lineWidth="15" lineProperty="SOLID" />
                </Arc>
                <Line startX="50.602998" startY="46.8" endX="63.200001" endY="46.8">
                  <LineDesc lineEnd="ROUND" lineWidth="0.254" lineProperty="SOLID" />
                </Line>
              </UserSpecial>
            </Features>
          </Set>
          <Set net="No Net">
            <Features>
              <Xform rotation="360" />
              <Location x="137.62941" y="118.801467" />
              <RectCenter width="0.4588" height="0.254" />
            </Features>
            <Features>
              <Xform rotation="360" />
              <Location x="137.629397" y="46.800785" />
              <RectCenter width="0.4588" height="0.254" />
            </Features>
            <Features>
              <Xform rotation="360" />
              <Location x="63.629339" y="46.79999" />
              <RectCenter width="0.4588" height="0.254" />
            </Features>
            <Features>
              <Xform rotation="360" />
              <Location x="63.62941" y="118.801172" />
              <RectCenter width="0.4588" height="0.254" />
            </Features>
            <Features>
              <Xform rotation="360" />
              <Location x="137.629387" y="82.800845" />
              <RectCenter width="0.4588" height="0.254" />
            </Features>
            <Features>
              <Xform rotation="360" />
              <Location x="63.629431" y="82.801346" />
              <RectCenter width="0.4588" height="0.254" />
            </Features>
          </Set>
        </LayerFeature>
        <LayerFeature layerRef="Dielectric 1">
          <Set>
            <ColorRef id="LAYER_COLOR_Dielectric 1" />
          </Set>
        </LayerFeature>
        <LayerFeature layerRef="Bottom Layer">
          <Set>
            <ColorRef id="LAYER_COLOR_Bottom Layer" />
          </Set>
        </LayerFeature>
        <LayerFeature layerRef="Bottom Solder">
          <Set>
            <ColorRef id="LAYER_COLOR_Bottom Solder" />
          </Set>
        </LayerFeature>
        <LayerFeature layerRef="Bottom Overlay">
          <Set>
            <ColorRef id="LAYER_COLOR_Bottom Overlay" />
          </Set>
          <Set net="No Net">
            <Features>
              <UserSpecial>
                <Line startX="167.730325" startY="36.023593" endX="167.984244" endY="36.277512">
                  <LineDesc lineEnd="ROUND" lineWidth="0.254" lineProperty="SOLID" />
                </Line>
                <Line startX="167.984244" startY="36.277512" endX="168.492079" endY="36.277512">
                  <LineDesc lineEnd="ROUND" lineWidth="0.254" lineProperty="SOLID" />
                </Line>
                <Line startX="168.492079" startY="36.277512" endX="168.745997" endY="36.023593">
                  <LineDesc lineEnd="ROUND" lineWidth="0.254" lineProperty="SOLID" />
                </Line>
                <Line startX="168.745997" startY="36.023593" endX="168.745997" endY="35.769677">
                  <LineDesc lineEnd="ROUND" lineWidth="0.254" lineProperty="SOLID" />
                </Line>
                <Line startX="168.745997" startY="35.769677" endX="168.492079" endY="35.515758">
                  <LineDesc lineEnd="ROUND" lineWidth="0.254" lineProperty="SOLID" />
                </Line>
                <Line startX="168.492079" startY="35.515758" endX="167.984244" endY="35.515758">
                  <LineDesc lineEnd="ROUND" lineWidth="0.254" lineProperty="SOLID" />
                </Line>
                <Line startX="167.984244" startY="35.515758" endX="167.730325" endY="35.26184">
                  <LineDesc lineEnd="ROUND" lineWidth="0.254" lineProperty="SOLID" />
                </Line>
                <Line startX="167.730325" startY="35.26184" endX="167.730325" endY="35.007923">
                  <LineDesc lineEnd="ROUND" lineWidth="0.254" lineProperty="SOLID" />
                </Line>
                <Line startX="167.730325" startY="35.007923" endX="167.984244" endY="34.754005">
                  <LineDesc lineEnd="ROUND" lineWidth="0.254" lineProperty="SOLID" />
                </Line>
                <Line startX="167.984244" startY="34.754005" endX="168.492079" endY="34.754005">
                  <LineDesc lineEnd="ROUND" lineWidth="0.254" lineProperty="SOLID" />
                </Line>
                <Line startX="168.492079" startY="34.754005" endX="168.745997" endY="35.007923">
                  <LineDesc lineEnd="ROUND" lineWidth="0.254" lineProperty="SOLID" />
                </Line>
                <Line startX="166.206818" startY="36.277512" endX="167.22249" endY="36.277512">
                  <LineDesc lineEnd="ROUND" lineWidth="0.254" lineProperty="SOLID" />
                </Line>
                <Line startX="167.22249" startY="36.277512" endX="167.22249" endY="34.754005">
                  <LineDesc lineEnd="ROUND" lineWidth="0.254" lineProperty="SOLID" />
                </Line>
                <Line startX="167.22249" startY="34.754005" endX="166.206818" endY="34.754005">
                  <LineDesc lineEnd="ROUND" lineWidth="0.254" lineProperty="SOLID" />
                </Line>
                <Line startX="167.22249" startY="35.515758" endX="166.714655" endY="35.515758">
                  <LineDesc lineEnd="ROUND" lineWidth="0.254" lineProperty="SOLID" />
                </Line>
                <Line startX="165.698983" startY="34.754005" endX="165.698983" endY="36.277512">
                  <LineDesc lineEnd="ROUND" lineWidth="0.254" lineProperty="SOLID" />
                </Line>
                <Line startX="165.698983" startY="36.277512" endX="164.937229" endY="36.277512">
                  <LineDesc lineEnd="ROUND" lineWidth="0.254" lineProperty="SOLID" />
                </Line>
                <Line startX="164.937229" startY="36.277512" endX="164.68331" endY="36.023593">
                  <LineDesc lineEnd="ROUND" lineWidth="0.254" lineProperty="SOLID" />
                </Line>
                <Line startX="164.68331" startY="36.023593" endX="164.68331" endY="35.515758">
                  <LineDesc lineEnd="ROUND" lineWidth="0.254" lineProperty="SOLID" />
                </Line>
                <Line startX="164.68331" startY="35.515758" endX="164.937229" endY="35.26184">
                  <LineDesc lineEnd="ROUND" lineWidth="0.254" lineProperty="SOLID" />
                </Line>
                <Line startX="164.937229" startY="35.26184" endX="165.698983" endY="35.26184">
                  <LineDesc lineEnd="ROUND" lineWidth="0.254" lineProperty="SOLID" />
                </Line>
                <Line startX="165.191148" startY="35.26184" endX="164.68331" endY="34.754005">
                  <LineDesc lineEnd="ROUND" lineWidth="0.254" lineProperty="SOLID" />
                </Line>
                <Line startX="164.175476" startY="36.277512" endX="163.667641" endY="36.277512">
                  <LineDesc lineEnd="ROUND" lineWidth="0.254" lineProperty="SOLID" />
                </Line>
                <Line startX="163.667641" startY="36.277512" endX="163.921557" endY="36.277512">
                  <LineDesc lineEnd="ROUND" lineWidth="0.254" lineProperty="SOLID" />
                </Line>
                <Line startX="163.921557" startY="36.277512" endX="163.921557" endY="34.754005">
                  <LineDesc lineEnd="ROUND" lineWidth="0.254" lineProperty="SOLID" />
                </Line>
                <Line startX="163.921557" startY="34.754005" endX="164.175476" endY="34.754005">
                  <LineDesc lineEnd="ROUND" lineWidth="0.254" lineProperty="SOLID" />
                </Line>
                <Line startX="164.175476" startY="34.754005" endX="163.667641" endY="34.754005">
                  <LineDesc lineEnd="ROUND" lineWidth="0.254" lineProperty="SOLID" />
                </Line>
                <Line startX="162.905887" startY="34.754005" endX="162.905887" endY="35.769677">
                  <LineDesc lineEnd="ROUND" lineWidth="0.254" lineProperty="SOLID" />
                </Line>
                <Line startX="162.905887" startY="35.769677" endX="162.398052" endY="36.277512">
                  <LineDesc lineEnd="ROUND" lineWidth="0.254" lineProperty="SOLID" />
                </Line>
                <Line startX="162.398052" startY="36.277512" endX="161.890215" endY="35.769677">
                  <LineDesc lineEnd="ROUND" lineWidth="0.254" lineProperty="SOLID" />
                </Line>
                <Line startX="161.890215" startY="35.769677" endX="161.890215" endY="34.754005">
                  <LineDesc lineEnd="ROUND" lineWidth="0.254" lineProperty="SOLID" />
                </Line>
                <Line startX="161.890215" startY="34.754005" endX="161.890215" endY="35.515758">
                  <LineDesc lineEnd="ROUND" lineWidth="0.254" lineProperty="SOLID" />
                </Line>
                <Line startX="161.890215" startY="35.515758" endX="162.905887" endY="35.515758">
                  <LineDesc lineEnd="ROUND" lineWidth="0.254" lineProperty="SOLID" />
                </Line>
                <Line startX="161.38238" startY="36.277512" endX="161.38238" endY="34.754005">
                  <LineDesc lineEnd="ROUND" lineWidth="0.254" lineProperty="SOLID" />
                </Line>
                <Line startX="161.38238" startY="34.754005" endX="160.366707" endY="34.754005">
                  <LineDesc lineEnd="ROUND" lineWidth="0.254" lineProperty="SOLID" />
                </Line>
                <Line startX="158.335365" startY="34.754005" endX="158.335365" endY="36.277512">
                  <LineDesc lineEnd="ROUND" lineWidth="0.254" lineProperty="SOLID" />
                </Line>
                <Line startX="158.335365" startY="36.277512" endX="157.319693" endY="34.754005">
                  <LineDesc lineEnd="ROUND" lineWidth="0.254" lineProperty="SOLID" />
                </Line>
                <Line startX="157.319693" startY="34.754005" endX="157.319693" endY="36.277512">
                  <LineDesc lineEnd="ROUND" lineWidth="0.254" lineProperty="SOLID" />
                </Line>
                <Line startX="156.811858" startY="36.277512" endX="156.811858" endY="35.007923">
                  <LineDesc lineEnd="ROUND" lineWidth="0.254" lineProperty="SOLID" />
                </Line>
                <Line startX="156.811858" startY="35.007923" endX="156.557939" endY="34.754005">
                  <LineDesc lineEnd="ROUND" lineWidth="0.254" lineProperty="SOLID" />
                </Line>
                <Line startX="156.557939" startY="34.754005" endX="156.050104" endY="34.754005">
                  <LineDesc lineEnd="ROUND" lineWidth="0.254" lineProperty="SOLID" />
                </Line>
                <Line startX="156.050104" startY="34.754005" endX="155.796186" endY="35.007923">
                  <LineDesc lineEnd="ROUND" lineWidth="0.254" lineProperty="SOLID" />
                </Line>
                <Line startX="155.796186" startY="35.007923" endX="155.796186" endY="36.277512">
                  <LineDesc lineEnd="ROUND" lineWidth="0.254" lineProperty="SOLID" />
                </Line>
                <Line startX="155.288351" startY="34.754005" endX="155.288351" endY="36.277512">
                  <LineDesc lineEnd="ROUND" lineWidth="0.254" lineProperty="SOLID" />
                </Line>
                <Line startX="155.288351" startY="36.277512" endX="154.780516" endY="35.769677">
                  <LineDesc lineEnd="ROUND" lineWidth="0.254" lineProperty="SOLID" />
                </Line>
                <Line startX="154.780516" startY="35.769677" endX="154.272678" endY="36.277512">
                  <LineDesc lineEnd="ROUND" lineWidth="0.254" lineProperty="SOLID" />
                </Line>
                <Line startX="154.272678" startY="36.277512" endX="154.272678" endY="34.754005">
                  <LineDesc lineEnd="ROUND" lineWidth="0.254" lineProperty="SOLID" />
                </Line>
                <Line startX="153.764844" startY="36.277512" endX="153.764844" endY="34.754005">
                  <LineDesc lineEnd="ROUND" lineWidth="0.254" lineProperty="SOLID" />
                </Line>
                <Line startX="153.764844" startY="34.754005" endX="153.00309" endY="34.754005">
                  <LineDesc lineEnd="ROUND" lineWidth="0.254" lineProperty="SOLID" />
                </Line>
                <Line startX="153.00309" startY="34.754005" endX="152.749171" endY="35.007923">
                  <LineDesc lineEnd="ROUND" lineWidth="0.254" lineProperty="SOLID" />
                </Line>
                <Line startX="152.749171" startY="35.007923" endX="152.749171" endY="35.26184">
                  <LineDesc lineEnd="ROUND" lineWidth="0.254" lineProperty="SOLID" />
                </Line>
                <Line startX="152.749171" startY="35.26184" endX="153.00309" endY="35.515758">
                  <LineDesc lineEnd="ROUND" lineWidth="0.254" lineProperty="SOLID" />
                </Line>
                <Line startX="153.00309" startY="35.515758" endX="153.764844" endY="35.515758">
                  <LineDesc lineEnd="ROUND" lineWidth="0.254" lineProperty="SOLID" />
                </Line>
                <Line startX="153.764844" startY="35.515758" endX="153.764844" endY="35.515758">
                  <LineDesc lineEnd="ROUND" lineWidth="0.254" lineProperty="SOLID" />
                </Line>
                <Line startX="153.764844" startY="35.515758" endX="153.764844" endY="35.515758">
                  <LineDesc lineEnd="ROUND" lineWidth="0.254" lineProperty="SOLID" />
                </Line>
                <Line startX="153.764844" startY="35.515758" endX="153.764844" endY="35.515758">
                  <LineDesc lineEnd="ROUND" lineWidth="0.254" lineProperty="SOLID" />
                </Line>
                <Line startX="153.764844" startY="35.515758" endX="153.00309" endY="35.515758">
                  <LineDesc lineEnd="ROUND" lineWidth="0.254" lineProperty="SOLID" />
                </Line>
                <Line startX="153.00309" startY="35.515758" endX="152.749171" endY="35.769677">
                  <LineDesc lineEnd="ROUND" lineWidth="0.254" lineProperty="SOLID" />
                </Line>
                <Line startX="152.749171" startY="35.769677" endX="152.749171" endY="36.023593">
                  <LineDesc lineEnd="ROUND" lineWidth="0.254" lineProperty="SOLID" />
                </Line>
                <Line startX="152.749171" startY="36.023593" endX="153.00309" endY="36.277512">
                  <LineDesc lineEnd="ROUND" lineWidth="0.254" lineProperty="SOLID" />
                </Line>
                <Line startX="153.00309" startY="36.277512" endX="153.764844" endY="36.277512">
                  <LineDesc lineEnd="ROUND" lineWidth="0.254" lineProperty="SOLID" />
                </Line>
                <Line startX="151.225664" startY="36.277512" endX="152.241336" endY="36.277512">
                  <LineDesc lineEnd="ROUND" lineWidth="0.254" lineProperty="SOLID" />
                </Line>
                <Line startX="152.241336" startY="36.277512" endX="152.241336" endY="34.754005">
                  <LineDesc lineEnd="ROUND" lineWidth="0.254" lineProperty="SOLID" />
                </Line>
                <Line startX="152.241336" startY="34.754005" endX="151.225664" endY="34.754005">
                  <LineDesc lineEnd="ROUND" lineWidth="0.254" lineProperty="SOLID" />
                </Line>
                <Line startX="152.241336" startY="35.515758" endX="151.733501" endY="35.515758">
                  <LineDesc lineEnd="ROUND" lineWidth="0.254" lineProperty="SOLID" />
                </Line>
                <Line startX="150.717829" startY="34.754005" endX="150.717829" endY="36.277512">
                  <LineDesc lineEnd="ROUND" lineWidth="0.254" lineProperty="SOLID" />
                </Line>
                <Line startX="150.717829" startY="36.277512" endX="149.956076" endY="36.277512">
                  <LineDesc lineEnd="ROUND" lineWidth="0.254" lineProperty="SOLID" />
                </Line>
                <Line startX="149.956076" startY="36.277512" endX="149.702157" endY="36.023593">
                  <LineDesc lineEnd="ROUND" lineWidth="0.254" lineProperty="SOLID" />
                </Line>
                <Line startX="149.702157" startY="36.023593" endX="149.702157" endY="35.515758">
                  <LineDesc lineEnd="ROUND" lineWidth="0.254" lineProperty="SOLID" />
                </Line>
                <Line startX="149.702157" startY="35.515758" endX="149.956076" endY="35.26184">
                  <LineDesc lineEnd="ROUND" lineWidth="0.254" lineProperty="SOLID" />
                </Line>
                <Line startX="149.956076" startY="35.26184" endX="150.717829" endY="35.26184">
                  <LineDesc lineEnd="ROUND" lineWidth="0.254" lineProperty="SOLID" />
                </Line>
                <Line startX="150.209994" startY="35.26184" endX="149.702157" endY="34.754005">
                  <LineDesc lineEnd="ROUND" lineWidth="0.254" lineProperty="SOLID" />
                </Line>
                <Line startX="149.194322" startY="35.769677" endX="148.940403" endY="35.769677">
                  <LineDesc lineEnd="ROUND" lineWidth="0.254" lineProperty="SOLID" />
                </Line>
                <Line startX="148.940403" startY="35.769677" endX="148.940403" endY="35.515758">
                  <LineDesc lineEnd="ROUND" lineWidth="0.254" lineProperty="SOLID" />
                </Line>
                <Line startX="148.940403" startY="35.515758" endX="149.194322" endY="35.515758">
                  <LineDesc lineEnd="ROUND" lineWidth="0.254" lineProperty="SOLID" />
                </Line>
                <Line startX="149.194322" startY="35.515758" endX="149.194322" endY="35.769677">
                  <LineDesc lineEnd="ROUND" lineWidth="0.254" lineProperty="SOLID" />
                </Line>
                <Line startX="149.194322" startY="35.007923" endX="148.940403" endY="35.007923">
                  <LineDesc lineEnd="ROUND" lineWidth="0.254" lineProperty="SOLID" />
                </Line>
                <Line startX="148.940403" startY="35.007923" endX="148.940403" endY="34.754005">
                  <LineDesc lineEnd="ROUND" lineWidth="0.254" lineProperty="SOLID" />
                </Line>
                <Line startX="148.940403" startY="34.754005" endX="149.194322" endY="34.754005">
                  <LineDesc lineEnd="ROUND" lineWidth="0.254" lineProperty="SOLID" />
                </Line>
                <Line startX="149.194322" startY="34.754005" endX="149.194322" endY="35.007923">
                  <LineDesc lineEnd="ROUND" lineWidth="0.254" lineProperty="SOLID" />
                </Line>
                <Line startX="167.730325" startY="39.861091" endX="167.984244" endY="40.11501">
                  <LineDesc lineEnd="ROUND" lineWidth="0.254" lineProperty="SOLID" />
                </Line>
                <Line startX="167.984244" startY="40.11501" endX="168.492079" endY="40.11501">
                  <LineDesc lineEnd="ROUND" lineWidth="0.254" lineProperty="SOLID" />
                </Line>
                <Line startX="168.492079" startY="40.11501" endX="168.745997" endY="39.861091">
                  <LineDesc lineEnd="ROUND" lineWidth="0.254" lineProperty="SOLID" />
                </Line>
                <Line startX="168.745997" startY="39.861091" endX="168.745997" endY="38.845421">
                  <LineDesc lineEnd="ROUND" lineWidth="0.254" lineProperty="SOLID" />
                </Line>
                <Line startX="168.745997" startY="38.845421" endX="168.492079" endY="38.591503">
                  <LineDesc lineEnd="ROUND" lineWidth="0.254" lineProperty="SOLID" />
                </Line>
                <Line startX="168.492079" startY="38.591503" endX="167.984244" endY="38.591503">
                  <LineDesc lineEnd="ROUND" lineWidth="0.254" lineProperty="SOLID" />
                </Line>
                <Line startX="167.984244" startY="38.591503" endX="167.730325" endY="38.845421">
                  <LineDesc lineEnd="ROUND" lineWidth="0.254" lineProperty="SOLID" />
                </Line>
                <Line startX="167.730325" startY="38.845421" endX="167.730325" endY="39.353256">
                  <LineDesc lineEnd="ROUND" lineWidth="0.254" lineProperty="SOLID" />
                </Line>
                <Line startX="167.730325" startY="39.353256" endX="168.238162" endY="39.353256">
                  <LineDesc lineEnd="ROUND" lineWidth="0.254" lineProperty="SOLID" />
                </Line>
                <Line startX="167.22249" startY="40.11501" endX="166.714655" endY="40.11501">
                  <LineDesc lineEnd="ROUND" lineWidth="0.254" lineProperty="SOLID" />
                </Line>
                <Line startX="166.714655" startY="40.11501" endX="166.968571" endY="40.11501">
                  <LineDesc lineEnd="ROUND" lineWidth="0.254" lineProperty="SOLID" />
                </Line>
                <Line startX="166.968571" startY="40.11501" endX="166.968571" endY="38.591503">
                  <LineDesc lineEnd="ROUND" lineWidth="0.254" lineProperty="SOLID" />
                </Line>
                <Line startX="166.968571" startY="38.591503" endX="167.22249" endY="38.591503">
                  <LineDesc lineEnd="ROUND" lineWidth="0.254" lineProperty="SOLID" />
                </Line>
                <Line startX="167.22249" startY="38.591503" endX="166.714655" endY="38.591503">
                  <LineDesc lineEnd="ROUND" lineWidth="0.254" lineProperty="SOLID" />
                </Line>
                <Line startX="165.952902" startY="40.11501" endX="164.937229" endY="40.11501">
                  <LineDesc lineEnd="ROUND" lineWidth="0.254" lineProperty="SOLID" />
                </Line>
                <Line startX="164.937229" startY="40.11501" endX="165.445067" endY="40.11501">
                  <LineDesc lineEnd="ROUND" lineWidth="0.254" lineProperty="SOLID" />
                </Line>
                <Line startX="165.445067" startY="40.11501" endX="165.445067" endY="38.591503">
                  <LineDesc lineEnd="ROUND" lineWidth="0.254" lineProperty="SOLID" />
                </Line>
                <Line startX="164.429394" startY="40.11501" endX="164.429394" endY="38.591503">
                  <LineDesc lineEnd="ROUND" lineWidth="0.254" lineProperty="SOLID" />
                </Line>
                <Line startX="164.429394" startY="38.591503" endX="164.429394" endY="39.353256">
                  <LineDesc lineEnd="ROUND" lineWidth="0.254" lineProperty="SOLID" />
                </Line>
                <Line startX="164.429394" startY="39.353256" endX="163.413722" endY="39.353256">
                  <LineDesc lineEnd="ROUND" lineWidth="0.254" lineProperty="SOLID" />
                </Line>
                <Line startX="163.413722" startY="39.353256" endX="163.413722" endY="40.11501">
                  <LineDesc lineEnd="ROUND" lineWidth="0.254" lineProperty="SOLID" />
                </Line>
                <Line startX="163.413722" startY="40.11501" endX="163.413722" endY="38.591503">
                  <LineDesc lineEnd="ROUND" lineWidth="0.254" lineProperty="SOLID" />
                </Line>
                <Line startX="162.905887" startY="40.11501" endX="162.905887" endY="38.845421">
                  <LineDesc lineEnd="ROUND" lineWidth="0.254" lineProperty="SOLID" />
                </Line>
                <Line startX="162.905887" startY="38.845421" endX="162.651968" endY="38.591503">
                  <LineDesc lineEnd="ROUND" lineWidth="0.254" lineProperty="SOLID" />
                </Line>
                <Line startX="162.651968" startY="38.591503" endX="162.144133" endY="38.591503">
                  <LineDesc lineEnd="ROUND" lineWidth="0.254" lineProperty="SOLID" />
                </Line>
                <Line startX="162.144133" startY="38.591503" endX="161.890215" endY="38.845421">
                  <LineDesc lineEnd="ROUND" lineWidth="0.254" lineProperty="SOLID" />
                </Line>
                <Line startX="161.890215" startY="38.845421" endX="161.890215" endY="40.11501">
                  <LineDesc lineEnd="ROUND" lineWidth="0.254" lineProperty="SOLID" />
                </Line>
                <Line startX="161.38238" startY="40.11501" endX="161.38238" endY="38.591503">
                  <LineDesc lineEnd="ROUND" lineWidth="0.254" lineProperty="SOLID" />
                </Line>
                <Line startX="161.38238" startY="38.591503" endX="160.620626" endY="38.591503">
                  <LineDesc lineEnd="ROUND" lineWidth="0.254" lineProperty="SOLID" />
                </Line>
                <Line startX="160.620626" startY="38.591503" endX="160.366707" endY="38.845421">
                  <LineDesc lineEnd="ROUND" lineWidth="0.254" lineProperty="SOLID" />
                </Line>
                <Line startX="160.366707" startY="38.845421" endX="160.366707" endY="39.099338">
                  <LineDesc lineEnd="ROUND" lineWidth="0.254" lineProperty="SOLID" />
                </Line>
                <Line startX="160.366707" startY="39.099338" endX="160.620626" endY="39.353256">
                  <LineDesc lineEnd="ROUND" lineWidth="0.254" lineProperty="SOLID" />
                </Line>
                <Line startX="160.620626" startY="39.353256" endX="161.38238" endY="39.353256">
                  <LineDesc lineEnd="ROUND" lineWidth="0.254" lineProperty="SOLID" />
                </Line>
                <Line startX="161.38238" startY="39.353256" endX="161.38238" endY="39.353256">
                  <LineDesc lineEnd="ROUND" lineWidth="0.254" lineProperty="SOLID" />
                </Line>
                <Line startX="161.38238" startY="39.353256" endX="161.38238" endY="39.353256">
                  <LineDesc lineEnd="ROUND" lineWidth="0.254" lineProperty="SOLID" />
                </Line>
                <Line startX="161.38238" startY="39.353256" endX="161.38238" endY="39.353256">
                  <LineDesc lineEnd="ROUND" lineWidth="0.254" lineProperty="SOLID" />
                </Line>
                <Line startX="161.38238" startY="39.353256" endX="160.620626" endY="39.353256">
                  <LineDesc lineEnd="ROUND" lineWidth="0.254" lineProperty="SOLID" />
                </Line>
                <Line startX="160.620626" startY="39.353256" endX="160.366707" endY="39.607175">
                  <LineDesc lineEnd="ROUND" lineWidth="0.254" lineProperty="SOLID" />
                </Line>
                <Line startX="160.366707" startY="39.607175" endX="160.366707" endY="39.861091">
                  <LineDesc lineEnd="ROUND" lineWidth="0.254" lineProperty="SOLID" />
                </Line>
                <Line startX="160.366707" startY="39.861091" endX="160.620626" endY="40.11501">
                  <LineDesc lineEnd="ROUND" lineWidth="0.254" lineProperty="SOLID" />
                </Line>
                <Line startX="160.620626" startY="40.11501" endX="161.38238" endY="40.11501">
                  <LineDesc lineEnd="ROUND" lineWidth="0.254" lineProperty="SOLID" />
                </Line>
                <Line startX="159.858873" startY="38.591503" endX="159.858873" endY="38.845421">
                  <LineDesc lineEnd="ROUND" lineWidth="0.254" lineProperty="SOLID" />
                </Line>
                <Line startX="159.858873" startY="38.845421" endX="159.604954" endY="38.845421">
                  <LineDesc lineEnd="ROUND" lineWidth="0.254" lineProperty="SOLID" />
                </Line>
                <Line startX="159.604954" startY="38.845421" endX="159.604954" endY="38.591503">
                  <LineDesc lineEnd="ROUND" lineWidth="0.254" lineProperty="SOLID" />
                </Line>
                <Line startX="159.604954" startY="38.591503" endX="159.858873" endY="38.591503">
                  <LineDesc lineEnd="ROUND" lineWidth="0.254" lineProperty="SOLID" />
                </Line>
                <Line startX="157.573612" startY="39.861091" endX="157.82753" endY="40.11501">
                  <LineDesc lineEnd="ROUND" lineWidth="0.254" lineProperty="SOLID" />
                </Line>
                <Line startX="157.82753" startY="40.11501" endX="158.335365" endY="40.11501">
                  <LineDesc lineEnd="ROUND" lineWidth="0.254" lineProperty="SOLID" />
                </Line>
                <Line startX="158.335365" startY="40.11501" endX="158.589284" endY="39.861091">
                  <LineDesc lineEnd="ROUND" lineWidth="0.254" lineProperty="SOLID" />
                </Line>
                <Line startX="158.589284" startY="39.861091" endX="158.589284" endY="38.845421">
                  <LineDesc lineEnd="ROUND" lineWidth="0.254" lineProperty="SOLID" />
                </Line>
                <Line startX="158.589284" startY="38.845421" endX="158.335365" endY="38.591503">
                  <LineDesc lineEnd="ROUND" lineWidth="0.254" lineProperty="SOLID" />
                </Line>
                <Line startX="158.335365" startY="38.591503" endX="157.82753" endY="38.591503">
                  <LineDesc lineEnd="ROUND" lineWidth="0.254" lineProperty="SOLID" />
                </Line>
                <Line startX="157.82753" startY="38.591503" endX="157.573612" endY="38.845421">
                  <LineDesc lineEnd="ROUND" lineWidth="0.254" lineProperty="SOLID" />
                </Line>
                <Line startX="156.304023" startY="40.11501" endX="156.811858" endY="40.11501">
                  <LineDesc lineEnd="ROUND" lineWidth="0.254" lineProperty="SOLID" />
                </Line>
                <Line startX="156.811858" startY="40.11501" endX="157.065777" endY="39.861091">
                  <LineDesc lineEnd="ROUND" lineWidth="0.254" lineProperty="SOLID" />
                </Line>
                <Line startX="157.065777" startY="39.861091" endX="157.065777" endY="38.845421">
                  <LineDesc lineEnd="ROUND" lineWidth="0.254" lineProperty="SOLID" />
                </Line>
                <Line startX="157.065777" startY="38.845421" endX="156.811858" endY="38.591503">
                  <LineDesc lineEnd="ROUND" lineWidth="0.254" lineProperty="SOLID" />
                </Line>
                <Line startX="156.811858" startY="38.591503" endX="156.304023" endY="38.591503">
                  <LineDesc lineEnd="ROUND" lineWidth="0.254" lineProperty="SOLID" />
                </Line>
                <Line startX="156.304023" startY="38.591503" endX="156.050104" endY="38.845421">
                  <LineDesc lineEnd="ROUND" lineWidth="0.254" lineProperty="SOLID" />
                </Line>
                <Line startX="156.050104" startY="38.845421" endX="156.050104" endY="39.861091">
                  <LineDesc lineEnd="ROUND" lineWidth="0.254" lineProperty="SOLID" />
                </Line>
                <Line startX="156.050104" startY="39.861091" endX="156.304023" endY="40.11501">
                  <LineDesc lineEnd="ROUND" lineWidth="0.254" lineProperty="SOLID" />
                </Line>
                <Line startX="155.54227" startY="38.591503" endX="155.54227" endY="40.11501">
                  <LineDesc lineEnd="ROUND" lineWidth="0.254" lineProperty="SOLID" />
                </Line>
                <Line startX="155.54227" startY="40.11501" endX="155.034435" endY="39.607175">
                  <LineDesc lineEnd="ROUND" lineWidth="0.254" lineProperty="SOLID" />
                </Line>
                <Line startX="155.034435" startY="39.607175" endX="154.526597" endY="40.11501">
                  <LineDesc lineEnd="ROUND" lineWidth="0.254" lineProperty="SOLID" />
                </Line>
                <Line startX="154.526597" startY="40.11501" endX="154.526597" endY="38.591503">
                  <LineDesc lineEnd="ROUND" lineWidth="0.254" lineProperty="SOLID" />
                </Line>
                <Line startX="154.018762" startY="38.591503" endX="153.00309" endY="39.607175">
                  <LineDesc lineEnd="ROUND" lineWidth="0.254" lineProperty="SOLID" />
                </Line>
                <Line startX="152.495255" startY="40.11501" endX="152.495255" endY="38.591503">
                  <LineDesc lineEnd="ROUND" lineWidth="0.254" lineProperty="SOLID" />
                </Line>
                <Line startX="152.495255" startY="38.591503" endX="151.479583" endY="38.591503">
                  <LineDesc lineEnd="ROUND" lineWidth="0.254" lineProperty="SOLID" />
                </Line>
                <Line startX="150.971748" startY="40.11501" endX="150.971748" endY="38.845421">
                  <LineDesc lineEnd="ROUND" lineWidth="0.254" lineProperty="SOLID" />
                </Line>
                <Line startX="150.971748" startY="38.845421" endX="150.717829" endY="38.591503">
                  <LineDesc lineEnd="ROUND" lineWidth="0.254" lineProperty="SOLID" />
                </Line>
                <Line startX="150.717829" startY="38.591503" endX="150.209994" endY="38.591503">
                  <LineDesc lineEnd="ROUND" lineWidth="0.254" lineProperty="SOLID" />
                </Line>
                <Line startX="150.209994" startY="38.591503" endX="149.956076" endY="38.845421">
                  <LineDesc lineEnd="ROUND" lineWidth="0.254" lineProperty="SOLID" />
                </Line>
                <Line startX="149.956076" startY="38.845421" endX="149.956076" endY="40.11501">
                  <LineDesc lineEnd="ROUND" lineWidth="0.254" lineProperty="SOLID" />
                </Line>
                <Line startX="148.432568" startY="39.861091" endX="148.686487" endY="40.11501">
                  <LineDesc lineEnd="ROUND" lineWidth="0.254" lineProperty="SOLID" />
                </Line>
                <Line startX="148.686487" startY="40.11501" endX="149.194322" endY="40.11501">
                  <LineDesc lineEnd="ROUND" lineWidth="0.254" lineProperty="SOLID" />
                </Line>
                <Line startX="149.194322" startY="40.11501" endX="149.448241" endY="39.861091">
                  <LineDesc lineEnd="ROUND" lineWidth="0.254" lineProperty="SOLID" />
                </Line>
                <Line startX="149.448241" startY="39.861091" endX="149.448241" endY="38.845421">
                  <LineDesc lineEnd="ROUND" lineWidth="0.254" lineProperty="SOLID" />
                </Line>
                <Line startX="149.448241" startY="38.845421" endX="149.194322" endY="38.591503">
                  <LineDesc lineEnd="ROUND" lineWidth="0.254" lineProperty="SOLID" />
                </Line>
                <Line startX="149.194322" startY="38.591503" endX="148.686487" endY="38.591503">
                  <LineDesc lineEnd="ROUND" lineWidth="0.254" lineProperty="SOLID" />
                </Line>
                <Line startX="148.686487" startY="38.591503" endX="148.432568" endY="38.845421">
                  <LineDesc lineEnd="ROUND" lineWidth="0.254" lineProperty="SOLID" />
                </Line>
                <Line startX="147.924733" startY="38.591503" endX="147.924733" endY="39.607175">
                  <LineDesc lineEnd="ROUND" lineWidth="0.254" lineProperty="SOLID" />
                </Line>
                <Line startX="147.924733" startY="39.607175" endX="147.416898" endY="40.11501">
                  <LineDesc lineEnd="ROUND" lineWidth="0.254" lineProperty="SOLID" />
                </Line>
                <Line startX="147.416898" startY="40.11501" endX="146.909061" endY="39.607175">
                  <LineDesc lineEnd="ROUND" lineWidth="0.254" lineProperty="SOLID" />
                </Line>
                <Line startX="146.909061" startY="39.607175" endX="146.909061" endY="38.591503">
                  <LineDesc lineEnd="ROUND" lineWidth="0.254" lineProperty="SOLID" />
                </Line>
                <Line startX="146.909061" startY="38.591503" endX="146.909061" endY="39.353256">
                  <LineDesc lineEnd="ROUND" lineWidth="0.254" lineProperty="SOLID" />
                </Line>
                <Line startX="146.909061" startY="39.353256" endX="147.924733" endY="39.353256">
                  <LineDesc lineEnd="ROUND" lineWidth="0.254" lineProperty="SOLID" />
                </Line>
                <Line startX="145.385554" startY="39.861091" endX="145.639472" endY="40.11501">
                  <LineDesc lineEnd="ROUND" lineWidth="0.254" lineProperty="SOLID" />
                </Line>
                <Line startX="145.639472" startY="40.11501" endX="146.147307" endY="40.11501">
                  <LineDesc lineEnd="ROUND" lineWidth="0.254" lineProperty="SOLID" />
                </Line>
                <Line startX="146.147307" startY="40.11501" endX="146.401226" endY="39.861091">
                  <LineDesc lineEnd="ROUND" lineWidth="0.254" lineProperty="SOLID" />
                </Line>
                <Line startX="146.401226" startY="39.861091" endX="146.401226" endY="39.607175">
                  <LineDesc lineEnd="ROUND" lineWidth="0.254" lineProperty="SOLID" />
                </Line>
                <Line startX="146.401226" startY="39.607175" endX="146.147307" endY="39.353256">
                  <LineDesc lineEnd="ROUND" lineWidth="0.254" lineProperty="SOLID" />
                </Line>
                <Line startX="146.147307" startY="39.353256" endX="145.639472" endY="39.353256">
                  <LineDesc lineEnd="ROUND" lineWidth="0.254" lineProperty="SOLID" />
                </Line>
                <Line startX="145.639472" startY="39.353256" endX="145.385554" endY="39.099338">
                  <LineDesc lineEnd="ROUND" lineWidth="0.254" lineProperty="SOLID" />
                </Line>
                <Line startX="145.385554" startY="39.099338" endX="145.385554" endY="38.845421">
                  <LineDesc lineEnd="ROUND" lineWidth="0.254" lineProperty="SOLID" />
                </Line>
                <Line startX="145.385554" startY="38.845421" endX="145.639472" endY="38.591503">
                  <LineDesc lineEnd="ROUND" lineWidth="0.254" lineProperty="SOLID" />
                </Line>
                <Line startX="145.639472" startY="38.591503" endX="146.147307" endY="38.591503">
                  <LineDesc lineEnd="ROUND" lineWidth="0.254" lineProperty="SOLID" />
                </Line>
                <Line startX="146.147307" startY="38.591503" endX="146.401226" endY="38.845421">
                  <LineDesc lineEnd="ROUND" lineWidth="0.254" lineProperty="SOLID" />
                </Line>
                <Line startX="143.862047" startY="39.861091" endX="144.115965" endY="40.11501">
                  <LineDesc lineEnd="ROUND" lineWidth="0.254" lineProperty="SOLID" />
                </Line>
                <Line startX="144.115965" startY="40.11501" endX="144.6238" endY="40.11501">
                  <LineDesc lineEnd="ROUND" lineWidth="0.254" lineProperty="SOLID" />
                </Line>
                <Line startX="144.6238" startY="40.11501" endX="144.877719" endY="39.861091">
                  <LineDesc lineEnd="ROUND" lineWidth="0.254" lineProperty="SOLID" />
                </Line>
                <Line startX="144.877719" startY="39.861091" endX="144.877719" endY="38.845421">
                  <LineDesc lineEnd="ROUND" lineWidth="0.254" lineProperty="SOLID" />
                </Line>
                <Line startX="144.877719" startY="38.845421" endX="144.6238" endY="38.591503">
                  <LineDesc lineEnd="ROUND" lineWidth="0.254" lineProperty="SOLID" />
                </Line>
                <Line startX="144.6238" startY="38.591503" endX="144.115965" endY="38.591503">
                  <LineDesc lineEnd="ROUND" lineWidth="0.254" lineProperty="SOLID" />
                </Line>
                <Line startX="144.115965" startY="38.591503" endX="143.862047" endY="38.845421">
                  <LineDesc lineEnd="ROUND" lineWidth="0.254" lineProperty="SOLID" />
                </Line>
                <Line startX="143.354212" startY="40.11501" endX="143.354212" endY="38.591503">
                  <LineDesc lineEnd="ROUND" lineWidth="0.254" lineProperty="SOLID" />
                </Line>
                <Line startX="143.354212" startY="38.591503" endX="143.354212" endY="39.353256">
                  <LineDesc lineEnd="ROUND" lineWidth="0.254" lineProperty="SOLID" />
                </Line>
                <Line startX="143.354212" startY="39.353256" endX="142.338539" endY="39.353256">
                  <LineDesc lineEnd="ROUND" lineWidth="0.254" lineProperty="SOLID" />
                </Line>
                <Line startX="142.338539" startY="39.353256" endX="142.338539" endY="40.11501">
                  <LineDesc lineEnd="ROUND" lineWidth="0.254" lineProperty="SOLID" />
                </Line>
                <Line startX="142.338539" startY="40.11501" endX="142.338539" endY="38.591503">
                  <LineDesc lineEnd="ROUND" lineWidth="0.254" lineProperty="SOLID" />
                </Line>
                <Line startX="141.830704" startY="40.11501" endX="141.830704" endY="38.845421">
                  <LineDesc lineEnd="ROUND" lineWidth="0.254" lineProperty="SOLID" />
                </Line>
                <Line startX="141.830704" startY="38.845421" endX="141.576786" endY="38.591503">
                  <LineDesc lineEnd="ROUND" lineWidth="0.254" lineProperty="SOLID" />
                </Line>
                <Line startX="141.576786" startY="38.591503" endX="141.068951" endY="38.591503">
                  <LineDesc lineEnd="ROUND" lineWidth="0.254" lineProperty="SOLID" />
                </Line>
                <Line startX="141.068951" startY="38.591503" endX="140.815032" endY="38.845421">
                  <LineDesc lineEnd="ROUND" lineWidth="0.254" lineProperty="SOLID" />
                </Line>
                <Line startX="140.815032" startY="38.845421" endX="140.815032" endY="40.11501">
                  <LineDesc lineEnd="ROUND" lineWidth="0.254" lineProperty="SOLID" />
                </Line>
                <Line startX="140.307197" startY="38.591503" endX="140.307197" endY="40.11501">
                  <LineDesc lineEnd="ROUND" lineWidth="0.254" lineProperty="SOLID" />
                </Line>
                <Line startX="140.307197" startY="40.11501" endX="139.545444" endY="40.11501">
                  <LineDesc lineEnd="ROUND" lineWidth="0.254" lineProperty="SOLID" />
                </Line>
                <Line startX="139.545444" startY="40.11501" endX="139.291525" endY="39.861091">
                  <LineDesc lineEnd="ROUND" lineWidth="0.254" lineProperty="SOLID" />
                </Line>
                <Line startX="139.291525" startY="39.861091" endX="139.291525" endY="39.353256">
                  <LineDesc lineEnd="ROUND" lineWidth="0.254" lineProperty="SOLID" />
                </Line>
                <Line startX="139.291525" startY="39.353256" endX="139.545444" endY="39.099338">
                  <LineDesc lineEnd="ROUND" lineWidth="0.254" lineProperty="SOLID" />
                </Line>
                <Line startX="139.545444" startY="39.099338" endX="140.307197" endY="39.099338">
                  <LineDesc lineEnd="ROUND" lineWidth="0.254" lineProperty="SOLID" />
                </Line>
                <Line startX="139.799362" startY="39.099338" endX="139.291525" endY="38.591503">
                  <LineDesc lineEnd="ROUND" lineWidth="0.254" lineProperty="SOLID" />
                </Line>
                <Line startX="137.768018" startY="39.861091" endX="138.021936" endY="40.11501">
                  <LineDesc lineEnd="ROUND" lineWidth="0.254" lineProperty="SOLID" />
                </Line>
                <Line startX="138.021936" startY="40.11501" endX="138.529771" endY="40.11501">
                  <LineDesc lineEnd="ROUND" lineWidth="0.254" lineProperty="SOLID" />
                </Line>
                <Line startX="138.529771" startY="40.11501" endX="138.78369" endY="39.861091">
                  <LineDesc lineEnd="ROUND" lineWidth="0.254" lineProperty="SOLID" />
                </Line>
                <Line startX="138.78369" startY="39.861091" endX="138.78369" endY="38.845421">
                  <LineDesc lineEnd="ROUND" lineWidth="0.254" lineProperty="SOLID" />
                </Line>
                <Line startX="138.78369" startY="38.845421" endX="138.529771" endY="38.591503">
                  <LineDesc lineEnd="ROUND" lineWidth="0.254" lineProperty="SOLID" />
                </Line>
                <Line startX="138.529771" startY="38.591503" endX="138.021936" endY="38.591503">
                  <LineDesc lineEnd="ROUND" lineWidth="0.254" lineProperty="SOLID" />
                </Line>
                <Line startX="138.021936" startY="38.591503" endX="137.768018" endY="38.845421">
                  <LineDesc lineEnd="ROUND" lineWidth="0.254" lineProperty="SOLID" />
                </Line>
                <Line startX="137.260183" startY="40.11501" endX="137.260183" endY="38.591503">
                  <LineDesc lineEnd="ROUND" lineWidth="0.254" lineProperty="SOLID" />
                </Line>
                <Line startX="137.260183" startY="38.591503" endX="137.260183" endY="39.353256">
                  <LineDesc lineEnd="ROUND" lineWidth="0.254" lineProperty="SOLID" />
                </Line>
                <Line startX="137.260183" startY="39.353256" endX="136.24451" endY="39.353256">
                  <LineDesc lineEnd="ROUND" lineWidth="0.254" lineProperty="SOLID" />
                </Line>
                <Line startX="136.24451" startY="39.353256" endX="136.24451" endY="40.11501">
                  <LineDesc lineEnd="ROUND" lineWidth="0.254" lineProperty="SOLID" />
                </Line>
                <Line startX="136.24451" startY="40.11501" endX="136.24451" endY="38.591503">
                  <LineDesc lineEnd="ROUND" lineWidth="0.254" lineProperty="SOLID" />
                </Line>
                <Line startX="135.736675" startY="38.591503" endX="134.721003" endY="39.607175">
                  <LineDesc lineEnd="ROUND" lineWidth="0.254" lineProperty="SOLID" />
                </Line>
                <Line startX="134.213168" startY="40.11501" endX="134.213168" endY="38.591503">
                  <LineDesc lineEnd="ROUND" lineWidth="0.254" lineProperty="SOLID" />
                </Line>
                <Line startX="134.213168" startY="38.591503" endX="133.451415" endY="38.591503">
                  <LineDesc lineEnd="ROUND" lineWidth="0.254" lineProperty="SOLID" />
                </Line>
                <Line startX="133.451415" startY="38.591503" endX="133.197496" endY="38.845421">
                  <LineDesc lineEnd="ROUND" lineWidth="0.254" lineProperty="SOLID" />
                </Line>
                <Line startX="133.197496" startY="38.845421" endX="133.197496" endY="39.099338">
                  <LineDesc lineEnd="ROUND" lineWidth="0.254" lineProperty="SOLID" />
                </Line>
                <Line startX="133.197496" startY="39.099338" endX="133.451415" endY="39.353256">
                  <LineDesc lineEnd="ROUND" lineWidth="0.254" lineProperty="SOLID" />
                </Line>
                <Line startX="133.451415" startY="39.353256" endX="134.213168" endY="39.353256">
                  <LineDesc lineEnd="ROUND" lineWidth="0.254" lineProperty="SOLID" />
                </Line>
                <Line startX="134.213168" startY="39.353256" endX="134.213168" endY="39.353256">
                  <LineDesc lineEnd="ROUND" lineWidth="0.254" lineProperty="SOLID" />
                </Line>
                <Line startX="134.213168" startY="39.353256" endX="134.213168" endY="39.353256">
                  <LineDesc lineEnd="ROUND" lineWidth="0.254" lineProperty="SOLID" />
                </Line>
                <Line startX="134.213168" startY="39.353256" endX="134.213168" endY="39.353256">
                  <LineDesc lineEnd="ROUND" lineWidth="0.254" lineProperty="SOLID" />
                </Line>
                <Line startX="134.213168" startY="39.353256" endX="133.451415" endY="39.353256">
                  <LineDesc lineEnd="ROUND" lineWidth="0.254" lineProperty="SOLID" />
                </Line>
                <Line startX="133.451415" startY="39.353256" endX="133.197496" endY="39.607175">
                  <LineDesc lineEnd="ROUND" lineWidth="0.254" lineProperty="SOLID" />
                </Line>
                <Line startX="133.197496" startY="39.607175" endX="133.197496" endY="39.861091">
                  <LineDesc lineEnd="ROUND" lineWidth="0.254" lineProperty="SOLID" />
                </Line>
                <Line startX="133.197496" startY="39.861091" endX="133.451415" endY="40.11501">
                  <LineDesc lineEnd="ROUND" lineWidth="0.254" lineProperty="SOLID" />
                </Line>
                <Line startX="133.451415" startY="40.11501" endX="134.213168" endY="40.11501">
                  <LineDesc lineEnd="ROUND" lineWidth="0.254" lineProperty="SOLID" />
                </Line>
                <Line startX="132.689661" startY="40.11501" endX="132.181826" endY="40.11501">
                  <LineDesc lineEnd="ROUND" lineWidth="0.254" lineProperty="SOLID" />
                </Line>
                <Line startX="132.181826" startY="40.11501" endX="132.435742" endY="40.11501">
                  <LineDesc lineEnd="ROUND" lineWidth="0.254" lineProperty="SOLID" />
                </Line>
                <Line startX="132.435742" startY="40.11501" endX="132.435742" endY="38.591503">
                  <LineDesc lineEnd="ROUND" lineWidth="0.254" lineProperty="SOLID" />
                </Line>
                <Line startX="132.435742" startY="38.591503" endX="132.689661" endY="38.591503">
                  <LineDesc lineEnd="ROUND" lineWidth="0.254" lineProperty="SOLID" />
                </Line>
                <Line startX="132.689661" startY="38.591503" endX="132.181826" endY="38.591503">
                  <LineDesc lineEnd="ROUND" lineWidth="0.254" lineProperty="SOLID" />
                </Line>
                <Line startX="130.658319" startY="40.11501" endX="131.166154" endY="40.11501">
                  <LineDesc lineEnd="ROUND" lineWidth="0.254" lineProperty="SOLID" />
                </Line>
                <Line startX="131.166154" startY="40.11501" endX="131.420072" endY="39.861091">
                  <LineDesc lineEnd="ROUND" lineWidth="0.254" lineProperty="SOLID" />
                </Line>
                <Line startX="131.420072" startY="39.861091" endX="131.420072" endY="38.845421">
                  <LineDesc lineEnd="ROUND" lineWidth="0.254" lineProperty="SOLID" />
                </Line>
                <Line startX="131.420072" startY="38.845421" endX="131.166154" endY="38.591503">
                  <LineDesc lineEnd="ROUND" lineWidth="0.254" lineProperty="SOLID" />
                </Line>
                <Line startX="131.166154" startY="38.591503" endX="130.658319" endY="38.591503">
                  <LineDesc lineEnd="ROUND" lineWidth="0.254" lineProperty="SOLID" />
                </Line>
                <Line startX="130.658319" startY="38.591503" endX="130.4044" endY="38.845421">
                  <LineDesc lineEnd="ROUND" lineWidth="0.254" lineProperty="SOLID" />
                </Line>
                <Line startX="130.4044" startY="38.845421" endX="130.4044" endY="39.861091">
                  <LineDesc lineEnd="ROUND" lineWidth="0.254" lineProperty="SOLID" />
                </Line>
                <Line startX="130.4044" startY="39.861091" endX="130.658319" endY="40.11501">
                  <LineDesc lineEnd="ROUND" lineWidth="0.254" lineProperty="SOLID" />
                </Line>
                <Line startX="129.896565" startY="40.11501" endX="129.38873" endY="40.11501">
                  <LineDesc lineEnd="ROUND" lineWidth="0.254" lineProperty="SOLID" />
                </Line>
                <Line startX="129.38873" startY="40.11501" endX="129.642646" endY="40.11501">
                  <LineDesc lineEnd="ROUND" lineWidth="0.254" lineProperty="SOLID" />
                </Line>
                <Line startX="129.642646" startY="40.11501" endX="129.642646" endY="38.591503">
                  <LineDesc lineEnd="ROUND" lineWidth="0.254" lineProperty="SOLID" />
                </Line>
                <Line startX="129.642646" startY="38.591503" endX="129.896565" endY="38.591503">
                  <LineDesc lineEnd="ROUND" lineWidth="0.254" lineProperty="SOLID" />
                </Line>
                <Line startX="129.896565" startY="38.591503" endX="129.38873" endY="38.591503">
                  <LineDesc lineEnd="ROUND" lineWidth="0.254" lineProperty="SOLID" />
                </Line>
                <Line startX="128.626977" startY="38.591503" endX="128.626977" endY="40.11501">
                  <LineDesc lineEnd="ROUND" lineWidth="0.254" lineProperty="SOLID" />
                </Line>
                <Line startX="128.626977" startY="40.11501" endX="128.119142" endY="39.607175">
                  <LineDesc lineEnd="ROUND" lineWidth="0.254" lineProperty="SOLID" />
                </Line>
                <Line startX="128.119142" startY="39.607175" endX="127.611304" endY="40.11501">
                  <LineDesc lineEnd="ROUND" lineWidth="0.254" lineProperty="SOLID" />
                </Line>
                <Line startX="127.611304" startY="40.11501" endX="127.611304" endY="38.591503">
                  <LineDesc lineEnd="ROUND" lineWidth="0.254" lineProperty="SOLID" />
                </Line>
                <Line startX="127.103469" startY="38.591503" endX="127.103469" endY="40.11501">
                  <LineDesc lineEnd="ROUND" lineWidth="0.254" lineProperty="SOLID" />
                </Line>
                <Line startX="127.103469" startY="40.11501" endX="126.341716" endY="40.11501">
                  <LineDesc lineEnd="ROUND" lineWidth="0.254" lineProperty="SOLID" />
                </Line>
                <Line startX="126.341716" startY="40.11501" endX="126.087797" endY="39.861091">
                  <LineDesc lineEnd="ROUND" lineWidth="0.254" lineProperty="SOLID" />
                </Line>
                <Line startX="126.087797" startY="39.861091" endX="126.087797" endY="39.353256">
                  <LineDesc lineEnd="ROUND" lineWidth="0.254" lineProperty="SOLID" />
                </Line>
                <Line startX="126.087797" startY="39.353256" endX="126.341716" endY="39.099338">
                  <LineDesc lineEnd="ROUND" lineWidth="0.254" lineProperty="SOLID" />
                </Line>
                <Line startX="126.341716" startY="39.099338" endX="127.103469" endY="39.099338">
                  <LineDesc lineEnd="ROUND" lineWidth="0.254" lineProperty="SOLID" />
                </Line>
                <Line startX="124.56429" startY="40.11501" endX="125.579962" endY="40.11501">
                  <LineDesc lineEnd="ROUND" lineWidth="0.254" lineProperty="SOLID" />
                </Line>
                <Line startX="125.579962" startY="40.11501" endX="125.579962" endY="38.591503">
                  <LineDesc lineEnd="ROUND" lineWidth="0.254" lineProperty="SOLID" />
                </Line>
                <Line startX="125.579962" startY="38.591503" endX="124.56429" endY="38.591503">
                  <LineDesc lineEnd="ROUND" lineWidth="0.254" lineProperty="SOLID" />
                </Line>
                <Line startX="125.579962" startY="39.353256" endX="125.072127" endY="39.353256">
                  <LineDesc lineEnd="ROUND" lineWidth="0.254" lineProperty="SOLID" />
                </Line>
                <Line startX="124.056455" startY="40.11501" endX="124.056455" endY="38.591503">
                  <LineDesc lineEnd="ROUND" lineWidth="0.254" lineProperty="SOLID" />
                </Line>
                <Line startX="124.056455" startY="38.591503" endX="123.294701" endY="38.591503">
                  <LineDesc lineEnd="ROUND" lineWidth="0.254" lineProperty="SOLID" />
                </Line>
                <Line startX="123.294701" startY="38.591503" endX="123.040783" endY="38.845421">
                  <LineDesc lineEnd="ROUND" lineWidth="0.254" lineProperty="SOLID" />
                </Line>
                <Line startX="123.040783" startY="38.845421" endX="123.040783" endY="39.861091">
                  <LineDesc lineEnd="ROUND" lineWidth="0.254" lineProperty="SOLID" />
                </Line>
                <Line startX="123.040783" startY="39.861091" endX="123.294701" endY="40.11501">
                  <LineDesc lineEnd="ROUND" lineWidth="0.254" lineProperty="SOLID" />
                </Line>
                <Line startX="123.294701" startY="40.11501" endX="124.056455" endY="40.11501">
                  <LineDesc lineEnd="ROUND" lineWidth="0.254" lineProperty="SOLID" />
                </Line>
                <Line startX="122.532948" startY="38.591503" endX="122.532948" endY="39.607175">
                  <LineDesc lineEnd="ROUND" lineWidth="0.254" lineProperty="SOLID" />
                </Line>
                <Line startX="122.532948" startY="39.607175" endX="122.025113" endY="40.11501">
                  <LineDesc lineEnd="ROUND" lineWidth="0.254" lineProperty="SOLID" />
                </Line>
                <Line startX="122.025113" startY="40.11501" endX="121.517275" endY="39.607175">
                  <LineDesc lineEnd="ROUND" lineWidth="0.254" lineProperty="SOLID" />
                </Line>
                <Line startX="121.517275" startY="39.607175" endX="121.517275" endY="38.591503">
                  <LineDesc lineEnd="ROUND" lineWidth="0.254" lineProperty="SOLID" />
                </Line>
                <Line startX="121.517275" startY="38.591503" endX="121.517275" endY="39.353256">
                  <LineDesc lineEnd="ROUND" lineWidth="0.254" lineProperty="SOLID" />
                </Line>
                <Line startX="121.517275" startY="39.353256" endX="122.532948" endY="39.353256">
                  <LineDesc lineEnd="ROUND" lineWidth="0.254" lineProperty="SOLID" />
                </Line>
                <Line startX="121.00944" startY="38.591503" endX="121.00944" endY="40.11501">
                  <LineDesc lineEnd="ROUND" lineWidth="0.254" lineProperty="SOLID" />
                </Line>
                <Line startX="121.00944" startY="40.11501" endX="119.993768" endY="38.591503">
                  <LineDesc lineEnd="ROUND" lineWidth="0.254" lineProperty="SOLID" />
                </Line>
                <Line startX="119.993768" startY="38.591503" endX="119.993768" endY="40.11501">
                  <LineDesc lineEnd="ROUND" lineWidth="0.254" lineProperty="SOLID" />
                </Line>
                <Line startX="118.470261" startY="39.861091" endX="118.72418" endY="40.11501">
                  <LineDesc lineEnd="ROUND" lineWidth="0.254" lineProperty="SOLID" />
                </Line>
                <Line startX="118.72418" startY="40.11501" endX="119.232015" endY="40.11501">
                  <LineDesc lineEnd="ROUND" lineWidth="0.254" lineProperty="SOLID" />
                </Line>
                <Line startX="119.232015" startY="40.11501" endX="119.485933" endY="39.861091">
                  <LineDesc lineEnd="ROUND" lineWidth="0.254" lineProperty="SOLID" />
                </Line>
                <Line startX="119.485933" startY="39.861091" endX="119.485933" endY="38.845421">
                  <LineDesc lineEnd="ROUND" lineWidth="0.254" lineProperty="SOLID" />
                </Line>
                <Line startX="119.485933" startY="38.845421" endX="119.232015" endY="38.591503">
                  <LineDesc lineEnd="ROUND" lineWidth="0.254" lineProperty="SOLID" />
                </Line>
                <Line startX="119.232015" startY="38.591503" endX="118.72418" endY="38.591503">
                  <LineDesc lineEnd="ROUND" lineWidth="0.254" lineProperty="SOLID" />
                </Line>
                <Line startX="118.72418" startY="38.591503" endX="118.470261" endY="38.845421">
                  <LineDesc lineEnd="ROUND" lineWidth="0.254" lineProperty="SOLID" />
                </Line>
                <Line startX="116.946754" startY="40.11501" endX="117.962426" endY="40.11501">
                  <LineDesc lineEnd="ROUND" lineWidth="0.254" lineProperty="SOLID" />
                </Line>
                <Line startX="117.962426" startY="40.11501" endX="117.962426" endY="38.591503">
                  <LineDesc lineEnd="ROUND" lineWidth="0.254" lineProperty="SOLID" />
                </Line>
                <Line startX="117.962426" startY="38.591503" endX="116.946754" endY="38.591503">
                  <LineDesc lineEnd="ROUND" lineWidth="0.254" lineProperty="SOLID" />
                </Line>
                <Line startX="117.962426" startY="39.353256" endX="117.454591" endY="39.353256">
                  <LineDesc lineEnd="ROUND" lineWidth="0.254" lineProperty="SOLID" />
                </Line>
                <Line startX="116.438919" startY="39.353256" endX="115.423246" endY="39.353256">
                  <LineDesc lineEnd="ROUND" lineWidth="0.254" lineProperty="SOLID" />
                </Line>
                <Line startX="113.899739" startY="39.861091" endX="114.153658" endY="40.11501">
                  <LineDesc lineEnd="ROUND" lineWidth="0.254" lineProperty="SOLID" />
                </Line>
                <Line startX="114.153658" startY="40.11501" endX="114.661493" endY="40.11501">
                  <LineDesc lineEnd="ROUND" lineWidth="0.254" lineProperty="SOLID" />
                </Line>
                <Line startX="114.661493" startY="40.11501" endX="114.915412" endY="39.861091">
                  <LineDesc lineEnd="ROUND" lineWidth="0.254" lineProperty="SOLID" />
                </Line>
                <Line startX="114.915412" startY="39.861091" endX="114.915412" endY="39.607175">
                  <LineDesc lineEnd="ROUND" lineWidth="0.254" lineProperty="SOLID" />
                </Line>
                <Line startX="114.915412" startY="39.607175" endX="114.661493" endY="39.353256">
                  <LineDesc lineEnd="ROUND" lineWidth="0.254" lineProperty="SOLID" />
                </Line>
                <Line startX="114.661493" startY="39.353256" endX="114.153658" endY="39.353256">
                  <LineDesc lineEnd="ROUND" lineWidth="0.254" lineProperty="SOLID" />
                </Line>
                <Line startX="114.153658" startY="39.353256" endX="113.899739" endY="39.099338">
                  <LineDesc lineEnd="ROUND" lineWidth="0.254" lineProperty="SOLID" />
                </Line>
                <Line startX="113.899739" startY="39.099338" endX="113.899739" endY="38.845421">
                  <LineDesc lineEnd="ROUND" lineWidth="0.254" lineProperty="SOLID" />
                </Line>
                <Line startX="113.899739" startY="38.845421" endX="114.153658" endY="38.591503">
                  <LineDesc lineEnd="ROUND" lineWidth="0.254" lineProperty="SOLID" />
                </Line>
                <Line startX="114.153658" startY="38.591503" endX="114.661493" endY="38.591503">
                  <LineDesc lineEnd="ROUND" lineWidth="0.254" lineProperty="SOLID" />
                </Line>
                <Line startX="114.661493" startY="38.591503" endX="114.915412" endY="38.845421">
                  <LineDesc lineEnd="ROUND" lineWidth="0.254" lineProperty="SOLID" />
                </Line>
                <Line startX="113.391904" startY="38.591503" endX="113.391904" endY="40.11501">
                  <LineDesc lineEnd="ROUND" lineWidth="0.254" lineProperty="SOLID" />
                </Line>
                <Line startX="113.391904" startY="40.11501" endX="112.630151" endY="40.11501">
                  <LineDesc lineEnd="ROUND" lineWidth="0.254" lineProperty="SOLID" />
                </Line>
                <Line startX="112.630151" startY="40.11501" endX="112.376232" endY="39.861091">
                  <LineDesc lineEnd="ROUND" lineWidth="0.254" lineProperty="SOLID" />
                </Line>
                <Line startX="112.376232" startY="39.861091" endX="112.376232" endY="39.353256">
                  <LineDesc lineEnd="ROUND" lineWidth="0.254" lineProperty="SOLID" />
                </Line>
                <Line startX="112.376232" startY="39.353256" endX="112.630151" endY="39.099338">
                  <LineDesc lineEnd="ROUND" lineWidth="0.254" lineProperty="SOLID" />
                </Line>
                <Line startX="112.630151" startY="39.099338" endX="113.391904" endY="39.099338">
                  <LineDesc lineEnd="ROUND" lineWidth="0.254" lineProperty="SOLID" />
                </Line>
                <Line startX="110.852725" startY="40.11501" endX="111.868397" endY="40.11501">
                  <LineDesc lineEnd="ROUND" lineWidth="0.254" lineProperty="SOLID" />
                </Line>
                <Line startX="111.868397" startY="40.11501" endX="111.868397" endY="38.591503">
                  <LineDesc lineEnd="ROUND" lineWidth="0.254" lineProperty="SOLID" />
                </Line>
                <Line startX="111.868397" startY="38.591503" endX="110.852725" endY="38.591503">
                  <LineDesc lineEnd="ROUND" lineWidth="0.254" lineProperty="SOLID" />
                </Line>
                <Line startX="111.868397" startY="39.353256" endX="111.360562" endY="39.353256">
                  <LineDesc lineEnd="ROUND" lineWidth="0.254" lineProperty="SOLID" />
                </Line>
                <Line startX="109.329217" startY="39.861091" endX="109.583136" endY="40.11501">
                  <LineDesc lineEnd="ROUND" lineWidth="0.254" lineProperty="SOLID" />
                </Line>
                <Line startX="109.583136" startY="40.11501" endX="110.090971" endY="40.11501">
                  <LineDesc lineEnd="ROUND" lineWidth="0.254" lineProperty="SOLID" />
                </Line>
                <Line startX="110.090971" startY="40.11501" endX="110.34489" endY="39.861091">
                  <LineDesc lineEnd="ROUND" lineWidth="0.254" lineProperty="SOLID" />
                </Line>
                <Line startX="110.34489" startY="39.861091" endX="110.34489" endY="38.845421">
                  <LineDesc lineEnd="ROUND" lineWidth="0.254" lineProperty="SOLID" />
                </Line>
                <Line startX="110.34489" startY="38.845421" endX="110.090971" endY="38.591503">
                  <LineDesc lineEnd="ROUND" lineWidth="0.254" lineProperty="SOLID" />
                </Line>
                <Line startX="110.090971" startY="38.591503" endX="109.583136" endY="38.591503">
                  <LineDesc lineEnd="ROUND" lineWidth="0.254" lineProperty="SOLID" />
                </Line>
                <Line startX="109.583136" startY="38.591503" endX="109.329217" endY="38.845421">
                  <LineDesc lineEnd="ROUND" lineWidth="0.254" lineProperty="SOLID" />
                </Line>
                <Line startX="108.821383" startY="40.11501" endX="107.80571" endY="40.11501">
                  <LineDesc lineEnd="ROUND" lineWidth="0.254" lineProperty="SOLID" />
                </Line>
                <Line startX="107.80571" startY="40.11501" endX="108.313548" endY="40.11501">
                  <LineDesc lineEnd="ROUND" lineWidth="0.254" lineProperty="SOLID" />
                </Line>
                <Line startX="108.313548" startY="40.11501" endX="108.313548" endY="38.591503">
                  <LineDesc lineEnd="ROUND" lineWidth="0.254" lineProperty="SOLID" />
                </Line>
                <Line startX="107.297875" startY="38.591503" endX="107.297875" endY="40.11501">
                  <LineDesc lineEnd="ROUND" lineWidth="0.254" lineProperty="SOLID" />
                </Line>
                <Line startX="107.297875" startY="40.11501" endX="106.536122" endY="40.11501">
                  <LineDesc lineEnd="ROUND" lineWidth="0.254" lineProperty="SOLID" />
                </Line>
                <Line startX="106.536122" startY="40.11501" endX="106.282203" endY="39.861091">
                  <LineDesc lineEnd="ROUND" lineWidth="0.254" lineProperty="SOLID" />
                </Line>
                <Line startX="106.282203" startY="39.861091" endX="106.282203" endY="39.353256">
                  <LineDesc lineEnd="ROUND" lineWidth="0.254" lineProperty="SOLID" />
                </Line>
                <Line startX="106.282203" startY="39.353256" endX="106.536122" endY="39.099338">
                  <LineDesc lineEnd="ROUND" lineWidth="0.254" lineProperty="SOLID" />
                </Line>
                <Line startX="106.536122" startY="39.099338" endX="107.297875" endY="39.099338">
                  <LineDesc lineEnd="ROUND" lineWidth="0.254" lineProperty="SOLID" />
                </Line>
                <Line startX="106.79004" startY="39.099338" endX="106.282203" endY="38.591503">
                  <LineDesc lineEnd="ROUND" lineWidth="0.254" lineProperty="SOLID" />
                </Line>
                <Line startX="105.012614" startY="40.11501" endX="105.520449" endY="40.11501">
                  <LineDesc lineEnd="ROUND" lineWidth="0.254" lineProperty="SOLID" />
                </Line>
                <Line startX="105.520449" startY="40.11501" endX="105.774368" endY="39.861091">
                  <LineDesc lineEnd="ROUND" lineWidth="0.254" lineProperty="SOLID" />
                </Line>
                <Line startX="105.774368" startY="39.861091" endX="105.774368" endY="38.845421">
                  <LineDesc lineEnd="ROUND" lineWidth="0.254" lineProperty="SOLID" />
                </Line>
                <Line startX="105.774368" startY="38.845421" endX="105.520449" endY="38.591503">
                  <LineDesc lineEnd="ROUND" lineWidth="0.254" lineProperty="SOLID" />
                </Line>
                <Line startX="105.520449" startY="38.591503" endX="105.012614" endY="38.591503">
                  <LineDesc lineEnd="ROUND" lineWidth="0.254" lineProperty="SOLID" />
                </Line>
                <Line startX="105.012614" startY="38.591503" endX="104.758696" endY="38.845421">
                  <LineDesc lineEnd="ROUND" lineWidth="0.254" lineProperty="SOLID" />
                </Line>
                <Line startX="104.758696" startY="38.845421" endX="104.758696" endY="39.861091">
                  <LineDesc lineEnd="ROUND" lineWidth="0.254" lineProperty="SOLID" />
                </Line>
                <Line startX="104.758696" startY="39.861091" endX="105.012614" endY="40.11501">
                  <LineDesc lineEnd="ROUND" lineWidth="0.254" lineProperty="SOLID" />
                </Line>
                <Line startX="104.250861" startY="38.591503" endX="104.250861" endY="40.11501">
                  <LineDesc lineEnd="ROUND" lineWidth="0.254" lineProperty="SOLID" />
                </Line>
                <Line startX="104.250861" startY="40.11501" endX="103.743026" endY="39.607175">
                  <LineDesc lineEnd="ROUND" lineWidth="0.254" lineProperty="SOLID" />
                </Line>
                <Line startX="103.743026" startY="39.607175" endX="103.235188" endY="40.11501">
                  <LineDesc lineEnd="ROUND" lineWidth="0.254" lineProperty="SOLID" />
                </Line>
                <Line startX="103.235188" startY="40.11501" endX="103.235188" endY="38.591503">
                  <LineDesc lineEnd="ROUND" lineWidth="0.254" lineProperty="SOLID" />
                </Line>
                <Line startX="101.711681" startY="40.11501" endX="102.727354" endY="40.11501">
                  <LineDesc lineEnd="ROUND" lineWidth="0.254" lineProperty="SOLID" />
                </Line>
                <Line startX="102.727354" startY="40.11501" endX="102.727354" endY="38.591503">
                  <LineDesc lineEnd="ROUND" lineWidth="0.254" lineProperty="SOLID" />
                </Line>
                <Line startX="102.727354" startY="38.591503" endX="101.711681" endY="38.591503">
                  <LineDesc lineEnd="ROUND" lineWidth="0.254" lineProperty="SOLID" />
                </Line>
                <Line startX="102.727354" startY="39.353256" endX="102.219519" endY="39.353256">
                  <LineDesc lineEnd="ROUND" lineWidth="0.254" lineProperty="SOLID" />
                </Line>
                <Line startX="101.203846" startY="40.11501" endX="100.188174" endY="40.11501">
                  <LineDesc lineEnd="ROUND" lineWidth="0.254" lineProperty="SOLID" />
                </Line>
                <Line startX="100.188174" startY="40.11501" endX="100.696011" endY="40.11501">
                  <LineDesc lineEnd="ROUND" lineWidth="0.254" lineProperty="SOLID" />
                </Line>
                <Line startX="100.696011" startY="40.11501" endX="100.696011" endY="38.591503">
                  <LineDesc lineEnd="ROUND" lineWidth="0.254" lineProperty="SOLID" />
                </Line>
                <Line startX="98.664667" startY="40.11501" endX="99.680339" endY="40.11501">
                  <LineDesc lineEnd="ROUND" lineWidth="0.254" lineProperty="SOLID" />
                </Line>
                <Line startX="99.680339" startY="40.11501" endX="99.680339" endY="38.591503">
                  <LineDesc lineEnd="ROUND" lineWidth="0.254" lineProperty="SOLID" />
                </Line>
                <Line startX="99.680339" startY="38.591503" endX="98.664667" endY="38.591503">
                  <LineDesc lineEnd="ROUND" lineWidth="0.254" lineProperty="SOLID" />
                </Line>
                <Line startX="99.680339" startY="39.353256" endX="99.172504" endY="39.353256">
                  <LineDesc lineEnd="ROUND" lineWidth="0.254" lineProperty="SOLID" />
                </Line>
                <Line startX="98.156832" startY="38.591503" endX="98.156832" endY="40.11501">
                  <LineDesc lineEnd="ROUND" lineWidth="0.254" lineProperty="SOLID" />
                </Line>
                <Line startX="98.156832" startY="40.11501" endX="97.395078" endY="40.11501">
                  <LineDesc lineEnd="ROUND" lineWidth="0.254" lineProperty="SOLID" />
                </Line>
                <Line startX="97.395078" startY="40.11501" endX="97.14116" endY="39.861091">
                  <LineDesc lineEnd="ROUND" lineWidth="0.254" lineProperty="SOLID" />
                </Line>
                <Line startX="97.14116" startY="39.861091" endX="97.14116" endY="39.353256">
                  <LineDesc lineEnd="ROUND" lineWidth="0.254" lineProperty="SOLID" />
                </Line>
                <Line startX="97.14116" startY="39.353256" endX="97.395078" endY="39.099338">
                  <LineDesc lineEnd="ROUND" lineWidth="0.254" lineProperty="SOLID" />
                </Line>
                <Line startX="97.395078" startY="39.099338" endX="98.156832" endY="39.099338">
                  <LineDesc lineEnd="ROUND" lineWidth="0.254" lineProperty="SOLID" />
                </Line>
                <Line startX="97.648997" startY="39.099338" endX="97.14116" endY="38.591503">
                  <LineDesc lineEnd="ROUND" lineWidth="0.254" lineProperty="SOLID" />
                </Line>
                <Line startX="168.745997" startY="47.790006" endX="168.745997" endY="46.774334">
                  <LineDesc lineEnd="ROUND" lineWidth="0.254" lineProperty="SOLID" />
                </Line>
                <Line startX="168.745997" startY="46.774334" endX="168.238162" endY="46.266499">
                  <LineDesc lineEnd="ROUND" lineWidth="0.254" lineProperty="SOLID" />
                </Line>
                <Line startX="168.238162" startY="46.266499" endX="167.730325" endY="46.774334">
                  <LineDesc lineEnd="ROUND" lineWidth="0.254" lineProperty="SOLID" />
                </Line>
                <Line startX="167.730325" startY="46.774334" endX="167.730325" endY="47.790006">
                  <LineDesc lineEnd="ROUND" lineWidth="0.254" lineProperty="SOLID" />
                </Line>
                <Line startX="166.206818" startY="47.790006" endX="167.22249" endY="47.790006">
                  <LineDesc lineEnd="ROUND" lineWidth="0.254" lineProperty="SOLID" />
                </Line>
                <Line startX="167.22249" startY="47.790006" endX="167.22249" endY="46.266499">
                  <LineDesc lineEnd="ROUND" lineWidth="0.254" lineProperty="SOLID" />
                </Line>
                <Line startX="167.22249" startY="46.266499" endX="166.206818" endY="46.266499">
                  <LineDesc lineEnd="ROUND" lineWidth="0.254" lineProperty="SOLID" />
                </Line>
                <Line startX="167.22249" startY="47.028252" endX="166.714655" endY="47.028252">
                  <LineDesc lineEnd="ROUND" lineWidth="0.254" lineProperty="SOLID" />
                </Line>
                <Line startX="165.698983" startY="46.266499" endX="165.698983" endY="47.790006">
                  <LineDesc lineEnd="ROUND" lineWidth="0.254" lineProperty="SOLID" />
                </Line>
                <Line startX="165.698983" startY="47.790006" endX="164.937229" endY="47.790006">
                  <LineDesc lineEnd="ROUND" lineWidth="0.254" lineProperty="SOLID" />
                </Line>
                <Line startX="164.937229" startY="47.790006" endX="164.68331" endY="47.536087">
                  <LineDesc lineEnd="ROUND" lineWidth="0.254" lineProperty="SOLID" />
                </Line>
                <Line startX="164.68331" startY="47.536087" endX="164.68331" endY="47.028252">
                  <LineDesc lineEnd="ROUND" lineWidth="0.254" lineProperty="SOLID" />
                </Line>
                <Line startX="164.68331" startY="47.028252" endX="164.937229" endY="46.774334">
                  <LineDesc lineEnd="ROUND" lineWidth="0.254" lineProperty="SOLID" />
                </Line>
                <Line startX="164.937229" startY="46.774334" endX="165.698983" endY="46.774334">
                  <LineDesc lineEnd="ROUND" lineWidth="0.254" lineProperty="SOLID" />
                </Line>
                <Line startX="165.191148" startY="46.774334" endX="164.68331" endY="46.266499">
                  <LineDesc lineEnd="ROUND" lineWidth="0.254" lineProperty="SOLID" />
                </Line>
                <Line startX="163.159803" startY="47.536087" endX="163.413722" endY="47.790006">
                  <LineDesc lineEnd="ROUND" lineWidth="0.254" lineProperty="SOLID" />
                </Line>
                <Line startX="163.413722" startY="47.790006" endX="163.921557" endY="47.790006">
                  <LineDesc lineEnd="ROUND" lineWidth="0.254" lineProperty="SOLID" />
                </Line>
                <Line startX="163.921557" startY="47.790006" endX="164.175476" endY="47.536087">
                  <LineDesc lineEnd="ROUND" lineWidth="0.254" lineProperty="SOLID" />
                </Line>
                <Line startX="164.175476" startY="47.536087" endX="164.175476" endY="47.282171">
                  <LineDesc lineEnd="ROUND" lineWidth="0.254" lineProperty="SOLID" />
                </Line>
                <Line startX="164.175476" startY="47.282171" endX="163.921557" endY="47.028252">
                  <LineDesc lineEnd="ROUND" lineWidth="0.254" lineProperty="SOLID" />
                </Line>
                <Line startX="163.921557" startY="47.028252" endX="163.413722" endY="47.028252">
                  <LineDesc lineEnd="ROUND" lineWidth="0.254" lineProperty="SOLID" />
                </Line>
                <Line startX="163.413722" startY="47.028252" endX="163.159803" endY="46.774334">
                  <LineDesc lineEnd="ROUND" lineWidth="0.254" lineProperty="SOLID" />
                </Line>
                <Line startX="163.159803" startY="46.774334" endX="163.159803" endY="46.520418">
                  <LineDesc lineEnd="ROUND" lineWidth="0.254" lineProperty="SOLID" />
                </Line>
                <Line startX="163.159803" startY="46.520418" endX="163.413722" endY="46.266499">
                  <LineDesc lineEnd="ROUND" lineWidth="0.254" lineProperty="SOLID" />
                </Line>
                <Line startX="163.413722" startY="46.266499" endX="163.921557" endY="46.266499">
                  <LineDesc lineEnd="ROUND" lineWidth="0.254" lineProperty="SOLID" />
                </Line>
                <Line startX="163.921557" startY="46.266499" endX="164.175476" endY="46.520418">
                  <LineDesc lineEnd="ROUND" lineWidth="0.254" lineProperty="SOLID" />
                </Line>
                <Line startX="162.651968" startY="47.790006" endX="162.144133" endY="47.790006">
                  <LineDesc lineEnd="ROUND" lineWidth="0.254" lineProperty="SOLID" />
                </Line>
                <Line startX="162.144133" startY="47.790006" endX="162.39805" endY="47.790006">
                  <LineDesc lineEnd="ROUND" lineWidth="0.254" lineProperty="SOLID" />
                </Line>
                <Line startX="162.39805" startY="47.790006" endX="162.39805" endY="46.266499">
                  <LineDesc lineEnd="ROUND" lineWidth="0.254" lineProperty="SOLID" />
                </Line>
                <Line startX="162.39805" startY="46.266499" endX="162.651968" endY="46.266499">
                  <LineDesc lineEnd="ROUND" lineWidth="0.254" lineProperty="SOLID" />
                </Line>
                <Line startX="162.651968" startY="46.266499" endX="162.144133" endY="46.266499">
                  <LineDesc lineEnd="ROUND" lineWidth="0.254" lineProperty="SOLID" />
                </Line>
                <Line startX="160.620626" startY="47.790006" endX="161.128461" endY="47.790006">
                  <LineDesc lineEnd="ROUND" lineWidth="0.254" lineProperty="SOLID" />
                </Line>
                <Line startX="161.128461" startY="47.790006" endX="161.38238" endY="47.536087">
                  <LineDesc lineEnd="ROUND" lineWidth="0.254" lineProperty="SOLID" />
                </Line>
                <Line startX="161.38238" startY="47.536087" endX="161.38238" endY="46.520418">
                  <LineDesc lineEnd="ROUND" lineWidth="0.254" lineProperty="SOLID" />
                </Line>
                <Line startX="161.38238" startY="46.520418" endX="161.128461" endY="46.266499">
                  <LineDesc lineEnd="ROUND" lineWidth="0.254" lineProperty="SOLID" />
                </Line>
                <Line startX="161.128461" startY="46.266499" endX="160.620626" endY="46.266499">
                  <LineDesc lineEnd="ROUND" lineWidth="0.254" lineProperty="SOLID" />
                </Line>
                <Line startX="160.620626" startY="46.266499" endX="160.366707" endY="46.520418">
                  <LineDesc lineEnd="ROUND" lineWidth="0.254" lineProperty="SOLID" />
                </Line>
                <Line startX="160.366707" startY="46.520418" endX="160.366707" endY="47.536087">
                  <LineDesc lineEnd="ROUND" lineWidth="0.254" lineProperty="SOLID" />
                </Line>
                <Line startX="160.366707" startY="47.536087" endX="160.620626" endY="47.790006">
                  <LineDesc lineEnd="ROUND" lineWidth="0.254" lineProperty="SOLID" />
                </Line>
                <Line startX="159.858873" startY="46.266499" endX="159.858873" endY="47.790006">
                  <LineDesc lineEnd="ROUND" lineWidth="0.254" lineProperty="SOLID" />
                </Line>
                <Line startX="159.858873" startY="47.790006" endX="158.8432" endY="46.266499">
                  <LineDesc lineEnd="ROUND" lineWidth="0.254" lineProperty="SOLID" />
                </Line>
                <Line startX="158.8432" startY="46.266499" endX="158.8432" endY="47.790006">
                  <LineDesc lineEnd="ROUND" lineWidth="0.254" lineProperty="SOLID" />
                </Line>
                <Line startX="156.811858" startY="46.266499" endX="156.811858" endY="47.282171">
                  <LineDesc lineEnd="ROUND" lineWidth="0.254" lineProperty="SOLID" />
                </Line>
                <Line startX="156.811858" startY="47.282171" endX="156.304023" endY="47.790006">
                  <LineDesc lineEnd="ROUND" lineWidth="0.254" lineProperty="SOLID" />
                </Line>
                <Line startX="156.304023" startY="47.790006" endX="155.796186" endY="47.282171">
                  <LineDesc lineEnd="ROUND" lineWidth="0.254" lineProperty="SOLID" />
                </Line>
                <Line startX="155.796186" startY="47.282171" endX="155.796186" endY="46.266499">
                  <LineDesc lineEnd="ROUND" lineWidth="0.254" lineProperty="SOLID" />
                </Line>
                <Line startX="155.796186" startY="46.266499" endX="155.796186" endY="47.028252">
                  <LineDesc lineEnd="ROUND" lineWidth="0.254" lineProperty="SOLID" />
                </Line>
                <Line startX="155.796186" startY="47.028252" endX="156.811858" endY="47.028252">
                  <LineDesc lineEnd="ROUND" lineWidth="0.254" lineProperty="SOLID" />
                </Line>
                <Line startX="168.745997" startY="51.627504" endX="168.745997" endY="50.103997">
                  <LineDesc lineEnd="ROUND" lineWidth="0.254" lineProperty="SOLID" />
                </Line>
                <Line startX="168.745997" startY="50.103997" endX="167.984244" endY="50.103997">
                  <LineDesc lineEnd="ROUND" lineWidth="0.254" lineProperty="SOLID" />
                </Line>
                <Line startX="167.984244" startY="50.103997" endX="167.730325" endY="50.357916">
                  <LineDesc lineEnd="ROUND" lineWidth="0.254" lineProperty="SOLID" />
                </Line>
                <Line startX="167.730325" startY="50.357916" endX="167.730325" endY="50.611832">
                  <LineDesc lineEnd="ROUND" lineWidth="0.254" lineProperty="SOLID" />
                </Line>
                <Line startX="167.730325" startY="50.611832" endX="167.984244" endY="50.86575">
                  <LineDesc lineEnd="ROUND" lineWidth="0.254" lineProperty="SOLID" />
                </Line>
                <Line startX="167.984244" startY="50.86575" endX="168.745997" endY="50.86575">
                  <LineDesc lineEnd="ROUND" lineWidth="0.254" lineProperty="SOLID" />
                </Line>
                <Line startX="168.745997" startY="50.86575" endX="168.745997" endY="50.86575">
                  <LineDesc lineEnd="ROUND" lineWidth="0.254" lineProperty="SOLID" />
                </Line>
                <Line startX="168.745997" startY="50.86575" endX="168.745997" endY="50.86575">
                  <LineDesc lineEnd="ROUND" lineWidth="0.254" lineProperty="SOLID" />
                </Line>
                <Line startX="168.745997" startY="50.86575" endX="168.745997" endY="50.86575">
                  <LineDesc lineEnd="ROUND" lineWidth="0.254" lineProperty="SOLID" />
                </Line>
                <Line startX="168.745997" startY="50.86575" endX="167.984244" endY="50.86575">
                  <LineDesc lineEnd="ROUND" lineWidth="0.254" lineProperty="SOLID" />
                </Line>
                <Line startX="167.984244" startY="50.86575" endX="167.730325" endY="51.119669">
                  <LineDesc lineEnd="ROUND" lineWidth="0.254" lineProperty="SOLID" />
                </Line>
                <Line startX="167.730325" startY="51.119669" endX="167.730325" endY="51.373585">
                  <LineDesc lineEnd="ROUND" lineWidth="0.254" lineProperty="SOLID" />
                </Line>
                <Line startX="167.730325" startY="51.373585" endX="167.984244" endY="51.627504">
                  <LineDesc lineEnd="ROUND" lineWidth="0.254" lineProperty="SOLID" />
                </Line>
                <Line startX="167.984244" startY="51.627504" endX="168.745997" endY="51.627504">
                  <LineDesc lineEnd="ROUND" lineWidth="0.254" lineProperty="SOLID" />
                </Line>
                <Line startX="167.22249" startY="51.627504" endX="166.714655" endY="51.627504">
                  <LineDesc lineEnd="ROUND" lineWidth="0.254" lineProperty="SOLID" />
                </Line>
                <Line startX="166.714655" startY="51.627504" endX="166.968571" endY="51.627504">
                  <LineDesc lineEnd="ROUND" lineWidth="0.254" lineProperty="SOLID" />
                </Line>
                <Line startX="166.968571" startY="51.627504" endX="166.968571" endY="50.103997">
                  <LineDesc lineEnd="ROUND" lineWidth="0.254" lineProperty="SOLID" />
                </Line>
                <Line startX="166.968571" startY="50.103997" endX="167.22249" endY="50.103997">
                  <LineDesc lineEnd="ROUND" lineWidth="0.254" lineProperty="SOLID" />
                </Line>
                <Line startX="167.22249" startY="50.103997" endX="166.714655" endY="50.103997">
                  <LineDesc lineEnd="ROUND" lineWidth="0.254" lineProperty="SOLID" />
                </Line>
                <Line startX="165.191148" startY="51.627504" endX="165.698983" endY="51.627504">
                  <LineDesc lineEnd="ROUND" lineWidth="0.254" lineProperty="SOLID" />
                </Line>
                <Line startX="165.698983" startY="51.627504" endX="165.952902" endY="51.373585">
                  <LineDesc lineEnd="ROUND" lineWidth="0.254" lineProperty="SOLID" />
                </Line>
                <Line startX="165.952902" startY="51.373585" endX="165.952902" endY="50.357916">
                  <LineDesc lineEnd="ROUND" lineWidth="0.254" lineProperty="SOLID" />
                </Line>
                <Line startX="165.952902" startY="50.357916" endX="165.698983" endY="50.103997">
                  <LineDesc lineEnd="ROUND" lineWidth="0.254" lineProperty="SOLID" />
                </Line>
                <Line startX="165.698983" startY="50.103997" endX="165.191148" endY="50.103997">
                  <LineDesc lineEnd="ROUND" lineWidth="0.254" lineProperty="SOLID" />
                </Line>
                <Line startX="165.191148" startY="50.103997" endX="164.937229" endY="50.357916">
                  <LineDesc lineEnd="ROUND" lineWidth="0.254" lineProperty="SOLID" />
                </Line>
                <Line startX="164.937229" startY="50.357916" endX="164.937229" endY="51.373585">
                  <LineDesc lineEnd="ROUND" lineWidth="0.254" lineProperty="SOLID" />
                </Line>
                <Line startX="164.937229" startY="51.373585" endX="165.191148" endY="51.627504">
                  <LineDesc lineEnd="ROUND" lineWidth="0.254" lineProperty="SOLID" />
                </Line>
                <Line startX="162.905887" startY="51.627504" endX="162.398052" endY="51.627504">
                  <LineDesc lineEnd="ROUND" lineWidth="0.254" lineProperty="SOLID" />
                </Line>
                <Line startX="162.398052" startY="51.627504" endX="162.651968" endY="51.627504">
                  <LineDesc lineEnd="ROUND" lineWidth="0.254" lineProperty="SOLID" />
                </Line>
                <Line startX="162.651968" startY="51.627504" endX="162.651968" endY="50.103997">
                  <LineDesc lineEnd="ROUND" lineWidth="0.254" lineProperty="SOLID" />
                </Line>
                <Line startX="162.651968" startY="50.103997" endX="162.905887" endY="50.103997">
                  <LineDesc lineEnd="ROUND" lineWidth="0.254" lineProperty="SOLID" />
                </Line>
                <Line startX="162.905887" startY="50.103997" endX="162.398052" endY="50.103997">
                  <LineDesc lineEnd="ROUND" lineWidth="0.254" lineProperty="SOLID" />
                </Line>
                <Line startX="161.636299" startY="50.103997" endX="161.636299" endY="51.627504">
                  <LineDesc lineEnd="ROUND" lineWidth="0.254" lineProperty="SOLID" />
                </Line>
                <Line startX="161.636299" startY="51.627504" endX="161.128464" endY="51.119669">
                  <LineDesc lineEnd="ROUND" lineWidth="0.254" lineProperty="SOLID" />
                </Line>
                <Line startX="161.128464" startY="51.119669" endX="160.620626" endY="51.627504">
                  <LineDesc lineEnd="ROUND" lineWidth="0.254" lineProperty="SOLID" />
                </Line>
                <Line startX="160.620626" startY="51.627504" endX="160.620626" endY="50.103997">
                  <LineDesc lineEnd="ROUND" lineWidth="0.254" lineProperty="SOLID" />
                </Line>
                <Line startX="160.112791" startY="50.103997" endX="160.112791" endY="51.627504">
                  <LineDesc lineEnd="ROUND" lineWidth="0.254" lineProperty="SOLID" />
                </Line>
                <Line startX="160.112791" startY="51.627504" endX="159.351038" endY="51.627504">
                  <LineDesc lineEnd="ROUND" lineWidth="0.254" lineProperty="SOLID" />
                </Line>
                <Line startX="159.351038" startY="51.627504" endX="159.097119" endY="51.373585">
                  <LineDesc lineEnd="ROUND" lineWidth="0.254" lineProperty="SOLID" />
                </Line>
                <Line startX="159.097119" startY="51.373585" endX="159.097119" endY="50.86575">
                  <LineDesc lineEnd="ROUND" lineWidth="0.254" lineProperty="SOLID" />
                </Line>
                <Line startX="159.097119" startY="50.86575" endX="159.351038" endY="50.611832">
                  <LineDesc lineEnd="ROUND" lineWidth="0.254" lineProperty="SOLID" />
                </Line>
                <Line startX="159.351038" startY="50.611832" endX="160.112791" endY="50.611832">
                  <LineDesc lineEnd="ROUND" lineWidth="0.254" lineProperty="SOLID" />
                </Line>
                <Line startX="157.573612" startY="51.627504" endX="158.589284" endY="51.627504">
                  <LineDesc lineEnd="ROUND" lineWidth="0.254" lineProperty="SOLID" />
                </Line>
                <Line startX="158.589284" startY="51.627504" endX="158.589284" endY="50.103997">
                  <LineDesc lineEnd="ROUND" lineWidth="0.254" lineProperty="SOLID" />
                </Line>
                <Line startX="158.589284" startY="50.103997" endX="157.573612" endY="50.103997">
                  <LineDesc lineEnd="ROUND" lineWidth="0.254" lineProperty="SOLID" />
                </Line>
                <Line startX="158.589284" startY="50.86575" endX="158.081449" endY="50.86575">
                  <LineDesc lineEnd="ROUND" lineWidth="0.254" lineProperty="SOLID" />
                </Line>
                <Line startX="157.065777" startY="51.627504" endX="157.065777" endY="50.103997">
                  <LineDesc lineEnd="ROUND" lineWidth="0.254" lineProperty="SOLID" />
                </Line>
                <Line startX="157.065777" startY="50.103997" endX="156.304023" endY="50.103997">
                  <LineDesc lineEnd="ROUND" lineWidth="0.254" lineProperty="SOLID" />
                </Line>
                <Line startX="156.304023" startY="50.103997" endX="156.050104" endY="50.357916">
                  <LineDesc lineEnd="ROUND" lineWidth="0.254" lineProperty="SOLID" />
                </Line>
                <Line startX="156.050104" startY="50.357916" endX="156.050104" endY="51.373585">
                  <LineDesc lineEnd="ROUND" lineWidth="0.254" lineProperty="SOLID" />
                </Line>
                <Line startX="156.050104" startY="51.373585" endX="156.304023" endY="51.627504">
                  <LineDesc lineEnd="ROUND" lineWidth="0.254" lineProperty="SOLID" />
                </Line>
                <Line startX="156.304023" startY="51.627504" endX="157.065777" endY="51.627504">
                  <LineDesc lineEnd="ROUND" lineWidth="0.254" lineProperty="SOLID" />
                </Line>
                <Line startX="155.54227" startY="50.103997" endX="155.54227" endY="51.119669">
                  <LineDesc lineEnd="ROUND" lineWidth="0.254" lineProperty="SOLID" />
                </Line>
                <Line startX="155.54227" startY="51.119669" endX="155.034435" endY="51.627504">
                  <LineDesc lineEnd="ROUND" lineWidth="0.254" lineProperty="SOLID" />
                </Line>
                <Line startX="155.034435" startY="51.627504" endX="154.526597" endY="51.119669">
                  <LineDesc lineEnd="ROUND" lineWidth="0.254" lineProperty="SOLID" />
                </Line>
                <Line startX="154.526597" startY="51.119669" endX="154.526597" endY="50.103997">
                  <LineDesc lineEnd="ROUND" lineWidth="0.254" lineProperty="SOLID" />
                </Line>
                <Line startX="154.526597" startY="50.103997" endX="154.526597" endY="50.86575">
                  <LineDesc lineEnd="ROUND" lineWidth="0.254" lineProperty="SOLID" />
                </Line>
                <Line startX="154.526597" startY="50.86575" endX="155.54227" endY="50.86575">
                  <LineDesc lineEnd="ROUND" lineWidth="0.254" lineProperty="SOLID" />
                </Line>
                <Line startX="154.018762" startY="50.103997" endX="154.018762" endY="51.627504">
                  <LineDesc lineEnd="ROUND" lineWidth="0.254" lineProperty="SOLID" />
                </Line>
                <Line startX="154.018762" startY="51.627504" endX="153.00309" endY="50.103997">
                  <LineDesc lineEnd="ROUND" lineWidth="0.254" lineProperty="SOLID" />
                </Line>
                <Line startX="153.00309" startY="50.103997" endX="153.00309" endY="51.627504">
                  <LineDesc lineEnd="ROUND" lineWidth="0.254" lineProperty="SOLID" />
                </Line>
                <Line startX="151.479583" startY="51.373585" endX="151.733501" endY="51.627504">
                  <LineDesc lineEnd="ROUND" lineWidth="0.254" lineProperty="SOLID" />
                </Line>
                <Line startX="151.733501" startY="51.627504" endX="152.241336" endY="51.627504">
                  <LineDesc lineEnd="ROUND" lineWidth="0.254" lineProperty="SOLID" />
                </Line>
                <Line startX="152.241336" startY="51.627504" endX="152.495255" endY="51.373585">
                  <LineDesc lineEnd="ROUND" lineWidth="0.254" lineProperty="SOLID" />
                </Line>
                <Line startX="152.495255" startY="51.373585" endX="152.495255" endY="50.357916">
                  <LineDesc lineEnd="ROUND" lineWidth="0.254" lineProperty="SOLID" />
                </Line>
                <Line startX="152.495255" startY="50.357916" endX="152.241336" endY="50.103997">
                  <LineDesc lineEnd="ROUND" lineWidth="0.254" lineProperty="SOLID" />
                </Line>
                <Line startX="152.241336" startY="50.103997" endX="151.733501" endY="50.103997">
                  <LineDesc lineEnd="ROUND" lineWidth="0.254" lineProperty="SOLID" />
                </Line>
                <Line startX="151.733501" startY="50.103997" endX="151.479583" endY="50.357916">
                  <LineDesc lineEnd="ROUND" lineWidth="0.254" lineProperty="SOLID" />
                </Line>
                <Line startX="149.956076" startY="51.627504" endX="150.971748" endY="51.627504">
                  <LineDesc lineEnd="ROUND" lineWidth="0.254" lineProperty="SOLID" />
                </Line>
                <Line startX="150.971748" startY="51.627504" endX="150.971748" endY="50.103997">
                  <LineDesc lineEnd="ROUND" lineWidth="0.254" lineProperty="SOLID" />
                </Line>
                <Line startX="150.971748" startY="50.103997" endX="149.956076" endY="50.103997">
                  <LineDesc lineEnd="ROUND" lineWidth="0.254" lineProperty="SOLID" />
                </Line>
                <Line startX="150.971748" startY="50.86575" endX="150.463913" endY="50.86575">
                  <LineDesc lineEnd="ROUND" lineWidth="0.254" lineProperty="SOLID" />
                </Line>
                <Line startX="146.909061" startY="51.373585" endX="147.16298" endY="51.627504">
                  <LineDesc lineEnd="ROUND" lineWidth="0.254" lineProperty="SOLID" />
                </Line>
                <Line startX="147.16298" startY="51.627504" endX="147.670815" endY="51.627504">
                  <LineDesc lineEnd="ROUND" lineWidth="0.254" lineProperty="SOLID" />
                </Line>
                <Line startX="147.670815" startY="51.627504" endX="147.924733" endY="51.373585">
                  <LineDesc lineEnd="ROUND" lineWidth="0.254" lineProperty="SOLID" />
                </Line>
                <Line startX="147.924733" startY="51.373585" endX="147.924733" endY="50.357916">
                  <LineDesc lineEnd="ROUND" lineWidth="0.254" lineProperty="SOLID" />
                </Line>
                <Line startX="147.924733" startY="50.357916" endX="147.670815" endY="50.103997">
                  <LineDesc lineEnd="ROUND" lineWidth="0.254" lineProperty="SOLID" />
                </Line>
                <Line startX="147.670815" startY="50.103997" endX="147.16298" endY="50.103997">
                  <LineDesc lineEnd="ROUND" lineWidth="0.254" lineProperty="SOLID" />
                </Line>
                <Line startX="147.16298" startY="50.103997" endX="146.909061" endY="50.357916">
                  <LineDesc lineEnd="ROUND" lineWidth="0.254" lineProperty="SOLID" />
                </Line>
                <Line startX="146.401226" startY="50.103997" endX="146.401226" endY="51.119669">
                  <LineDesc lineEnd="ROUND" lineWidth="0.254" lineProperty="SOLID" />
                </Line>
                <Line startX="146.401226" startY="51.119669" endX="145.893391" endY="51.627504">
                  <LineDesc lineEnd="ROUND" lineWidth="0.254" lineProperty="SOLID" />
                </Line>
                <Line startX="145.893391" startY="51.627504" endX="145.385554" endY="51.119669">
                  <LineDesc lineEnd="ROUND" lineWidth="0.254" lineProperty="SOLID" />
                </Line>
                <Line startX="145.385554" startY="51.119669" endX="145.385554" endY="50.103997">
                  <LineDesc lineEnd="ROUND" lineWidth="0.254" lineProperty="SOLID" />
                </Line>
                <Line startX="145.385554" startY="50.103997" endX="145.385554" endY="50.86575">
                  <LineDesc lineEnd="ROUND" lineWidth="0.254" lineProperty="SOLID" />
                </Line>
                <Line startX="145.385554" startY="50.86575" endX="146.401226" endY="50.86575">
                  <LineDesc lineEnd="ROUND" lineWidth="0.254" lineProperty="SOLID" />
                </Line>
                <Line startX="144.877719" startY="51.627504" endX="144.877719" endY="50.103997">
                  <LineDesc lineEnd="ROUND" lineWidth="0.254" lineProperty="SOLID" />
                </Line>
                <Line startX="144.877719" startY="50.103997" endX="143.862047" endY="50.103997">
                  <LineDesc lineEnd="ROUND" lineWidth="0.254" lineProperty="SOLID" />
                </Line>
                <Line startX="143.354212" startY="51.627504" endX="142.846377" endY="51.627504">
                  <LineDesc lineEnd="ROUND" lineWidth="0.254" lineProperty="SOLID" />
                </Line>
                <Line startX="142.846377" startY="51.627504" endX="143.100293" endY="51.627504">
                  <LineDesc lineEnd="ROUND" lineWidth="0.254" lineProperty="SOLID" />
                </Line>
                <Line startX="143.100293" startY="51.627504" endX="143.100293" endY="50.103997">
                  <LineDesc lineEnd="ROUND" lineWidth="0.254" lineProperty="SOLID" />
                </Line>
                <Line startX="143.100293" startY="50.103997" endX="143.354212" endY="50.103997">
                  <LineDesc lineEnd="ROUND" lineWidth="0.254" lineProperty="SOLID" />
                </Line>
                <Line startX="143.354212" startY="50.103997" endX="142.846377" endY="50.103997">
                  <LineDesc lineEnd="ROUND" lineWidth="0.254" lineProperty="SOLID" />
                </Line>
                <Line startX="142.084623" startY="51.627504" endX="142.084623" endY="50.103997">
                  <LineDesc lineEnd="ROUND" lineWidth="0.254" lineProperty="SOLID" />
                </Line>
                <Line startX="142.084623" startY="50.103997" endX="141.32287" endY="50.103997">
                  <LineDesc lineEnd="ROUND" lineWidth="0.254" lineProperty="SOLID" />
                </Line>
                <Line startX="141.32287" startY="50.103997" endX="141.068951" endY="50.357916">
                  <LineDesc lineEnd="ROUND" lineWidth="0.254" lineProperty="SOLID" />
                </Line>
                <Line startX="141.068951" startY="50.357916" endX="141.068951" endY="50.611832">
                  <LineDesc lineEnd="ROUND" lineWidth="0.254" lineProperty="SOLID" />
                </Line>
                <Line startX="141.068951" startY="50.611832" endX="141.32287" endY="50.86575">
                  <LineDesc lineEnd="ROUND" lineWidth="0.254" lineProperty="SOLID" />
                </Line>
                <Line startX="141.32287" startY="50.86575" endX="142.084623" endY="50.86575">
                  <LineDesc lineEnd="ROUND" lineWidth="0.254" lineProperty="SOLID" />
                </Line>
                <Line startX="142.084623" startY="50.86575" endX="142.084623" endY="50.86575">
                  <LineDesc lineEnd="ROUND" lineWidth="0.254" lineProperty="SOLID" />
                </Line>
                <Line startX="142.084623" startY="50.86575" endX="142.084623" endY="50.86575">
                  <LineDesc lineEnd="ROUND" lineWidth="0.254" lineProperty="SOLID" />
                </Line>
                <Line startX="142.084623" startY="50.86575" endX="142.084623" endY="50.86575">
                  <LineDesc lineEnd="ROUND" lineWidth="0.254" lineProperty="SOLID" />
                </Line>
                <Line startX="142.084623" startY="50.86575" endX="141.32287" endY="50.86575">
                  <LineDesc lineEnd="ROUND" lineWidth="0.254" lineProperty="SOLID" />
                </Line>
                <Line startX="141.32287" startY="50.86575" endX="141.068951" endY="51.119669">
                  <LineDesc lineEnd="ROUND" lineWidth="0.254" lineProperty="SOLID" />
                </Line>
                <Line startX="141.068951" startY="51.119669" endX="141.068951" endY="51.373585">
                  <LineDesc lineEnd="ROUND" lineWidth="0.254" lineProperty="SOLID" />
                </Line>
                <Line startX="141.068951" startY="51.373585" endX="141.32287" endY="51.627504">
                  <LineDesc lineEnd="ROUND" lineWidth="0.254" lineProperty="SOLID" />
                </Line>
                <Line startX="141.32287" startY="51.627504" endX="142.084623" endY="51.627504">
                  <LineDesc lineEnd="ROUND" lineWidth="0.254" lineProperty="SOLID" />
                </Line>
                <Line startX="140.561116" startY="50.103997" endX="140.561116" endY="51.627504">
                  <LineDesc lineEnd="ROUND" lineWidth="0.254" lineProperty="SOLID" />
                </Line>
                <Line startX="140.561116" startY="51.627504" endX="139.799362" endY="51.627504">
                  <LineDesc lineEnd="ROUND" lineWidth="0.254" lineProperty="SOLID" />
                </Line>
                <Line startX="139.799362" startY="51.627504" endX="139.545444" endY="51.373585">
                  <LineDesc lineEnd="ROUND" lineWidth="0.254" lineProperty="SOLID" />
                </Line>
                <Line startX="139.545444" startY="51.373585" endX="139.545444" endY="50.86575">
                  <LineDesc lineEnd="ROUND" lineWidth="0.254" lineProperty="SOLID" />
                </Line>
                <Line startX="139.545444" startY="50.86575" endX="139.799362" endY="50.611832">
                  <LineDesc lineEnd="ROUND" lineWidth="0.254" lineProperty="SOLID" />
                </Line>
                <Line startX="139.799362" startY="50.611832" endX="140.561116" endY="50.611832">
                  <LineDesc lineEnd="ROUND" lineWidth="0.254" lineProperty="SOLID" />
                </Line>
                <Line startX="140.053281" startY="50.611832" endX="139.545444" endY="50.103997">
                  <LineDesc lineEnd="ROUND" lineWidth="0.254" lineProperty="SOLID" />
                </Line>
                <Line startX="139.037609" startY="50.103997" endX="139.037609" endY="51.119669">
                  <LineDesc lineEnd="ROUND" lineWidth="0.254" lineProperty="SOLID" />
                </Line>
                <Line startX="139.037609" startY="51.119669" endX="138.529774" endY="51.627504">
                  <LineDesc lineEnd="ROUND" lineWidth="0.254" lineProperty="SOLID" />
                </Line>
                <Line startX="138.529774" startY="51.627504" endX="138.021936" endY="51.119669">
                  <LineDesc lineEnd="ROUND" lineWidth="0.254" lineProperty="SOLID" />
                </Line>
                <Line startX="138.021936" startY="51.119669" endX="138.021936" endY="50.103997">
                  <LineDesc lineEnd="ROUND" lineWidth="0.254" lineProperty="SOLID" />
                </Line>
                <Line startX="138.021936" startY="50.103997" endX="138.021936" endY="50.86575">
                  <LineDesc lineEnd="ROUND" lineWidth="0.254" lineProperty="SOLID" />
                </Line>
                <Line startX="138.021936" startY="50.86575" endX="139.037609" endY="50.86575">
                  <LineDesc lineEnd="ROUND" lineWidth="0.254" lineProperty="SOLID" />
                </Line>
                <Line startX="137.514101" startY="51.627504" endX="136.498429" endY="51.627504">
                  <LineDesc lineEnd="ROUND" lineWidth="0.254" lineProperty="SOLID" />
                </Line>
                <Line startX="136.498429" startY="51.627504" endX="137.006266" endY="51.627504">
                  <LineDesc lineEnd="ROUND" lineWidth="0.254" lineProperty="SOLID" />
                </Line>
                <Line startX="137.006266" startY="51.627504" endX="137.006266" endY="50.103997">
                  <LineDesc lineEnd="ROUND" lineWidth="0.254" lineProperty="SOLID" />
                </Line>
                <Line startX="135.990594" startY="51.627504" endX="135.482759" endY="51.627504">
                  <LineDesc lineEnd="ROUND" lineWidth="0.254" lineProperty="SOLID" />
                </Line>
                <Line startX="135.482759" startY="51.627504" endX="135.736675" endY="51.627504">
                  <LineDesc lineEnd="ROUND" lineWidth="0.254" lineProperty="SOLID" />
                </Line>
                <Line startX="135.736675" startY="51.627504" endX="135.736675" endY="50.103997">
                  <LineDesc lineEnd="ROUND" lineWidth="0.254" lineProperty="SOLID" />
                </Line>
                <Line startX="135.736675" startY="50.103997" endX="135.990594" endY="50.103997">
                  <LineDesc lineEnd="ROUND" lineWidth="0.254" lineProperty="SOLID" />
                </Line>
                <Line startX="135.990594" startY="50.103997" endX="135.482759" endY="50.103997">
                  <LineDesc lineEnd="ROUND" lineWidth="0.254" lineProperty="SOLID" />
                </Line>
                <Line startX="133.959252" startY="51.627504" endX="134.467087" endY="51.627504">
                  <LineDesc lineEnd="ROUND" lineWidth="0.254" lineProperty="SOLID" />
                </Line>
                <Line startX="134.467087" startY="51.627504" endX="134.721006" endY="51.373585">
                  <LineDesc lineEnd="ROUND" lineWidth="0.254" lineProperty="SOLID" />
                </Line>
                <Line startX="134.721006" startY="51.373585" endX="134.721006" endY="50.357916">
                  <LineDesc lineEnd="ROUND" lineWidth="0.254" lineProperty="SOLID" />
                </Line>
                <Line startX="134.721006" startY="50.357916" endX="134.467087" endY="50.103997">
                  <LineDesc lineEnd="ROUND" lineWidth="0.254" lineProperty="SOLID" />
                </Line>
                <Line startX="134.467087" startY="50.103997" endX="133.959252" endY="50.103997">
                  <LineDesc lineEnd="ROUND" lineWidth="0.254" lineProperty="SOLID" />
                </Line>
                <Line startX="133.959252" startY="50.103997" endX="133.705333" endY="50.357916">
                  <LineDesc lineEnd="ROUND" lineWidth="0.254" lineProperty="SOLID" />
                </Line>
                <Line startX="133.705333" startY="50.357916" endX="133.705333" endY="51.373585">
                  <LineDesc lineEnd="ROUND" lineWidth="0.254" lineProperty="SOLID" />
                </Line>
                <Line startX="133.705333" startY="51.373585" endX="133.959252" endY="51.627504">
                  <LineDesc lineEnd="ROUND" lineWidth="0.254" lineProperty="SOLID" />
                </Line>
                <Line startX="133.197498" startY="50.103997" endX="133.197498" endY="51.627504">
                  <LineDesc lineEnd="ROUND" lineWidth="0.254" lineProperty="SOLID" />
                </Line>
                <Line startX="133.197498" startY="51.627504" endX="132.181826" endY="50.103997">
                  <LineDesc lineEnd="ROUND" lineWidth="0.254" lineProperty="SOLID" />
                </Line>
                <Line startX="132.181826" startY="50.103997" endX="132.181826" endY="51.627504">
                  <LineDesc lineEnd="ROUND" lineWidth="0.254" lineProperty="SOLID" />
                </Line>
                <Line startX="129.134812" startY="51.627504" endX="129.642649" endY="51.627504">
                  <LineDesc lineEnd="ROUND" lineWidth="0.254" lineProperty="SOLID" />
                </Line>
                <Line startX="129.642649" startY="51.627504" endX="129.38873" endY="51.627504">
                  <LineDesc lineEnd="ROUND" lineWidth="0.254" lineProperty="SOLID" />
                </Line>
                <Line startX="129.38873" startY="51.627504" endX="129.38873" endY="50.357916">
                  <LineDesc lineEnd="ROUND" lineWidth="0.254" lineProperty="SOLID" />
                </Line>
                <Line startX="129.38873" startY="50.357916" endX="129.642649" endY="50.103997">
                  <LineDesc lineEnd="ROUND" lineWidth="0.254" lineProperty="SOLID" />
                </Line>
                <Line startX="129.642649" startY="50.103997" endX="129.896565" endY="50.103997">
                  <LineDesc lineEnd="ROUND" lineWidth="0.254" lineProperty="SOLID" />
                </Line>
                <Line startX="129.896565" startY="50.103997" endX="130.150484" endY="50.357916">
                  <LineDesc lineEnd="ROUND" lineWidth="0.254" lineProperty="SOLID" />
                </Line>
                <Line startX="128.626977" startY="51.627504" endX="128.119142" endY="51.627504">
                  <LineDesc lineEnd="ROUND" lineWidth="0.254" lineProperty="SOLID" />
                </Line>
                <Line startX="128.119142" startY="51.627504" endX="128.373058" endY="51.627504">
                  <LineDesc lineEnd="ROUND" lineWidth="0.254" lineProperty="SOLID" />
                </Line>
                <Line startX="128.373058" startY="51.627504" endX="128.373058" endY="50.103997">
                  <LineDesc lineEnd="ROUND" lineWidth="0.254" lineProperty="SOLID" />
                </Line>
                <Line startX="128.373058" startY="50.103997" endX="128.626977" endY="50.103997">
                  <LineDesc lineEnd="ROUND" lineWidth="0.254" lineProperty="SOLID" />
                </Line>
                <Line startX="128.626977" startY="50.103997" endX="128.119142" endY="50.103997">
                  <LineDesc lineEnd="ROUND" lineWidth="0.254" lineProperty="SOLID" />
                </Line>
                <Line startX="126.341716" startY="51.373585" endX="126.595635" endY="51.627504">
                  <LineDesc lineEnd="ROUND" lineWidth="0.254" lineProperty="SOLID" />
                </Line>
                <Line startX="126.595635" startY="51.627504" endX="127.103469" endY="51.627504">
                  <LineDesc lineEnd="ROUND" lineWidth="0.254" lineProperty="SOLID" />
                </Line>
                <Line startX="127.103469" startY="51.627504" endX="127.357388" endY="51.373585">
                  <LineDesc lineEnd="ROUND" lineWidth="0.254" lineProperty="SOLID" />
                </Line>
                <Line startX="127.357388" startY="51.373585" endX="127.357388" endY="50.357916">
                  <LineDesc lineEnd="ROUND" lineWidth="0.254" lineProperty="SOLID" />
                </Line>
                <Line startX="127.357388" startY="50.357916" endX="127.103469" endY="50.103997">
                  <LineDesc lineEnd="ROUND" lineWidth="0.254" lineProperty="SOLID" />
                </Line>
                <Line startX="127.103469" startY="50.103997" endX="126.595635" endY="50.103997">
                  <LineDesc lineEnd="ROUND" lineWidth="0.254" lineProperty="SOLID" />
                </Line>
                <Line startX="126.595635" startY="50.103997" endX="126.341716" endY="50.357916">
                  <LineDesc lineEnd="ROUND" lineWidth="0.254" lineProperty="SOLID" />
                </Line>
                <Line startX="126.341716" startY="50.357916" endX="126.341716" endY="50.86575">
                  <LineDesc lineEnd="ROUND" lineWidth="0.254" lineProperty="SOLID" />
                </Line>
                <Line startX="126.341716" startY="50.86575" endX="126.849553" endY="50.86575">
                  <LineDesc lineEnd="ROUND" lineWidth="0.254" lineProperty="SOLID" />
                </Line>
                <Line startX="168.745997" startY="43.952508" endX="168.745997" endY="42.429001">
                  <LineDesc lineEnd="ROUND" lineWidth="0.254" lineProperty="SOLID" />
                </Line>
                <Line startX="168.745997" startY="42.429001" endX="167.730325" endY="42.429001">
                  <LineDesc lineEnd="ROUND" lineWidth="0.254" lineProperty="SOLID" />
                </Line>
                <Line startX="167.22249" startY="43.952508" endX="167.22249" endY="42.682919">
                  <LineDesc lineEnd="ROUND" lineWidth="0.254" lineProperty="SOLID" />
                </Line>
                <Line startX="167.22249" startY="42.682919" endX="166.968571" endY="42.429001">
                  <LineDesc lineEnd="ROUND" lineWidth="0.254" lineProperty="SOLID" />
                </Line>
                <Line startX="166.968571" startY="42.429001" endX="166.460736" endY="42.429001">
                  <LineDesc lineEnd="ROUND" lineWidth="0.254" lineProperty="SOLID" />
                </Line>
                <Line startX="166.460736" startY="42.429001" endX="166.206818" endY="42.682919">
                  <LineDesc lineEnd="ROUND" lineWidth="0.254" lineProperty="SOLID" />
                </Line>
                <Line startX="166.206818" startY="42.682919" endX="166.206818" endY="43.952508">
                  <LineDesc lineEnd="ROUND" lineWidth="0.254" lineProperty="SOLID" />
                </Line>
                <Line startX="164.68331" startY="43.698589" endX="164.937229" endY="43.952508">
                  <LineDesc lineEnd="ROUND" lineWidth="0.254" lineProperty="SOLID" />
                </Line>
                <Line startX="164.937229" startY="43.952508" endX="165.445064" endY="43.952508">
                  <LineDesc lineEnd="ROUND" lineWidth="0.254" lineProperty="SOLID" />
                </Line>
                <Line startX="165.445064" startY="43.952508" endX="165.698983" endY="43.698589">
                  <LineDesc lineEnd="ROUND" lineWidth="0.254" lineProperty="SOLID" />
                </Line>
                <Line startX="165.698983" startY="43.698589" endX="165.698983" endY="42.682919">
                  <LineDesc lineEnd="ROUND" lineWidth="0.254" lineProperty="SOLID" />
                </Line>
                <Line startX="165.698983" startY="42.682919" endX="165.445064" endY="42.429001">
                  <LineDesc lineEnd="ROUND" lineWidth="0.254" lineProperty="SOLID" />
                </Line>
                <Line startX="165.445064" startY="42.429001" endX="164.937229" endY="42.429001">
                  <LineDesc lineEnd="ROUND" lineWidth="0.254" lineProperty="SOLID" />
                </Line>
                <Line startX="164.937229" startY="42.429001" endX="164.68331" endY="42.682919">
                  <LineDesc lineEnd="ROUND" lineWidth="0.254" lineProperty="SOLID" />
                </Line>
                <Line startX="164.175476" startY="42.429001" endX="164.175476" endY="43.444673">
                  <LineDesc lineEnd="ROUND" lineWidth="0.254" lineProperty="SOLID" />
                </Line>
                <Line startX="164.175476" startY="43.444673" endX="163.667641" endY="43.952508">
                  <LineDesc lineEnd="ROUND" lineWidth="0.254" lineProperty="SOLID" />
                </Line>
                <Line startX="163.667641" startY="43.952508" endX="163.159803" endY="43.444673">
                  <LineDesc lineEnd="ROUND" lineWidth="0.254" lineProperty="SOLID" />
                </Line>
                <Line startX="163.159803" startY="43.444673" endX="163.159803" endY="42.429001">
                  <LineDesc lineEnd="ROUND" lineWidth="0.254" lineProperty="SOLID" />
                </Line>
                <Line startX="163.159803" startY="42.429001" endX="163.159803" endY="43.190754">
                  <LineDesc lineEnd="ROUND" lineWidth="0.254" lineProperty="SOLID" />
                </Line>
                <Line startX="163.159803" startY="43.190754" endX="164.175476" endY="43.190754">
                  <LineDesc lineEnd="ROUND" lineWidth="0.254" lineProperty="SOLID" />
                </Line>
                <Line startX="161.636296" startY="43.698589" endX="161.890215" endY="43.952508">
                  <LineDesc lineEnd="ROUND" lineWidth="0.254" lineProperty="SOLID" />
                </Line>
                <Line startX="161.890215" startY="43.952508" endX="162.39805" endY="43.952508">
                  <LineDesc lineEnd="ROUND" lineWidth="0.254" lineProperty="SOLID" />
                </Line>
                <Line startX="162.39805" startY="43.952508" endX="162.651968" endY="43.698589">
                  <LineDesc lineEnd="ROUND" lineWidth="0.254" lineProperty="SOLID" />
                </Line>
                <Line startX="162.651968" startY="43.698589" endX="162.651968" endY="43.444673">
                  <LineDesc lineEnd="ROUND" lineWidth="0.254" lineProperty="SOLID" />
                </Line>
                <Line startX="162.651968" startY="43.444673" endX="162.39805" endY="43.190754">
                  <LineDesc lineEnd="ROUND" lineWidth="0.254" lineProperty="SOLID" />
                </Line>
                <Line startX="162.39805" startY="43.190754" endX="161.890215" endY="43.190754">
                  <LineDesc lineEnd="ROUND" lineWidth="0.254" lineProperty="SOLID" />
                </Line>
                <Line startX="161.890215" startY="43.190754" endX="161.636296" endY="42.936836">
                  <LineDesc lineEnd="ROUND" lineWidth="0.254" lineProperty="SOLID" />
                </Line>
                <Line startX="161.636296" startY="42.936836" endX="161.636296" endY="42.682919">
                  <LineDesc lineEnd="ROUND" lineWidth="0.254" lineProperty="SOLID" />
                </Line>
                <Line startX="161.636296" startY="42.682919" endX="161.890215" endY="42.429001">
                  <LineDesc lineEnd="ROUND" lineWidth="0.254" lineProperty="SOLID" />
                </Line>
                <Line startX="161.890215" startY="42.429001" endX="162.39805" endY="42.429001">
                  <LineDesc lineEnd="ROUND" lineWidth="0.254" lineProperty="SOLID" />
                </Line>
                <Line startX="162.39805" startY="42.429001" endX="162.651968" endY="42.682919">
                  <LineDesc lineEnd="ROUND" lineWidth="0.254" lineProperty="SOLID" />
                </Line>
                <Line startX="158.589282" startY="43.698589" endX="158.8432" endY="43.952508">
                  <LineDesc lineEnd="ROUND" lineWidth="0.254" lineProperty="SOLID" />
                </Line>
                <Line startX="158.8432" startY="43.952508" endX="159.351035" endY="43.952508">
                  <LineDesc lineEnd="ROUND" lineWidth="0.254" lineProperty="SOLID" />
                </Line>
                <Line startX="159.351035" startY="43.952508" endX="159.604954" endY="43.698589">
                  <LineDesc lineEnd="ROUND" lineWidth="0.254" lineProperty="SOLID" />
                </Line>
                <Line startX="159.604954" startY="43.698589" endX="159.604954" endY="42.682919">
                  <LineDesc lineEnd="ROUND" lineWidth="0.254" lineProperty="SOLID" />
                </Line>
                <Line startX="159.604954" startY="42.682919" endX="159.351035" endY="42.429001">
                  <LineDesc lineEnd="ROUND" lineWidth="0.254" lineProperty="SOLID" />
                </Line>
                <Line startX="159.351035" startY="42.429001" endX="158.8432" endY="42.429001">
                  <LineDesc lineEnd="ROUND" lineWidth="0.254" lineProperty="SOLID" />
                </Line>
                <Line startX="158.8432" startY="42.429001" endX="158.589282" endY="42.682919">
                  <LineDesc lineEnd="ROUND" lineWidth="0.254" lineProperty="SOLID" />
                </Line>
                <Line startX="158.081447" startY="43.952508" endX="158.081447" endY="42.429001">
                  <LineDesc lineEnd="ROUND" lineWidth="0.254" lineProperty="SOLID" />
                </Line>
                <Line startX="158.081447" startY="42.429001" endX="158.081447" endY="43.190754">
                  <LineDesc lineEnd="ROUND" lineWidth="0.254" lineProperty="SOLID" />
                </Line>
                <Line startX="158.081447" startY="43.190754" endX="157.065774" endY="43.190754">
                  <LineDesc lineEnd="ROUND" lineWidth="0.254" lineProperty="SOLID" />
                </Line>
                <Line startX="157.065774" startY="43.190754" endX="157.065774" endY="43.952508">
                  <LineDesc lineEnd="ROUND" lineWidth="0.254" lineProperty="SOLID" />
                </Line>
                <Line startX="157.065774" startY="43.952508" endX="157.065774" endY="42.429001">
                  <LineDesc lineEnd="ROUND" lineWidth="0.254" lineProperty="SOLID" />
                </Line>
                <Line startX="156.557939" startY="43.952508" endX="156.557939" endY="42.682919">
                  <LineDesc lineEnd="ROUND" lineWidth="0.254" lineProperty="SOLID" />
                </Line>
                <Line startX="156.557939" startY="42.682919" endX="156.304021" endY="42.429001">
                  <LineDesc lineEnd="ROUND" lineWidth="0.254" lineProperty="SOLID" />
                </Line>
                <Line startX="156.304021" startY="42.429001" endX="155.796186" endY="42.429001">
                  <LineDesc lineEnd="ROUND" lineWidth="0.254" lineProperty="SOLID" />
                </Line>
                <Line startX="155.796186" startY="42.429001" endX="155.542267" endY="42.682919">
                  <LineDesc lineEnd="ROUND" lineWidth="0.254" lineProperty="SOLID" />
                </Line>
                <Line startX="155.542267" startY="42.682919" endX="155.542267" endY="43.952508">
                  <LineDesc lineEnd="ROUND" lineWidth="0.254" lineProperty="SOLID" />
                </Line>
                <Line startX="155.034432" startY="42.429001" endX="155.034432" endY="43.952508">
                  <LineDesc lineEnd="ROUND" lineWidth="0.254" lineProperty="SOLID" />
                </Line>
                <Line startX="155.034432" startY="43.952508" endX="154.272678" endY="43.952508">
                  <LineDesc lineEnd="ROUND" lineWidth="0.254" lineProperty="SOLID" />
                </Line>
                <Line startX="154.272678" startY="43.952508" endX="154.01876" endY="43.698589">
                  <LineDesc lineEnd="ROUND" lineWidth="0.254" lineProperty="SOLID" />
                </Line>
                <Line startX="154.01876" startY="43.698589" endX="154.01876" endY="43.190754">
                  <LineDesc lineEnd="ROUND" lineWidth="0.254" lineProperty="SOLID" />
                </Line>
                <Line startX="154.01876" startY="43.190754" endX="154.272678" endY="42.936836">
                  <LineDesc lineEnd="ROUND" lineWidth="0.254" lineProperty="SOLID" />
                </Line>
                <Line startX="154.272678" startY="42.936836" endX="155.034432" endY="42.936836">
                  <LineDesc lineEnd="ROUND" lineWidth="0.254" lineProperty="SOLID" />
                </Line>
                <Line startX="154.526597" startY="42.936836" endX="154.01876" endY="42.429001">
                  <LineDesc lineEnd="ROUND" lineWidth="0.254" lineProperty="SOLID" />
                </Line>
                <Line startX="152.495253" startY="43.698589" endX="152.749171" endY="43.952508">
                  <LineDesc lineEnd="ROUND" lineWidth="0.254" lineProperty="SOLID" />
                </Line>
                <Line startX="152.749171" startY="43.952508" endX="153.257006" endY="43.952508">
                  <LineDesc lineEnd="ROUND" lineWidth="0.254" lineProperty="SOLID" />
                </Line>
                <Line startX="153.257006" startY="43.952508" endX="153.510925" endY="43.698589">
                  <LineDesc lineEnd="ROUND" lineWidth="0.254" lineProperty="SOLID" />
                </Line>
                <Line startX="153.510925" startY="43.698589" endX="153.510925" endY="42.682919">
                  <LineDesc lineEnd="ROUND" lineWidth="0.254" lineProperty="SOLID" />
                </Line>
                <Line startX="153.510925" startY="42.682919" endX="153.257006" endY="42.429001">
                  <LineDesc lineEnd="ROUND" lineWidth="0.254" lineProperty="SOLID" />
                </Line>
                <Line startX="153.257006" startY="42.429001" endX="152.749171" endY="42.429001">
                  <LineDesc lineEnd="ROUND" lineWidth="0.254" lineProperty="SOLID" />
                </Line>
                <Line startX="152.749171" startY="42.429001" endX="152.495253" endY="42.682919">
                  <LineDesc lineEnd="ROUND" lineWidth="0.254" lineProperty="SOLID" />
                </Line>
                <Line startX="151.987418" startY="43.952508" endX="151.987418" endY="42.429001">
                  <LineDesc lineEnd="ROUND" lineWidth="0.254" lineProperty="SOLID" />
                </Line>
                <Line startX="151.987418" startY="42.429001" endX="151.987418" endY="43.190754">
                  <LineDesc lineEnd="ROUND" lineWidth="0.254" lineProperty="SOLID" />
                </Line>
                <Line startX="151.987418" startY="43.190754" endX="150.971745" endY="43.190754">
                  <LineDesc lineEnd="ROUND" lineWidth="0.254" lineProperty="SOLID" />
                </Line>
                <Line startX="150.971745" startY="43.190754" endX="150.971745" endY="43.952508">
                  <LineDesc lineEnd="ROUND" lineWidth="0.254" lineProperty="SOLID" />
                </Line>
                <Line startX="150.971745" startY="43.952508" endX="150.971745" endY="42.429001">
                  <LineDesc lineEnd="ROUND" lineWidth="0.254" lineProperty="SOLID" />
                </Line>
              </UserSpecial>
            </Features>
            <Features>
              <Xform />
              <Location x="137.775" y="35.200001" />
              <RectCenter width="19.649999" height="4.300002" />
            </Features>
          </Set>
        </LayerFeature>
        <LayerFeature layerRef="Bottom Paste">
          <Set>
            <ColorRef id="LAYER_COLOR_Bottom Paste" />
          </Set>
        </LayerFeature>
        <LayerFeature layerRef="Keep-Out Layer">
          <Set>
            <ColorRef id="LAYER_COLOR_Keep-Out Layer" />
          </Set>
        </LayerFeature>
        <LayerFeature layerRef="Mechanical 1">
          <Set>
            <ColorRef id="LAYER_COLOR_Mechanical 1" />
          </Set>
          <Set net="No Net">
            <Features>
              <UserSpecial>
                <Line startX="5.592" startY="28.324" endX="6.1" endY="26.8">
                  <LineDesc lineEnd="ROUND" lineWidth="0.254" lineProperty="SOLID" />
                </Line>
                <Line startX="6.1" startY="26.8" endX="6.608" endY="28.324">
                  <LineDesc lineEnd="ROUND" lineWidth="0.254" lineProperty="SOLID" />
                </Line>
                <Line startX="6.1" startY="136.800001" endX="6.608" endY="135.276001">
                  <LineDesc lineEnd="ROUND" lineWidth="0.254" lineProperty="SOLID" />
                </Line>
                <Line startX="5.592" startY="135.276001" endX="6.1" endY="136.800001">
                  <LineDesc lineEnd="ROUND" lineWidth="0.254" lineProperty="SOLID" />
                </Line>
                <Line startX="6.1" startY="26.8" endX="6.1" endY="77.051474">
                  <LineDesc lineEnd="ROUND" lineWidth="0.254" lineProperty="SOLID" />
                </Line>
                <Line startX="6.1" startY="85.735726" endX="6.1" endY="136.800001">
                  <LineDesc lineEnd="ROUND" lineWidth="0.254" lineProperty="SOLID" />
                </Line>
                <Line startX="5.846" startY="26.8" endX="25.046" endY="26.8">
                  <LineDesc lineEnd="ROUND" lineWidth="0.254" lineProperty="SOLID" />
                </Line>
                <Line startX="5.846" startY="136.800001" endX="25.046" endY="136.800001">
                  <LineDesc lineEnd="ROUND" lineWidth="0.254" lineProperty="SOLID" />
                </Line>
                <Line startX="25.3" startY="141.699999" endX="26.824" endY="142.207999">
                  <LineDesc lineEnd="ROUND" lineWidth="0.254" lineProperty="SOLID" />
                </Line>
                <Line startX="25.3" startY="141.699999" endX="26.824" endY="141.191999">
                  <LineDesc lineEnd="ROUND" lineWidth="0.254" lineProperty="SOLID" />
                </Line>
                <Line startX="173.776" startY="141.191999" endX="175.3" endY="141.699999">
                  <LineDesc lineEnd="ROUND" lineWidth="0.254" lineProperty="SOLID" />
                </Line>
                <Line startX="173.776" startY="142.207999" endX="175.3" endY="141.699999">
                  <LineDesc lineEnd="ROUND" lineWidth="0.254" lineProperty="SOLID" />
                </Line>
                <Line startX="25.3" startY="141.699999" endX="95.424513" endY="141.699999">
                  <LineDesc lineEnd="ROUND" lineWidth="0.254" lineProperty="SOLID" />
                </Line>
                <Line startX="104.362684" startY="141.699999" endX="175.3" endY="141.699999">
                  <LineDesc lineEnd="ROUND" lineWidth="0.254" lineProperty="SOLID" />
                </Line>
                <Line startX="25.3" startY="137.054001" endX="25.3" endY="141.953999">
                  <LineDesc lineEnd="ROUND" lineWidth="0.254" lineProperty="SOLID" />
                </Line>
                <Line startX="175.3" startY="137.054001" endX="175.3" endY="141.953999">
                  <LineDesc lineEnd="ROUND" lineWidth="0.254" lineProperty="SOLID" />
                </Line>
                <Line startX="7.014154" startY="77.457874" endX="7.014154" endY="77.965709">
                  <LineDesc lineEnd="ROUND" lineWidth="0.1524" lineProperty="SOLID" />
                </Line>
                <Line startX="7.014154" startY="77.965709" endX="7.014154" endY="77.711793">
                  <LineDesc lineEnd="ROUND" lineWidth="0.1524" lineProperty="SOLID" />
                </Line>
                <Line startX="7.014154" startY="77.711793" endX="5.490647" endY="77.711793">
                  <LineDesc lineEnd="ROUND" lineWidth="0.1524" lineProperty="SOLID" />
                </Line>
                <Line startX="5.490647" startY="77.711793" endX="5.490647" endY="77.711793">
                  <LineDesc lineEnd="ROUND" lineWidth="0.1524" lineProperty="SOLID" />
                </Line>
                <Line startX="5.490647" startY="77.711793" endX="5.744566" endY="77.457874">
                  <LineDesc lineEnd="ROUND" lineWidth="0.1524" lineProperty="SOLID" />
                </Line>
                <Line startX="7.014154" startY="78.727463" endX="7.014154" endY="79.235297">
                  <LineDesc lineEnd="ROUND" lineWidth="0.1524" lineProperty="SOLID" />
                </Line>
                <Line startX="7.014154" startY="79.235297" endX="7.014154" endY="78.981381">
                  <LineDesc lineEnd="ROUND" lineWidth="0.1524" lineProperty="SOLID" />
                </Line>
                <Line startX="7.014154" startY="78.981381" endX="5.490647" endY="78.981381">
                  <LineDesc lineEnd="ROUND" lineWidth="0.1524" lineProperty="SOLID" />
                </Line>
                <Line startX="5.490647" startY="78.981381" endX="5.490647" endY="78.981381">
                  <LineDesc lineEnd="ROUND" lineWidth="0.1524" lineProperty="SOLID" />
                </Line>
                <Line startX="5.490647" startY="78.981381" endX="5.744566" endY="78.727463">
                  <LineDesc lineEnd="ROUND" lineWidth="0.1524" lineProperty="SOLID" />
                </Line>
                <Line startX="5.744566" startY="79.997051" endX="5.490647" endY="80.25097">
                  <LineDesc lineEnd="ROUND" lineWidth="0.1524" lineProperty="SOLID" />
                </Line>
                <Line startX="5.490647" startY="80.25097" endX="5.490647" endY="80.758805">
                  <LineDesc lineEnd="ROUND" lineWidth="0.1524" lineProperty="SOLID" />
                </Line>
                <Line startX="5.490647" startY="80.758805" endX="5.744566" endY="81.012723">
                  <LineDesc lineEnd="ROUND" lineWidth="0.1524" lineProperty="SOLID" />
                </Line>
                <Line startX="5.744566" startY="81.012723" endX="6.760235" endY="81.012723">
                  <LineDesc lineEnd="ROUND" lineWidth="0.1524" lineProperty="SOLID" />
                </Line>
                <Line startX="6.760235" startY="81.012723" endX="7.014154" endY="80.758805">
                  <LineDesc lineEnd="ROUND" lineWidth="0.1524" lineProperty="SOLID" />
                </Line>
                <Line startX="7.014154" startY="80.758805" endX="7.014154" endY="80.25097">
                  <LineDesc lineEnd="ROUND" lineWidth="0.1524" lineProperty="SOLID" />
                </Line>
                <Line startX="7.014154" startY="80.25097" endX="6.760235" endY="79.997051">
                  <LineDesc lineEnd="ROUND" lineWidth="0.1524" lineProperty="SOLID" />
                </Line>
                <Line startX="6.760235" startY="79.997051" endX="5.744566" endY="79.997051">
                  <LineDesc lineEnd="ROUND" lineWidth="0.1524" lineProperty="SOLID" />
                </Line>
                <Line startX="7.014154" startY="81.520558" endX="6.760235" endY="81.520558">
                  <LineDesc lineEnd="ROUND" lineWidth="0.1524" lineProperty="SOLID" />
                </Line>
                <Line startX="6.760235" startY="81.520558" endX="6.760235" endY="81.774477">
                  <LineDesc lineEnd="ROUND" lineWidth="0.1524" lineProperty="SOLID" />
                </Line>
                <Line startX="6.760235" startY="81.774477" endX="7.014154" endY="81.774477">
                  <LineDesc lineEnd="ROUND" lineWidth="0.1524" lineProperty="SOLID" />
                </Line>
                <Line startX="7.014154" startY="81.774477" endX="7.014154" endY="81.520558">
                  <LineDesc lineEnd="ROUND" lineWidth="0.1524" lineProperty="SOLID" />
                </Line>
                <Line startX="5.744566" startY="82.790147" endX="5.490647" endY="83.044066">
                  <LineDesc lineEnd="ROUND" lineWidth="0.1524" lineProperty="SOLID" />
                </Line>
                <Line startX="5.490647" startY="83.044066" endX="5.490647" endY="83.5519">
                  <LineDesc lineEnd="ROUND" lineWidth="0.1524" lineProperty="SOLID" />
                </Line>
                <Line startX="5.490647" startY="83.5519" endX="5.744566" endY="83.805819">
                  <LineDesc lineEnd="ROUND" lineWidth="0.1524" lineProperty="SOLID" />
                </Line>
                <Line startX="5.744566" startY="83.805819" endX="6.760235" endY="83.805819">
                  <LineDesc lineEnd="ROUND" lineWidth="0.1524" lineProperty="SOLID" />
                </Line>
                <Line startX="6.760235" startY="83.805819" endX="7.014154" endY="83.5519">
                  <LineDesc lineEnd="ROUND" lineWidth="0.1524" lineProperty="SOLID" />
                </Line>
                <Line startX="7.014154" startY="83.5519" endX="7.014154" endY="83.044066">
                  <LineDesc lineEnd="ROUND" lineWidth="0.1524" lineProperty="SOLID" />
                </Line>
                <Line startX="7.014154" startY="83.044066" endX="6.760235" endY="82.790147">
                  <LineDesc lineEnd="ROUND" lineWidth="0.1524" lineProperty="SOLID" />
                </Line>
                <Line startX="6.760235" startY="82.790147" endX="5.744566" endY="82.790147">
                  <LineDesc lineEnd="ROUND" lineWidth="0.1524" lineProperty="SOLID" />
                </Line>
                <Line startX="5.744566" startY="84.313654" endX="5.490647" endY="84.567573">
                  <LineDesc lineEnd="ROUND" lineWidth="0.1524" lineProperty="SOLID" />
                </Line>
                <Line startX="5.490647" startY="84.567573" endX="5.490647" endY="85.075408">
                  <LineDesc lineEnd="ROUND" lineWidth="0.1524" lineProperty="SOLID" />
                </Line>
                <Line startX="5.490647" startY="85.075408" endX="5.744566" endY="85.329326">
                  <LineDesc lineEnd="ROUND" lineWidth="0.1524" lineProperty="SOLID" />
                </Line>
                <Line startX="5.744566" startY="85.329326" endX="6.760235" endY="85.329326">
                  <LineDesc lineEnd="ROUND" lineWidth="0.1524" lineProperty="SOLID" />
                </Line>
                <Line startX="6.760235" startY="85.329326" endX="7.014154" endY="85.075408">
                  <LineDesc lineEnd="ROUND" lineWidth="0.1524" lineProperty="SOLID" />
                </Line>
                <Line startX="7.014154" startY="85.075408" endX="7.014154" endY="84.567573">
                  <LineDesc lineEnd="ROUND" lineWidth="0.1524" lineProperty="SOLID" />
                </Line>
                <Line startX="7.014154" startY="84.567573" endX="6.760235" endY="84.313654">
                  <LineDesc lineEnd="ROUND" lineWidth="0.1524" lineProperty="SOLID" />
                </Line>
                <Line startX="6.760235" startY="84.313654" endX="5.744566" endY="84.313654">
                  <LineDesc lineEnd="ROUND" lineWidth="0.1524" lineProperty="SOLID" />
                </Line>
                <Line startX="95.830913" startY="140.785845" endX="96.338748" endY="140.785845">
                  <LineDesc lineEnd="ROUND" lineWidth="0.1524" lineProperty="SOLID" />
                </Line>
                <Line startX="96.338748" startY="140.785845" endX="96.084832" endY="140.785845">
                  <LineDesc lineEnd="ROUND" lineWidth="0.1524" lineProperty="SOLID" />
                </Line>
                <Line startX="96.084832" startY="140.785845" endX="96.084832" endY="142.309352">
                  <LineDesc lineEnd="ROUND" lineWidth="0.1524" lineProperty="SOLID" />
                </Line>
                <Line startX="96.084832" startY="142.309352" endX="96.084832" endY="142.309352">
                  <LineDesc lineEnd="ROUND" lineWidth="0.1524" lineProperty="SOLID" />
                </Line>
                <Line startX="96.084832" startY="142.309352" endX="95.830913" endY="142.055433">
                  <LineDesc lineEnd="ROUND" lineWidth="0.1524" lineProperty="SOLID" />
                </Line>
                <Line startX="98.116174" startY="142.309352" endX="97.100502" endY="142.309352">
                  <LineDesc lineEnd="ROUND" lineWidth="0.1524" lineProperty="SOLID" />
                </Line>
                <Line startX="97.100502" startY="142.309352" endX="97.100502" endY="141.547599">
                  <LineDesc lineEnd="ROUND" lineWidth="0.1524" lineProperty="SOLID" />
                </Line>
                <Line startX="97.100502" startY="141.547599" endX="97.608337" endY="141.801517">
                  <LineDesc lineEnd="ROUND" lineWidth="0.1524" lineProperty="SOLID" />
                </Line>
                <Line startX="97.608337" startY="141.801517" endX="97.862255" endY="141.801517">
                  <LineDesc lineEnd="ROUND" lineWidth="0.1524" lineProperty="SOLID" />
                </Line>
                <Line startX="97.862255" startY="141.801517" endX="98.116174" endY="141.547599">
                  <LineDesc lineEnd="ROUND" lineWidth="0.1524" lineProperty="SOLID" />
                </Line>
                <Line startX="98.116174" startY="141.547599" endX="98.116174" endY="141.039764">
                  <LineDesc lineEnd="ROUND" lineWidth="0.1524" lineProperty="SOLID" />
                </Line>
                <Line startX="98.116174" startY="141.039764" endX="97.862255" endY="140.785845">
                  <LineDesc lineEnd="ROUND" lineWidth="0.1524" lineProperty="SOLID" />
                </Line>
                <Line startX="97.862255" startY="140.785845" endX="97.35442" endY="140.785845">
                  <LineDesc lineEnd="ROUND" lineWidth="0.1524" lineProperty="SOLID" />
                </Line>
                <Line startX="97.35442" startY="140.785845" endX="97.100502" endY="141.039764">
                  <LineDesc lineEnd="ROUND" lineWidth="0.1524" lineProperty="SOLID" />
                </Line>
                <Line startX="98.624009" startY="142.055433" endX="98.877928" endY="142.309352">
                  <LineDesc lineEnd="ROUND" lineWidth="0.1524" lineProperty="SOLID" />
                </Line>
                <Line startX="98.877928" startY="142.309352" endX="99.385763" endY="142.309352">
                  <LineDesc lineEnd="ROUND" lineWidth="0.1524" lineProperty="SOLID" />
                </Line>
                <Line startX="99.385763" startY="142.309352" endX="99.639681" endY="142.055433">
                  <LineDesc lineEnd="ROUND" lineWidth="0.1524" lineProperty="SOLID" />
                </Line>
                <Line startX="99.639681" startY="142.055433" endX="99.639681" endY="141.039764">
                  <LineDesc lineEnd="ROUND" lineWidth="0.1524" lineProperty="SOLID" />
                </Line>
                <Line startX="99.639681" startY="141.039764" endX="99.385763" endY="140.785845">
                  <LineDesc lineEnd="ROUND" lineWidth="0.1524" lineProperty="SOLID" />
                </Line>
                <Line startX="99.385763" startY="140.785845" endX="98.877928" endY="140.785845">
                  <LineDesc lineEnd="ROUND" lineWidth="0.1524" lineProperty="SOLID" />
                </Line>
                <Line startX="98.877928" startY="140.785845" endX="98.624009" endY="141.039764">
                  <LineDesc lineEnd="ROUND" lineWidth="0.1524" lineProperty="SOLID" />
                </Line>
                <Line startX="98.624009" startY="141.039764" endX="98.624009" endY="142.055433">
                  <LineDesc lineEnd="ROUND" lineWidth="0.1524" lineProperty="SOLID" />
                </Line>
                <Line startX="100.147516" startY="140.785845" endX="100.147516" endY="141.039764">
                  <LineDesc lineEnd="ROUND" lineWidth="0.1524" lineProperty="SOLID" />
                </Line>
                <Line startX="100.147516" startY="141.039764" endX="100.401435" endY="141.039764">
                  <LineDesc lineEnd="ROUND" lineWidth="0.1524" lineProperty="SOLID" />
                </Line>
                <Line startX="100.401435" startY="141.039764" endX="100.401435" endY="140.785845">
                  <LineDesc lineEnd="ROUND" lineWidth="0.1524" lineProperty="SOLID" />
                </Line>
                <Line startX="100.401435" startY="140.785845" endX="100.147516" endY="140.785845">
                  <LineDesc lineEnd="ROUND" lineWidth="0.1524" lineProperty="SOLID" />
                </Line>
                <Line startX="101.417105" startY="142.055433" endX="101.671023" endY="142.309352">
                  <LineDesc lineEnd="ROUND" lineWidth="0.1524" lineProperty="SOLID" />
                </Line>
                <Line startX="101.671023" startY="142.309352" endX="102.178858" endY="142.309352">
                  <LineDesc lineEnd="ROUND" lineWidth="0.1524" lineProperty="SOLID" />
                </Line>
                <Line startX="102.178858" startY="142.309352" endX="102.432777" endY="142.055433">
                  <LineDesc lineEnd="ROUND" lineWidth="0.1524" lineProperty="SOLID" />
                </Line>
                <Line startX="102.432777" startY="142.055433" endX="102.432777" endY="141.039764">
                  <LineDesc lineEnd="ROUND" lineWidth="0.1524" lineProperty="SOLID" />
                </Line>
                <Line startX="102.432777" startY="141.039764" endX="102.178858" endY="140.785845">
                  <LineDesc lineEnd="ROUND" lineWidth="0.1524" lineProperty="SOLID" />
                </Line>
                <Line startX="102.178858" startY="140.785845" endX="101.671023" endY="140.785845">
                  <LineDesc lineEnd="ROUND" lineWidth="0.1524" lineProperty="SOLID" />
                </Line>
                <Line startX="101.671023" startY="140.785845" endX="101.417105" endY="141.039764">
                  <LineDesc lineEnd="ROUND" lineWidth="0.1524" lineProperty="SOLID" />
                </Line>
                <Line startX="101.417105" startY="141.039764" endX="101.417105" endY="142.055433">
                  <LineDesc lineEnd="ROUND" lineWidth="0.1524" lineProperty="SOLID" />
                </Line>
                <Line startX="102.940612" startY="142.055433" endX="103.194531" endY="142.309352">
                  <LineDesc lineEnd="ROUND" lineWidth="0.1524" lineProperty="SOLID" />
                </Line>
                <Line startX="103.194531" startY="142.309352" endX="103.702366" endY="142.309352">
                  <LineDesc lineEnd="ROUND" lineWidth="0.1524" lineProperty="SOLID" />
                </Line>
                <Line startX="103.702366" startY="142.309352" endX="103.956284" endY="142.055433">
                  <LineDesc lineEnd="ROUND" lineWidth="0.1524" lineProperty="SOLID" />
                </Line>
                <Line startX="103.956284" startY="142.055433" endX="103.956284" endY="141.039764">
                  <LineDesc lineEnd="ROUND" lineWidth="0.1524" lineProperty="SOLID" />
                </Line>
                <Line startX="103.956284" startY="141.039764" endX="103.702366" endY="140.785845">
                  <LineDesc lineEnd="ROUND" lineWidth="0.1524" lineProperty="SOLID" />
                </Line>
                <Line startX="103.702366" startY="140.785845" endX="103.194531" endY="140.785845">
                  <LineDesc lineEnd="ROUND" lineWidth="0.1524" lineProperty="SOLID" />
                </Line>
                <Line startX="103.194531" startY="140.785845" endX="102.940612" endY="141.039764">
                  <LineDesc lineEnd="ROUND" lineWidth="0.1524" lineProperty="SOLID" />
                </Line>
                <Line startX="102.940612" startY="141.039764" endX="102.940612" endY="142.055433">
                  <LineDesc lineEnd="ROUND" lineWidth="0.1524" lineProperty="SOLID" />
                </Line>
              </UserSpecial>
            </Features>
          </Set>
        </LayerFeature>
        <LayerFeature layerRef="Mechanical 13">
          <Set>
            <ColorRef id="LAYER_COLOR_Mechanical 13" />
          </Set>
        </LayerFeature>
        <LayerFeature layerRef="Drill Drawing (Top Layer - Bottom Layer)">
          <Set>
            <ColorRef id="LAYER_COLOR_Drill Drawing (Top Layer - Bottom Layer)" />
          </Set>
        </LayerFeature>
        <LayerFeature layerRef="Drill Guide (Top Layer - Bottom Layer)">
          <Set>
            <ColorRef id="LAYER_COLOR_Drill Guide (Top Layer - Bottom Layer)" />
          </Set>
        </LayerFeature>
      </Step>
    </CadData>
  </Ecad>
</IPC-2581>